Body_Temperature,Activity_Level,Feed_Intake,Water_Intake,Milk_Yield,Weight_Change,Respiration_Rate,Cough_Frequency,Fatigue_Index,Appetite_Score,Ambient_Temperature,Relative_Humidity,Ammonia_Level,Air_Quality_Index,Ventilation_Rate,Barn_Cleanliness,Stocking_Density,Floor_Wetness,Age,Breed,Sex,Reproductive_Status,Herd_Size,Farm_Type,Feeding_System,Biosecurity_Score,Quarantine_Practice,Sanitation_Frequency,Animal_Movement_Rate,Visitor_Control,Previous_bTB_Exposure,Tuberculin_Test_Result,Time_Since_Last_Test,Disease_Incidence_Rate,Vaccination_Status,Monitoring_Day,Season,Infection_Risk_Level
38.99802849180674,0.5256851913005021,22.273517334776066,39.4682275465273,16.921013182786556,1.1149088197632693,31.38698922428498,2,0.7667784245332432,Poor,32.42612386783889,53.88554709541882,14.507090132846432,90.81723887310366,5.356248178458553,Moderate,2.228038391364602,Semi-wet,5,Brown Swiss,Female,Dry,418,Smallholder,Grazing,49.31543871093634,0,2,5.094363431624662,0,0,Negative,17.517721216484468,7.490771370008335,0,150,Monsoon,0
38.617041419297294,0.2528078753121933,20.416483558354074,42.460482936027645,25.647685402034522,-0.6676783598840371,21.029492198941533,3,0.5849210947248297,Reduced,25.22488744968584,75.0229138214885,20.484789401492172,126.28516453057635,4.333015537412328,Clean,9.948719977812146,Semi-wet,3,Local,Male,Lactating,371,Smallholder,Mixed,88.94007910905827,1,7,3.4952250400894584,1,0,Negative,11.392819688851514,2.7553781912760655,0,270,Winter,0
39.088613122860416,0.4790564271755835,27.214555008419154,37.46137886309039,17.467006701196304,1.6785195434470124,41.998098509516126,4,0.08616669340141503,Normal,32.528374939486376,60.587476450563315,25.596747919164216,62.490928226283216,2.030079605607214,Moderate,4.491145446540123,Dry,3,Local,Male,Lactating,118,Commercial,Mixed,73.20735927332784,0,1,3.2485485423645803,0,0,Negative,11.60800096625111,3.31832217688187,1,80,Winter,1
39.61381791384482,0.2887984790330519,12.082223107441104,48.82653551477492,21.388080072437933,1.504683361487268,35.7755671694425,3,0.8485861892000055,Normal,24.96518276299432,55.81589185053339,10.042194419131413,69.15229944205393,8.925502368087978,Moderate,9.014119259882982,Wet,10,Holstein,Male,Dry,479,Smallholder,Mixed,87.4802905522036,1,4,0.5202002318604961,0,1,Unknown,23.494156476018915,1.8606562425178028,0,127,Monsoon,1
38.559507975166,0.8465881680073777,23.036932959147194,56.24932545303241,30.68166487832188,-0.045323111424192736,28.075454617601885,5,0.547018614776702,Poor,27.654529950776837,86.95288293951657,13.20865902146569,105.84646424364729,7.905529010342235,Clean,5.627795631367047,Wet,3,Brown Swiss,Male,Lactating,209,Commercial,Grazing,65.47229357042153,1,4,3.9416683796765737,0,1,Negative,14.143616652388438,2.2019039477621547,1,224,Winter,1
38.5595178258305,0.9581504207715767,22.58576348160291,27.57228026118959,18.034994585139124,-0.8771680854874004,33.20436695798786,1,0.921592310013318,Normal,37.74908510401293,53.140043864406955,24.561098101809563,100.07480192678986,10.096445401971156,Clean,7.305007208439992,Wet,4,Holstein,Female,Lactating,296,Smallholder,Confined,81.23720137206605,0,5,0.935334311368516,1,1,Unknown,3.689167925032649,0.5653484171008976,1,326,Monsoon,1
39.64752768930444,0.2578531802063509,14.106484647891861,49.094385306422524,12.562064457562833,-1.6592418388744357,18.17918881413525,2,0.9166233736781126,Normal,27.60860995470132,59.91288100483281,24.660803594886602,76.639715397669,2.410107734509805,Clean,3.928721196298838,Semi-wet,11,Brown Swiss,Female,Dry,415,Commercial,Confined,12.033599884460756,1,5,3.1304481495472904,0,0,Negative,10.976350724706998,2.8136804157266115,1,273,Winter,1
39.16046083749175,0.9640921658333612,22.02853334589264,42.233282282808545,15.684716848779338,-0.25634526404928687,43.14023998839735,2,0.9205077894865824,Normal,26.620684535033163,59.1145394260386,19.799079393589366,90.83432435051586,11.286556447333203,Poor,6.023002615816176,Semi-wet,5,Brown Swiss,Male,Dry,452,Commercial,Confined,96.82946892126652,0,4,3.5558124789341647,0,1,Negative,13.910481731104793,2.799276366751269,1,257,Summer,1
38.41831536843903,0.6180612794693962,19.344579852104914,46.13394391966689,27.96579296012574,0.6546383795562685,24.458712326797063,2,0.07778520020046797,Normal,27.699736956619248,52.05991728356241,28.867560703463614,53.498127805665305,5.308869400603656,Clean,4.061209539400216,Semi-wet,4,Brown Swiss,Female,Dry,276,Smallholder,Grazing,18.09792226418151,1,7,5.051256758946742,1,0,Unknown,1.8617095244652144,1.004563135404761,0,146,Summer,0
39.025536026151585,0.43965254236309914,17.09009496018637,49.58994001674291,23.528386824281256,-0.6862652915609619,27.277015516603843,3,0.12095776175452344,Reduced,25.348752388352995,50.873836990520836,19.461647060149268,53.70381079943741,11.130698625057939,Clean,9.60867105012083,Wet,9,Jersey,Female,Lactating,222,Commercial,Confined,2.4502767897627953,0,7,4.838682381658781,0,0,Positive,9.386026662000726,3.053584147144912,1,75,Summer,1
38.421949384312526,0.26148966022093084,14.704258052112001,43.11797561227179,21.226735727867478,-3.496251507893045,16.864400276869382,2,0.9877058097161979,Normal,21.993222111974262,55.119000940670176,31.439667962412,59.492700282487164,3.0713148206753953,Poor,2.4875632993299703,Semi-wet,4,Local,Female,Dry,458,Smallholder,Confined,53.080737494428455,0,2,1.1406336759605011,1,0,Negative,23.25981703409558,2.7603745227502836,1,11,Monsoon,0
38.42056214785785,0.6004994144563343,15.123562194203256,43.964131465942195,18.94543716813058,1.7030708418648557,30.917723828445368,2,0.487600821398706,Reduced,37.29574096376254,83.21180849655904,27.077102926158364,107.67924532005605,9.439205814696411,Clean,4.197391420038779,Dry,11,Local,Male,Lactating,44,Smallholder,Grazing,71.19122628157743,0,3,5.497150441875968,0,1,Positive,18.27997409106499,6.4929094532661535,1,92,Winter,1
38.84517736293962,0.8356124355925989,26.199248383143704,42.86124832445361,24.91215944531914,0.08533483276734061,21.361935057537345,5,0.23821405282914765,Poor,24.968378860154946,78.35414436146453,14.440845899100239,136.37164146131536,7.793582314323266,Moderate,9.14487101239903,Semi-wet,7,Local,Female,Pregnant,194,Smallholder,Grazing,71.64184342504875,1,2,0.016527197647149938,0,0,Unknown,9.559509055802982,1.6718501216609503,0,268,Summer,1
37.55203185320532,0.7656691818133585,18.00273127582993,54.70316201788282,16.90537089405866,-0.7694367450152508,28.609934569396174,2,0.769664488498658,Normal,19.38761173894778,74.04997570800262,16.857620254536663,76.02232892595751,5.58191215252584,Clean,5.84028766005827,Wet,10,Brown Swiss,Female,Pregnant,220,Smallholder,Confined,33.9232845156053,0,2,1.9807537263492792,0,0,Negative,7.028570683847413,5.938118641198109,1,162,Monsoon,0
37.665049300492186,0.240180809171179,21.128520006125836,49.18759960127497,23.833993411855577,1.0857375826349327,24.734353402452772,2,0.264285221212482,Normal,26.222967953470782,62.85514963212467,25.03060057309537,53.39398297234202,2.791423959330193,Poor,6.80067289523336,Dry,11,Brown Swiss,Male,Lactating,314,Commercial,Grazing,75.38318364013182,1,4,0.39819879975604056,0,0,Negative,7.512505136027766,1.4748973195019568,1,80,Monsoon,0
38.362627482455416,0.25832146829432284,14.836402473329787,47.20583537737361,17.61247258712226,2.0869578947241343,21.53353639041794,3,0.7272156880186423,Normal,28.78436656658946,65.38769923163017,31.833578564704737,120.86271020523125,8.047365098467406,Moderate,7.21354697196514,Semi-wet,5,Jersey,Male,Lactating,302,Smallholder,Grazing,84.25600543729226,1,2,4.325789637297839,0,1,Negative,20.05353470393503,4.221753774090072,0,202,Winter,1
38.09230132779935,0.5222986261061098,14.880588215113445,32.290482789077174,16.614043688349675,-4.402867354231837,23.173830989424296,1,0.8372857778497611,Poor,25.96102197913904,53.35694227467302,10.361261981105262,135.53522390050665,2.2643988307391307,Moderate,2.567420094188507,Dry,10,Local,Female,Dry,112,Commercial,Grazing,61.00117423734292,1,7,3.001349471307127,1,1,Negative,10.23742050787242,6.02287954085388,0,250,Monsoon,1
38.888548399557166,0.43623239523835466,22.327939236999768,41.214202567868455,18.17507539104993,0.45139547488310733,29.354728204513126,3,0.7842633772952806,Normal,26.756279509577336,43.71579569179588,20.439906162259405,63.817278526310176,7.012820991460075,Clean,2.1419099272686806,Wet,9,Local,Female,Lactating,69,Commercial,Mixed,38.59920072200983,0,3,1.0496585808812449,0,0,Negative,20.39302100504893,5.048417647726241,1,245,Monsoon,0
38.15518555468728,0.3859074584448383,12.601695153793871,53.98669160339174,19.74755532109623,-2.339973816215521,20.311054162787052,1,0.2740478081979354,Normal,26.180485449874148,56.55202783602411,8.563532639731301,88.57476959404002,8.04208575793655,Clean,9.502728413690452,Semi-wet,9,Jersey,Male,Lactating,238,Smallholder,Mixed,61.357458416621405,1,7,0.5107849369893709,1,1,Unknown,21.901104063975133,5.344078116085393,1,254,Winter,1
37.85261777919883,0.4248035991269709,16.339144928378914,45.37696573123923,21.70702098439778,0.548665760198412,23.50712997385854,2,0.40161857407923707,Reduced,29.12768396348014,64.77918779961831,13.383654659603936,65.87368405902048,9.32523747287522,Moderate,4.172022762375046,Semi-wet,8,Local,Female,Dry,458,Smallholder,Confined,86.22304003513234,1,4,1.3565053123652002,1,1,Negative,11.676580952624192,2.0477805297193292,0,103,Summer,1
39.57938926135294,0.8427861946375077,18.13610964428893,51.59531469589138,23.412734770666685,-0.008109196438131128,31.979640287586868,2,0.41325100323327635,Normal,31.094889289673002,42.86565232596662,25.57944077879727,60.63574306093652,11.91334634224846,Clean,5.042504883484231,Semi-wet,6,Holstein,Male,Lactating,175,Smallholder,Confined,90.04717608370136,1,2,5.5245086819781,1,1,Negative,22.741265838126633,6.705520435413447,0,218,Winter,1
38.56453421970808,0.9433824429054831,18.44549040736021,62.66511800327633,-0.13019174857066673,0.753589789660825,43.61487924924588,2,0.4912729181044718,Poor,26.03767998263953,44.41166510285532,7.3320390574448515,114.81685384743744,4.600937135077649,Moderate,7.456745365788397,Wet,11,Holstein,Female,Pregnant,76,Smallholder,Grazing,3.1516627129498542,1,5,4.065928431097259,1,0,Unknown,7.898881986841685,7.640858591100126,0,298,Summer,0
38.74051692281276,0.5240821556220532,17.283626859935374,55.386060692088165,17.15409665351941,-0.9488714217419829,30.865532917318028,2,0.16737285154013604,Poor,39.94823174167773,53.15126164422836,24.870757456665423,146.75364761781313,5.223898213734751,Moderate,3.89043101658177,Wet,6,Jersey,Male,Lactating,250,Commercial,Confined,12.239855838097558,1,6,1.4534440959647055,0,1,Negative,6.980473552729006,1.6577708105131634,1,234,Summer,1
37.845151088271926,0.9248888017059977,19.583279124383694,45.93158337699742,19.650580135863763,-3.009860167728728,22.496430146936277,5,0.4524700504143424,Normal,32.2044582195572,58.354018679638074,32.02433362835891,117.81656256207623,5.4114534680899204,Moderate,7.864570961340146,Wet,2,Local,Male,Dry,357,Commercial,Mixed,0.4514047927874465,0,2,5.36246771105002,1,0,Negative,3.4679454271841714,7.162003670756887,1,142,Summer,1
38.37337036528489,0.4571965609983056,20.771423023271247,39.890108298042726,31.03037223164998,-0.8755522868850021,25.797314979566135,3,0.5107829905154797,Reduced,26.97271689093428,59.66584055593526,34.081108730553986,148.48146628076182,9.31582711858835,Clean,5.66593745730616,Dry,7,Jersey,Female,Lactating,226,Commercial,Confined,49.244218235982096,0,6,0.8189680320808719,1,1,Negative,6.653493576732073,3.4826870413585462,1,241,Summer,1
38.76655355382592,0.5811495890750333,20.93855018183732,19.464504039441017,15.519984349707208,0.41027145270967463,28.189534036915468,0,0.5317089965810524,Normal,20.40782684417689,45.894303314400254,11.498966030765466,93.43952760702913,11.318192682561138,Moderate,8.85287844229913,Dry,9,Jersey,Male,Lactating,291,Smallholder,Confined,43.63909274802632,1,7,4.130651583680837,0,1,Negative,18.771034883719512,5.741264086697982,0,83,Monsoon,1
38.00940385354662,0.3808231982527998,14.056784765328693,43.316150775271474,22.976779708599476,1.323088493012835,25.903450296185756,1,0.8199004299844582,Reduced,27.571363299643416,51.29106772673944,27.466938698236277,139.786978882736,11.743237495815588,Moderate,4.228325086123859,Wet,9,Jersey,Female,Lactating,234,Smallholder,Mixed,54.580166179171584,0,6,2.5490727419362043,0,1,Negative,10.287115352074688,4.300404265786314,1,354,Summer,1
38.925418811007404,0.7123808337406752,16.863379608284813,41.73987504183151,30.970181858415025,-1.9577469507087877,33.4183490004216,1,0.5173344984794952,Reduced,31.069428243564346,53.082362603180435,32.79111346116589,70.50842246663046,11.45811366558129,Clean,3.6305798437063883,Wet,2,Local,Female,Pregnant,497,Smallholder,Mixed,68.36467319672765,0,6,1.6098968565879632,1,0,Negative,4.4077462510967145,6.450044730413313,1,128,Monsoon,0
38.33961678604872,0.9831848921398472,22.77905144750775,48.90366194395376,14.122188820316364,1.3405906403095262,29.30484089808535,0,0.2307839225136752,Normal,31.10775086590118,43.38174381006231,7.74107932548308,61.79043670107931,10.793830077152434,Moderate,8.653506830998976,Dry,9,Jersey,Female,Dry,203,Commercial,Grazing,36.57837419379027,1,4,1.5738446066909015,1,0,Negative,3.4617246939303477,0.8396191326587963,1,285,Winter,0
38.524983750124036,0.682794476834703,21.578588750295488,43.460947730253125,24.363851355186412,-1.171808434469782,33.447114309459224,2,0.6631287382441872,Normal,17.736698380138233,56.30498502948487,17.420708254676157,120.25200509124363,11.90977373820631,Clean,4.610608519942669,Dry,7,Local,Female,Pregnant,310,Smallholder,Grazing,20.85772687633454,0,4,3.0048200778908747,0,1,Negative,12.275558793897401,2.9276508600448596,1,28,Summer,1
38.338976032662366,0.4862512672908391,12.508562194075743,41.79614940563206,17.18636899639288,0.34367482239178976,26.113337258214223,4,0.7973141440866252,Poor,27.576807880666138,43.611078637775364,32.58229300616498,87.14083308626358,5.759457268344969,Moderate,5.29494916800404,Dry,5,Holstein,Female,Pregnant,431,Commercial,Grazing,39.48203783856599,0,6,5.588960334413525,1,0,Negative,13.405151641337692,0.8561501660154048,0,240,Summer,1
39.81136691070537,0.7182539567924227,19.405919601408808,27.206010694927794,18.972197546264592,-0.9648409292984492,35.95300131832754,3,0.31937166643826176,Normal,24.597066520443846,75.17289215548351,11.083624947644903,81.76876027471016,11.483213199987064,Poor,8.349662661503945,Dry,5,Jersey,Male,Dry,321,Smallholder,Confined,0.9011000686818371,0,5,4.453945314613681,1,1,Negative,19.274765076951685,7.5627482469611,0,241,Summer,1
38.69190166515724,0.2983365427723101,10.087099002500759,35.60032170849934,17.181334996280114,0.07325594156815252,27.001086494310726,0,0.6453059290176052,Reduced,34.48598084382573,59.30238832786552,33.012820513635255,117.1280577997658,9.610199623959115,Clean,7.0846122989966,Semi-wet,6,Jersey,Female,Dry,86,Commercial,Confined,82.9446676855593,0,4,3.9727125757768826,1,1,Negative,17.440585984728894,1.7761330134228754,0,344,Summer,1
38.06537344262646,0.910927264212319,18.18773960824148,49.76651040800557,17.608856149504685,1.137816451855412,22.17286078517205,1,0.14693799594601265,Normal,27.61839635597559,56.33761946891873,20.815762132633353,83.3484041769488,3.6845985952797826,Clean,5.5338071234581525,Dry,8,Local,Female,Pregnant,266,Smallholder,Confined,38.37262997469434,1,7,5.253125264390822,1,1,Negative,4.843644147862866,3.6842372350051455,1,92,Summer,1
39.193526947261915,0.6024671606238692,25.591068066983908,62.15907631132694,38.331472887438956,-2.040521115932804,41.06392228625333,3,0.34192630457806406,Normal,15.578953453568662,46.32610857518034,7.996792476126671,107.25581722485214,2.4546518787720233,Clean,3.999124071236464,Dry,2,Holstein,Female,Pregnant,35,Smallholder,Mixed,62.27883424486998,0,6,3.4220153628958583,0,1,Unknown,7.368404959106168,5.310846108741917,1,106,Winter,1
37.96749381001739,0.5594797936317137,14.208429130924054,44.024746162543764,27.066735232429995,-1.2198588451202472,17.0501335182333,3,0.9092239295496342,Reduced,28.84163499327322,51.32518277224479,18.49631950266545,79.94551062613044,4.144839578703222,Moderate,8.113607750814115,Wet,3,Local,Male,Lactating,354,Commercial,Confined,32.47256225064344,0,6,1.1516147147467768,0,0,Negative,16.956576972755784,3.9612593643405614,0,236,Summer,0
38.825318157002854,0.6686918307628154,14.662707818033672,48.27811073574124,28.610427170717255,0.07744388101312993,23.567567648170435,2,0.9113081631625708,Normal,17.25059378828717,51.63526044695618,14.787835864011987,128.37575882112515,9.787511242876262,Moderate,3.4434482759204563,Dry,10,Brown Swiss,Male,Dry,230,Commercial,Mixed,61.48123888399811,1,1,5.863000803067518,0,0,Negative,5.153174131478008,4.524067431995247,0,122,Winter,0
37.52419792567214,0.699827090231522,21.05611912629144,54.52478156952805,24.951960921018976,3.402375491545528,24.237832889017632,1,0.5753245787430636,Reduced,29.250579204575992,89.26021074366514,13.466124816554249,81.23883404953153,8.316968812258843,Clean,9.426236804691424,Semi-wet,7,Local,Male,Pregnant,93,Commercial,Confined,54.04353935887133,0,7,3.2084640399194058,1,0,Negative,19.47415948244468,2.0301316911632408,1,76,Winter,0
37.903088370660946,0.2574206449812104,11.828793939161416,36.891060637997505,12.362459269588252,-1.494784568250242,43.04983763833938,1,0.7023514608651067,Normal,39.935991214193834,81.76746897542466,21.244267269010514,103.49941444962201,4.243562573466852,Moderate,3.2025285529839778,Dry,3,Holstein,Male,Lactating,392,Commercial,Confined,20.855932988566217,1,4,1.8917577771295055,0,0,Unknown,16.11922509986936,1.0027178712367089,1,339,Winter,0
38.81811674152148,0.7460937769787219,15.468979880459845,48.66814043285442,24.369747821939843,2.860200828995378,38.84115330487907,0,0.8540154152059414,Normal,33.80173077525299,40.76311458167158,19.507780722556102,52.317608369701176,9.419214544713594,Moderate,8.439469535578368,Semi-wet,1,Holstein,Female,Pregnant,324,Commercial,Mixed,62.532402484456995,0,2,4.66902379371633,0,1,Positive,13.33587321679462,2.43041289789673,1,262,Monsoon,1
39.14307994799725,0.3935453442524237,20.38576455032701,37.59509893667841,28.43757768704408,2.806634955512756,36.96356886185319,3,0.9585531853126267,Poor,28.294139466860106,70.84182953842398,19.459014788602758,129.17307833583928,3.41322239438203,Poor,5.39399093382507,Dry,6,Jersey,Female,Pregnant,471,Commercial,Mixed,10.962241935614204,0,3,2.783973843867665,1,0,Negative,15.81788068089823,2.8786738172225648,1,258,Monsoon,1
38.80282096871399,0.7711621060052718,15.462856609242387,53.648244384910114,16.87960315576533,-0.34596672605238676,26.01604802574201,2,0.48988644028976946,Normal,23.70269810737705,52.79550482109619,7.644251933093459,112.0337774821976,10.218413938586945,Moderate,3.4880498634680963,Dry,7,Local,Male,Dry,425,Commercial,Mixed,48.10858468283544,0,2,0.07477018848541817,1,0,Negative,3.2934598778281083,3.6186041019157837,0,53,Summer,0
38.63061103056706,0.8580278355073574,17.056120051156114,46.514030479517324,27.79196000296676,-0.6472287892998505,42.55706802305065,2,0.5615757366260343,Poor,33.370826402966486,45.21884644097921,29.0695454308141,69.22370669928956,9.94160975970732,Clean,5.219031505894169,Dry,9,Local,Male,Pregnant,37,Commercial,Grazing,71.98780589892921,0,4,1.9196779511013795,1,0,Negative,13.604506952796237,2.7196262754702913,1,256,Winter,0
38.51933778264643,0.8431668060420163,20.976742841260137,47.9845181398144,26.226017259124475,-1.2380977979970376,30.210112023045827,3,0.41564156664783025,Poor,30.17945199866468,75.27998815598774,19.443179460673857,71.53733760910251,11.725759707060483,Poor,3.7724145295994687,Wet,1,Brown Swiss,Male,Dry,41,Commercial,Grazing,54.90627218326598,1,6,2.743163535468142,1,0,Negative,11.37989415333155,0.7685822585364994,0,359,Winter,0
37.81288680577955,0.6420007739263114,19.686184334146244,37.17401402581411,33.11224026888202,-0.30230379549900366,33.86358022181874,1,0.07198193705642875,Poor,25.665797290896815,46.58027747341746,29.627174861056226,76.24929185048221,3.5027956462931815,Clean,3.087949206686779,Semi-wet,11,Holstein,Male,Pregnant,125,Commercial,Confined,74.62710674543588,1,7,2.2357225806096155,0,1,Negative,12.798194141958891,1.2095597386212615,0,287,Summer,1
38.26809347496318,0.6161359138486009,19.067273585181606,52.07032359610785,19.49330192491829,-2.3100791488393373,29.07817228663724,1,0.42280347244881844,Poor,24.306201872545195,62.18703897648678,29.73783924652851,107.65301045955619,11.066129944146002,Moderate,3.913243191444468,Dry,9,Local,Female,Lactating,138,Commercial,Confined,27.3162587695178,0,1,3.3104707308505033,1,0,Negative,8.766340101278349,5.553637695703749,0,37,Summer,0
38.42361673742413,0.3143007690715294,16.643510882919845,65.84712921231016,15.41433410634564,-0.3143585259808964,27.703200572060492,3,0.7906273393830772,Normal,22.46630518348182,71.60825824199621,14.514059745441296,104.8316333093023,5.411026637218385,Moderate,8.939187780306021,Wet,10,Brown Swiss,Male,Dry,35,Smallholder,Confined,4.881852999050906,1,2,1.1001580854232254,1,0,Negative,11.76806982506104,0.9736500652620912,1,184,Winter,0
39.33427333573135,0.8202769203225084,19.48024446107582,34.92088304571794,19.830231343764726,2.0453204107762843,26.489327956441723,3,0.8048854979915286,Poor,28.87341975714578,67.72473780774943,5.130389114228371,77.38637196418894,6.160598647953116,Clean,2.8475390998385937,Dry,7,Local,Female,Dry,203,Commercial,Grazing,5.597037763637969,1,3,3.4346153663360672,0,1,Negative,21.314744393624103,0.8466020123552707,1,118,Monsoon,1
38.90617097374108,0.4171275043573715,17.505069279600974,41.60240992352476,30.61342595898174,-1.1166275937150765,26.742160039485025,3,0.8923771145932997,Normal,24.9161836138917,88.88145491513714,32.337370323743556,119.40622919770037,6.684450628867695,Clean,9.780316702143125,Wet,8,Holstein,Female,Lactating,22,Commercial,Confined,26.872548532538154,0,6,5.919139746122255,0,1,Negative,8.931633006067413,6.588396784343095,0,168,Winter,1
37.64217590678236,0.5973563382543572,19.83122243970314,47.31607474168092,11.029564714948222,-0.5610864559835762,31.650949892068475,1,0.051466705175969074,Normal,27.839239180388915,79.28713065612612,27.82084079258721,138.90411659337312,8.269040532025558,Clean,2.0399876295014145,Dry,3,Jersey,Male,Dry,142,Commercial,Mixed,40.76670921460909,1,2,4.522872150317724,0,1,Negative,2.033519218783269,0.8093260300721007,1,140,Summer,1
38.89445038163688,0.4274192743420134,16.012271899528088,52.86406211995816,9.589745707413806,-2.7517107114008628,30.20319879265233,0,0.5271545895806339,Normal,31.63883945519088,78.70966880637448,8.217558704704134,54.35154776535385,11.947633701180427,Clean,7.265905235129945,Semi-wet,5,Local,Female,Lactating,262,Commercial,Mixed,53.75052053757877,1,5,4.107295694221197,0,1,Negative,6.899076214247558,1.0155002180795925,0,249,Winter,1
38.46895063175021,0.30706269039975453,17.269724102481835,39.40453714710531,22.53637167358968,0.3610931321965653,27.811171778777897,3,0.10742448793707626,Normal,24.791458145944386,57.77976970405156,26.05181102009304,91.71966378226814,7.9995880305523315,Clean,8.852095878704688,Dry,3,Holstein,Female,Dry,456,Commercial,Grazing,75.76612947379454,1,1,1.20366034259109,1,0,Negative,11.450361945103054,4.62134500841912,0,55,Summer,0
38.29384679981643,0.7036461575133892,14.040168829791945,16.6696970985726,19.344464243355063,0.19672252742706087,37.05714395619313,2,0.20074218316574333,Reduced,30.225498881004157,40.419774604207085,5.600698060066418,109.35201185448099,11.267158650404072,Moderate,9.471661185014113,Semi-wet,7,Holstein,Male,Dry,310,Smallholder,Mixed,83.96094834925405,0,4,3.490643646795485,0,1,Unknown,13.27028291810543,3.8213331642221227,1,225,Monsoon,1
39.06700577330452,0.24346562785832307,17.859969559975056,58.59189494164025,22.04636735905411,-0.10444646035134365,10.199481587555617,2,0.9002165023806065,Normal,33.111646027762006,76.7205464835344,5.832772076620954,108.64352035369994,4.55028202084723,Clean,3.1518847476540364,Semi-wet,2,Holstein,Female,Dry,124,Smallholder,Mixed,69.36809738974252,0,7,4.9180509340801875,0,1,Negative,10.824404663262815,7.73338916524998,1,185,Winter,1
39.318599713497576,0.79891618730096,14.75599654548462,52.60506119584143,27.671870627415192,-0.525240575333215,31.05932348752717,3,0.49679125842969585,Normal,28.97590309786678,89.98660421478363,20.774697187935274,51.953534698951074,5.984116618151496,Clean,7.5856679716187205,Dry,6,Brown Swiss,Male,Dry,122,Commercial,Confined,46.32089547226834,0,2,1.4438306501419367,0,1,Negative,20.012079469229928,7.52634991220047,0,173,Summer,1
39.258768071469724,0.45406943620889334,13.543814199352028,27.57052469513335,18.684583923286887,-0.6391368781586821,32.30643223995388,2,0.7585449208966136,Normal,30.49783307425772,60.29395538718078,7.881122877090398,71.0566065848605,7.044995294385808,Clean,2.8587937292451784,Dry,10,Brown Swiss,Male,Pregnant,227,Commercial,Mixed,26.448701587175805,0,2,0.5207092443542314,0,0,Negative,22.048977111389174,5.451639977105958,1,25,Winter,1
38.19646948606642,0.20010775440358827,19.034644591421554,38.92431208220444,10.761965014416276,0.5528503505510078,34.881777209531016,6,0.06438410592868082,Normal,29.01319748909006,89.27592494785587,33.930095674547566,56.18307213121216,5.229019897866707,Clean,4.820891950995469,Wet,2,Jersey,Male,Pregnant,488,Commercial,Mixed,42.78023248739267,0,7,3.970588221711599,0,0,Negative,12.196416880312453,1.0390057081428248,0,170,Monsoon,1
38.514472574489275,0.6089033113897839,18.85095910343064,60.68182429527326,34.266889343199665,-0.24322490238293498,27.610771353679834,1,0.416826503924852,Reduced,27.081310173445573,47.08540547671732,31.814936799507876,106.89650725499341,11.7686710296433,Clean,7.855410860055949,Wet,9,Local,Female,Pregnant,168,Commercial,Grazing,27.33961519128325,0,2,4.0415289064788285,0,0,Unknown,2.745235111329041,4.273925627269245,1,146,Winter,0
38.89875805884214,0.2374815268220825,21.13149493979429,59.47796418457866,16.016630275367344,0.27245780733299824,29.247520404303746,3,0.6742402806643377,Normal,31.185691688590595,54.82561758183587,24.494360937436543,114.53898876694672,9.256835538972272,Clean,4.767785809304535,Semi-wet,6,Brown Swiss,Female,Dry,212,Smallholder,Mixed,62.446261387099455,0,2,4.826334521752621,1,0,Unknown,10.682708620493091,0.8380008633028536,1,158,Summer,0
39.28532707627342,0.4209356462567196,16.275497721699605,54.38640022678945,15.645777267927414,0.12247422618182191,33.915690299888325,3,0.1334064812782133,Normal,35.04607072317,48.53634658712353,6.911269125149398,65.97421634234776,6.788813521825601,Clean,4.506997826248543,Semi-wet,5,Brown Swiss,Male,Pregnant,332,Commercial,Mixed,81.82068604949079,0,3,3.7773885263992835,1,0,Negative,5.168495597545813,7.309528424350577,1,274,Summer,1
38.41249545729283,0.765581189964573,19.632211387347024,43.238875660401376,28.622320082335577,1.4851409306436427,36.94699842568108,1,0.32581787910568316,Normal,31.274957036113655,63.75879864634079,14.745057734211954,83.30111193420726,9.513047012097939,Clean,2.9284369504192655,Semi-wet,6,Brown Swiss,Male,Dry,241,Smallholder,Confined,51.81887435803441,1,5,5.088414935704094,0,1,Negative,7.5204172182675935,5.44987262437985,1,135,Winter,1
38.58860461400171,0.2501516972974927,20.203190289094653,45.8298741881251,19.693065273750893,0.8154911460625813,26.19678408892739,1,0.06454780502388324,Normal,26.031902741529485,79.84907007536103,16.151689937181317,82.9803743376021,6.6744249908265125,Clean,2.531504754624704,Dry,6,Local,Female,Dry,66,Smallholder,Confined,4.583947465925986,1,6,1.596581567659496,0,0,Negative,20.156685847261482,4.804222396438158,0,79,Winter,0
38.03619901559639,0.8714707938848019,19.77909523132638,43.69074194873873,21.619660887791134,0.08929276472528597,29.60185469876536,1,0.6513399408695104,Normal,26.16268657534478,57.03308457689769,19.42639507486099,131.98023315897836,2.17225327367926,Moderate,2.9222239302540567,Wet,6,Jersey,Female,Lactating,437,Smallholder,Confined,93.97486279164934,0,5,0.21169793459668296,0,0,Negative,13.311713641967323,3.7092789032700217,0,286,Summer,0
37.9822760255516,0.2030559381268665,14.697385268791432,56.282397832688375,24.896740744361907,2.0776330459782697,38.071443786092544,1,0.9708912590581186,Normal,26.34971931781428,85.31144685759358,10.067086220193566,69.46594045291333,7.431934078103361,Clean,9.003798199561796,Dry,10,Jersey,Male,Lactating,323,Smallholder,Grazing,29.42840118023665,0,1,4.396743597064875,1,0,Unknown,20.057609390738676,4.322876483900096,0,197,Summer,0
39.18751549343652,0.3974590953615218,18.597453929084757,36.2415759350489,28.501498618659973,0.4304027935848422,15.255837544726894,3,0.8270454911428297,Normal,31.737137861569227,67.24152066648925,22.325349283915877,104.83141213256584,8.251852187612016,Clean,2.089588203047402,Semi-wet,6,Jersey,Female,Lactating,186,Commercial,Confined,91.45103385188165,0,1,2.3156372877832183,0,1,Negative,23.66940637666897,3.5022097258297604,1,6,Winter,1
39.5137440171425,0.7927232449216572,19.456561184218646,36.94200345115795,19.999235840909368,1.7574440331856283,23.859924401112487,2,0.9746231168075656,Normal,24.368801628164817,63.27122068709386,18.0731194372767,128.29355125008843,11.812074187185617,Poor,7.5429269562823125,Semi-wet,9,Local,Female,Dry,106,Smallholder,Mixed,81.30683025269883,1,3,1.2577788677925308,0,1,Negative,13.540260514378913,1.247105247073201,1,304,Monsoon,1
38.6567939270518,0.45301611978344547,18.02871386763177,55.10274586836016,31.119712035485797,0.7104139125799567,36.79501587161778,2,0.8456047950983965,Normal,21.878140681562815,79.3517921097638,33.418908901785755,132.9578192897048,2.407928482606177,Moderate,8.148993839106382,Semi-wet,7,Local,Female,Lactating,245,Commercial,Grazing,41.312511330929915,0,7,0.30982874724757625,0,1,Positive,21.982032057919582,5.457398386941465,0,360,Summer,1
39.302119738735215,0.2815139104528108,9.654089366515661,44.556385444884384,9.185200907591167,-2.9628786183973146,34.55522700164982,0,0.8551958061969787,Poor,29.344616979439266,45.072174852089226,33.08585688875657,116.6566094284733,7.120969574551339,Clean,6.543106433019431,Wet,11,Jersey,Female,Lactating,139,Smallholder,Mixed,5.670376718414549,1,7,4.532256848457216,0,1,Unknown,16.719717315306724,7.973081304780661,0,141,Monsoon,1
38.91698161502858,0.48818713504034233,18.64195849589392,58.78467355453808,26.55872342171846,1.7572521449789944,31.134671265560165,1,0.5771771953713426,Normal,27.108214806710873,78.68762356053374,21.964218660199172,79.9527752261883,2.9815475670836182,Clean,7.8462028894651885,Dry,1,Holstein,Female,Dry,433,Commercial,Mixed,94.7703904422807,0,5,4.957939135283383,0,0,Positive,3.3418253346231412,1.34369812107848,0,106,Monsoon,1
38.31292814723693,0.41631462910762046,26.85012415758897,38.28487793019454,16.962834651894056,0.002764362014003624,25.30841876134528,5,0.5182523114132099,Reduced,34.40658257529371,52.147600008641334,24.330480079716057,132.30465748288563,3.489959015709604,Moderate,7.2181573522008025,Semi-wet,10,Local,Male,Dry,267,Commercial,Confined,65.9053667191499,0,1,2.334137194973931,1,1,Negative,10.61167485850073,7.956363580383799,1,282,Monsoon,1
38.91683736330505,0.874169521728444,16.55984292497207,44.452216396611746,30.23362789964795,-0.27793215635116697,22.70908900608748,0,0.4062542664278276,Reduced,15.716784768405056,54.040627359161874,9.133894033212274,124.21660271001265,8.10463338968476,Moderate,5.644467912757541,Semi-wet,9,Local,Male,Pregnant,453,Smallholder,Grazing,24.965398258939096,1,4,5.310558347349394,0,1,Negative,16.15561728989806,7.247092627204215,0,20,Summer,1
39.622821939879586,0.45067833406811453,15.087691608578716,35.77587015156047,22.85226687298327,0.22202252123436556,24.45270628454576,2,0.81809489504588,Normal,28.04042432127868,69.97268866600399,11.699697165205148,120.44691338292692,4.315677122664973,Clean,5.061683423010137,Dry,6,Jersey,Male,Dry,372,Smallholder,Grazing,53.35362034355497,1,5,2.493339590155926,1,1,Negative,17.221017999541935,7.206384676975482,0,160,Monsoon,1
38.67850437653403,0.8311459774208059,19.493394238845593,45.07362681423567,17.962568007943588,-0.7174747429356012,37.28804932491215,5,0.1820676122780246,Poor,24.981363336690197,85.09672125231026,32.02146212605729,56.733539888500715,9.491741112950246,Clean,9.530655907241389,Dry,10,Jersey,Male,Pregnant,163,Smallholder,Confined,63.53705088765585,1,2,5.709288172300897,0,0,Negative,20.795317519118758,6.734370967888172,0,224,Winter,1
39.63878619348841,0.9134977158485877,19.249512841866288,30.21453063001201,25.977046558129796,0.1405432905834179,24.22934386506792,1,0.0562249158241932,Reduced,31.051395601506556,68.92034748854324,25.974977686872048,54.326488065154955,7.141986925952727,Poor,9.775503940563745,Wet,8,Holstein,Male,Dry,252,Smallholder,Grazing,22.665932714468884,1,5,5.899253056558967,0,0,Negative,15.657699864080893,7.426651119399868,1,114,Winter,1
37.128152937546155,0.5470539356612236,22.77094066166566,40.123665790450374,27.35913008324351,-1.0878140995146386,28.608537785437946,1,0.947893822684675,Reduced,25.600034655960908,72.44746743972435,10.682905918492326,119.53652977015795,4.182128851657373,Moderate,7.210171229000237,Dry,3,Holstein,Male,Lactating,369,Commercial,Mixed,9.354049983672198,0,4,4.905758408160042,1,0,Negative,3.07215746183171,2.3481838587842927,1,108,Winter,0
39.19314150262514,0.9279545150835136,12.968527376364449,30.637461350718823,25.85136473715183,1.7114083881015552,23.477754130829524,2,0.003778185203477058,Normal,24.119747696196963,78.82972948026371,22.106309182196686,144.47948012339307,6.93791677601065,Clean,3.578390719187774,Semi-wet,3,Brown Swiss,Female,Dry,22,Smallholder,Grazing,26.7465545834663,1,2,1.5373970363798966,1,1,Negative,4.276188875599327,3.778635986297964,0,250,Summer,1
38.752228240942905,0.5018544431705543,20.92552101029997,51.93923233191258,15.821822562201637,-0.37038217043157545,33.05664418059416,1,0.9768293218758518,Normal,31.67940036438786,52.966237949624336,33.04283751468347,127.37239280630193,2.008817269081207,Clean,5.5831932995023,Semi-wet,9,Brown Swiss,Female,Pregnant,256,Smallholder,Mixed,4.760266826162585,0,5,2.1979476222273924,0,0,Negative,8.551409087677683,4.098611802299372,1,181,Monsoon,0
38.520595589720486,0.9712627331920867,20.361688245005855,52.16589339759652,19.09589725826749,-0.7738757640836502,24.767642317921354,0,0.7288533698737658,Normal,33.39493207830327,81.36168364020713,15.355133184857108,133.14755664936885,10.627400436578409,Clean,5.9722999206608565,Semi-wet,9,Jersey,Male,Dry,336,Commercial,Grazing,6.998651024485925,0,2,3.1959303483963843,0,0,Negative,7.763005630500953,1.0098517892932373,1,65,Winter,0
38.75505646592131,0.27143161962045836,17.431413852237817,27.69737269515655,21.97556297727139,-1.5873887235789108,27.414436659073516,3,0.32849891969782763,Normal,26.511596517693913,60.898007453357486,10.574611265572557,104.49822808497905,2.126783770557628,Clean,8.063760419685293,Wet,5,Brown Swiss,Female,Dry,277,Commercial,Grazing,15.65850434932563,1,2,1.9720830055185332,1,1,Negative,6.096923269917333,7.857163125395502,0,131,Monsoon,1
37.50745865123947,0.7496154132025943,19.35474927168676,58.33885745500573,21.752442084099638,0.20316368372296217,17.89970720174305,0,0.6978198430863103,Reduced,26.607502972515306,48.78278467455812,33.26075830727295,80.45861440880739,2.070098924921825,Poor,7.3422170505785544,Dry,5,Local,Male,Lactating,45,Commercial,Confined,15.840637064810437,0,3,4.913578780941832,1,0,Positive,15.197812641510506,5.670819127560605,1,359,Summer,1
38.568196867297495,0.595051232365543,22.11782992639343,69.97415126419854,26.498472852630087,0.08066065018763785,18.31979058277036,1,0.8178751571851274,Poor,33.352903026276636,57.50590397305625,18.837960808762976,117.77368967668842,8.115039431796472,Clean,6.118515435423161,Semi-wet,3,Holstein,Male,Dry,37,Commercial,Confined,24.79515849333165,0,4,5.56528896249052,1,0,Negative,10.88333170649412,3.886774154322198,1,299,Winter,0
38.91426754290705,0.5101190443645176,21.4892615201138,45.46006386736341,9.91059260496035,0.3826369205162596,28.046039159929038,2,0.2453620559864359,Normal,32.79421078499362,52.30655558591127,17.517259959882992,121.19708754926926,11.735209257900829,Poor,7.442916462297256,Dry,7,Brown Swiss,Male,Lactating,341,Commercial,Grazing,93.74292321889288,0,3,5.914726271551393,1,1,Unknown,16.754741961740226,7.941961175576649,0,281,Summer,1
39.586736426844915,0.7061695029988808,13.427922751705086,38.58885739775355,24.005962327321022,-1.7408778312576934,20.04905706881343,2,0.7708956832795819,Reduced,32.15712843822074,51.43568025678229,13.027015993782507,117.5357971694007,10.559334843539787,Clean,2.1924547738701916,Dry,7,Brown Swiss,Female,Pregnant,315,Smallholder,Mixed,57.58200228744027,1,5,2.017786875756267,0,0,Negative,9.90028649736755,2.541479093870681,0,341,Monsoon,1
38.38903786903582,0.7630856733074649,21.280632747021937,73.24330591003047,20.26011187338016,-2.6017717982173596,40.63051983600701,0,0.8043696250082402,Reduced,24.986345605431396,54.12815993595831,31.747558848414325,144.67090567193205,4.520189125894516,Clean,8.21308257507491,Wet,3,Jersey,Female,Dry,150,Smallholder,Confined,42.25051799401337,1,7,1.6214644228366293,0,0,Negative,7.30388298392989,3.0276542732099685,0,221,Monsoon,0
38.21490383826409,0.2034906157202473,17.741245579869926,31.810315016974894,16.968996301696286,0.7383869537598398,15.630861327326503,3,0.24935463012534542,Normal,23.70765674032281,49.04654073710448,30.368503006687252,86.71790332645566,3.966668111476857,Clean,3.6930578720555545,Dry,8,Holstein,Female,Pregnant,36,Smallholder,Confined,56.37996685790074,1,6,0.966407288247463,1,0,Unknown,13.660836988766468,1.9314130429981298,1,86,Summer,0
38.39894577384928,0.333562470997759,18.29149639206206,45.20106466869098,17.545079333382404,2.026962792814761,23.198948208015373,2,0.04192635437798353,Normal,35.18321862403695,73.38508785413214,17.089711983102625,53.96575389557835,8.261121806334554,Moderate,7.251273116489193,Dry,6,Holstein,Female,Dry,427,Commercial,Confined,0.5711553180304585,0,7,0.2847751858111949,0,0,Negative,3.2254816498892653,1.8988372839371712,0,151,Monsoon,0
39.24924127062125,0.7704368405074551,18.292787964006777,46.796222726319236,20.71277401289222,-1.739530433584844,28.100205203605302,0,0.20412228455809767,Normal,30.048553778183557,68.99958785175586,5.918398396912366,140.84443527574095,10.226377470220774,Clean,2.911786017096073,Semi-wet,3,Brown Swiss,Male,Lactating,277,Smallholder,Grazing,89.47469097143326,0,7,1.0620886896699604,1,1,Unknown,23.739141754085335,1.913601329072915,0,269,Monsoon,1
38.897250665795816,0.7331083308625652,17.39902804480696,58.45147620452415,0.39348937324289324,2.1841619253425475,25.809202373225293,3,0.20064640888939445,Reduced,23.292609101269676,72.42209464917141,18.399542915184185,66.04991188540814,5.620786709000297,Moderate,2.9156866873976117,Dry,6,Local,Female,Dry,89,Smallholder,Mixed,53.23131410539451,1,2,1.7070497148579982,0,1,Positive,16.07948845689442,5.081276619597499,1,23,Monsoon,1
38.38214387773978,0.9728380041029419,22.76682998842826,48.59738975126788,17.7922625752507,0.22586658810457133,21.375127260016484,3,0.06524045417548319,Reduced,26.468210012851014,57.18623619140802,10.425740497401598,119.73183393874325,6.323545903670759,Moderate,2.285261150693616,Semi-wet,1,Local,Female,Lactating,443,Smallholder,Mixed,45.16506650289014,1,5,2.3463746745548493,1,0,Negative,3.8097340265704327,2.706007667769184,1,63,Monsoon,0
39.007960459868016,0.8088302322006264,17.665128160603153,40.01366104211549,16.74511105212224,-0.21059435682624458,22.25243296302839,2,0.7260073846551959,Normal,27.424860307971933,78.48667012870222,9.282022104466435,137.32044397726844,3.1548951367775118,Clean,9.281862481228094,Wet,6,Local,Female,Pregnant,429,Commercial,Grazing,94.16019393806313,1,5,0.6582651574545813,0,0,Unknown,15.315397819303243,7.6379593329172435,1,99,Summer,1
38.758246529608826,0.9606181661850706,13.521815486467325,35.48815629612044,25.196699255935744,-0.7963230448186671,22.056075535004567,4,0.3799749244584082,Normal,26.471770595991607,46.480437047708236,16.792808356862707,81.01413980146351,3.5282642125535917,Moderate,6.836470061534496,Dry,7,Local,Male,Pregnant,204,Commercial,Mixed,73.04080844837138,1,6,4.9214085997537875,1,1,Negative,2.711940538756792,6.625444843829832,1,83,Summer,1
39.28118699431974,0.7620324012278457,16.425880576121084,41.581781797538646,17.16683990493688,-2.276777029137495,26.279669831079623,1,0.8843861674538583,Reduced,25.538709872299375,68.556835473068,7.972308120338816,133.04152408549265,7.683515950260208,Clean,4.895695489833186,Dry,4,Local,Male,Lactating,68,Smallholder,Confined,33.74208400422898,0,3,3.7142289918518405,1,0,Negative,12.64319595011002,1.7090433127062008,1,15,Monsoon,1
38.27876814367359,0.43844176691155456,18.714778867241904,34.93072639054856,20.70931719897706,1.2815927738868995,39.71157453710454,2,0.25217110566518597,Reduced,33.15300889632709,53.77264861232369,33.72393520794995,83.20581262714441,3.0265614574843696,Moderate,8.30222192815447,Dry,4,Brown Swiss,Female,Dry,332,Smallholder,Mixed,93.61574814569448,0,5,3.3758068935817427,1,0,Negative,7.689849667810836,6.754855373167785,1,117,Monsoon,0
38.50340271204134,0.2842919378006852,22.9168591371882,45.47825319784683,31.25365976596781,-1.3634095421564045,28.467623779349257,3,0.45323216509992736,Normal,29.642020672951574,66.38049503488057,6.426175453438454,129.425792823625,4.02046124795901,Clean,7.008657604997324,Dry,3,Local,Female,Lactating,331,Smallholder,Confined,85.199762499355,0,4,3.2716536396069964,1,1,Unknown,17.11754800624037,3.092432701634269,1,244,Summer,1
38.464735108120706,0.8254590906759485,20.412378739795333,39.35803820139513,27.96610911889254,-1.3697100136064004,35.097402936325146,2,0.6390174289267628,Normal,38.26655968431086,56.181858762011956,17.041088821961814,56.98298629737258,4.346770240118841,Clean,6.960644143303523,Dry,5,Brown Swiss,Female,Lactating,473,Smallholder,Confined,95.45337293096718,0,2,1.7397528642959956,0,0,Unknown,12.202655888794737,2.208261253607545,1,282,Winter,0
37.82189103112073,0.7153193771807327,14.597858885011824,30.059622067102495,27.413628399660716,1.287889464830432,31.04185807496885,4,0.877464949671778,Poor,33.42691928262145,79.52558825456477,9.881081060950848,115.52429986709278,6.439245332136304,Moderate,5.896342354904054,Wet,11,Jersey,Male,Lactating,95,Commercial,Grazing,9.622393741130097,1,1,5.625257461101809,1,0,Positive,19.07512248519557,6.365535084014519,1,359,Winter,1
38.877672166238746,0.238548809914637,27.940759666715564,57.55145788374904,19.00076541753489,-3.02447517000759,34.683174387893324,1,0.5246211016193748,Normal,27.681557935810552,84.56359194190472,25.664339645862682,117.7138080578796,2.456119641236362,Clean,2.0634142293456694,Semi-wet,1,Brown Swiss,Female,Lactating,296,Commercial,Confined,95.52848893871491,1,6,1.3904057077106682,0,0,Negative,6.284437003890934,6.927485409993965,0,337,Monsoon,0
38.85663316330793,0.4880403727207827,19.05910124391192,40.02327476570961,25.258193675737914,-2.48539671600225,11.200214184438487,1,0.3735246278123828,Normal,34.08553545447548,77.12906116858156,7.3643434764368525,99.14258300809564,6.997709716929386,Poor,4.067700051399519,Dry,6,Local,Male,Pregnant,35,Commercial,Mixed,54.28828388715553,0,4,4.012065218590849,0,1,Negative,16.09211851195345,7.703367877205274,1,94,Monsoon,1
38.70306807398548,0.965439852387429,23.10156295199606,32.318631950246875,20.596613197278437,-0.22720136526212267,26.173251873110623,5,0.8670150784720089,Reduced,28.764132988970506,48.77918564246234,21.40416722625903,118.70908638627108,11.286744063940816,Poor,2.8726135568006637,Wet,2,Brown Swiss,Male,Lactating,25,Commercial,Mixed,67.22150795923557,1,7,1.518644030207903,1,0,Positive,16.82029757761817,3.651643850386604,0,61,Winter,1
38.55924771997491,0.600320916568161,17.393142265691083,43.31740865512459,20.823440735938373,0.2399266435072781,35.84281253890428,3,0.31024642468761054,Normal,39.091459102654866,53.743344919418114,28.19304485605813,142.3183670553841,2.2446366111907263,Clean,7.299278818822208,Dry,4,Local,Female,Lactating,53,Commercial,Mixed,21.223889968384157,0,1,5.9377180679496835,1,1,Negative,11.98289217357456,4.715835409100352,1,156,Winter,1
37.850777554769756,0.5461833088157637,20.1334369788218,45.68371565967659,24.458112062479298,0.5271019719533858,24.569585063503997,2,0.07942369963257645,Poor,25.42528244753217,85.96790327592079,33.501795051469124,123.38548249682279,8.309848652074653,Clean,3.988966574295982,Semi-wet,6,Jersey,Male,Pregnant,78,Smallholder,Mixed,14.040149005196223,1,6,5.469980447579918,0,0,Unknown,20.74103016510194,5.111878972274882,0,290,Summer,0
38.447612806340786,0.5661596841274352,21.35787401807362,27.535332744209665,18.418038469474403,-0.6526977400943792,38.574838989217675,5,0.44504210751024,Normal,29.265224585605097,61.86100638291006,25.95582688908238,146.12960289846598,10.358423651515423,Moderate,5.601333312409656,Dry,11,Local,Female,Pregnant,86,Commercial,Mixed,7.938749757600139,1,1,1.5873393574463117,0,0,Negative,4.372893786353528,5.207780744946742,1,144,Monsoon,1
38.49437129008394,0.367106179204131,22.872778847017024,48.316476671257625,30.95801862665922,3.5955545029625338,36.90334092260657,4,0.7850933064979919,Normal,23.99647932349654,87.05902046746334,7.984752729037505,94.86123138520718,5.124608425491772,Poor,4.827442386319063,Dry,11,Holstein,Female,Pregnant,274,Commercial,Confined,42.231309214472255,0,3,5.924822562454846,0,1,Negative,18.443511569235923,3.5161705180861236,0,233,Summer,1
38.21863363846703,0.4949657366918362,22.2294732215129,34.528424313097354,21.039219162412376,-0.5418388381487511,25.185215703235226,4,0.030780831753523086,Normal,25.094686234194914,59.62258444311334,7.655616491424231,102.82907317039572,3.315185450192249,Clean,3.145589903402912,Semi-wet,6,Jersey,Female,Dry,316,Smallholder,Grazing,22.13494696259185,0,1,3.755756415012252,0,0,Negative,4.035716617091252,1.6426270236008684,1,139,Monsoon,1
38.6032285730004,0.4958506047897413,21.488788000291912,62.110288091907876,25.71016339755799,-0.5461792281540832,24.98101888572186,5,0.5858822449895921,Normal,25.29302812876465,87.58873302953319,26.947941456141976,76.37386972377068,2.4333978760926307,Poor,9.666961863061754,Semi-wet,10,Brown Swiss,Female,Dry,422,Commercial,Grazing,8.162290869966649,0,2,4.371323888320936,1,1,Negative,4.6088020840052195,1.0283439928031233,1,152,Monsoon,1
38.94243051408873,0.24188401614997793,16.739653075223565,50.23960512076735,30.733602875543788,-1.3954800032208161,21.918364945873186,3,0.5944640485272361,Normal,33.18118353054384,86.28694938666655,11.45988215010406,148.56016678008683,8.439030594358025,Poor,9.467354493017726,Semi-wet,7,Brown Swiss,Male,Pregnant,176,Smallholder,Mixed,95.50661959286914,0,3,1.6974957393056416,0,1,Negative,5.634202914754172,7.2949129048701105,0,229,Summer,1
39.83171154072632,0.8140541028143347,15.713015832175754,41.001000098906836,28.18992264745105,-0.01413977521839338,24.222434608817213,3,0.9285417634273816,Reduced,28.04015998440887,73.0263444993308,18.417179258997464,55.51367351612724,7.522343802290683,Clean,2.6768654882931244,Dry,1,Local,Female,Lactating,51,Commercial,Confined,73.33913432475374,0,4,1.2958133787423778,1,1,Negative,16.204764744412984,3.2491327487276083,0,77,Monsoon,1
38.80474668769911,0.5332035455231032,19.33043004129679,37.5483222968265,13.546485383856853,0.722441848070162,20.60446561498651,1,0.2864648171450218,Normal,14.705221901371502,40.441352423075145,34.298633040540764,85.86204176168103,4.292949883919976,Moderate,8.618922828223972,Dry,6,Holstein,Female,Lactating,29,Commercial,Grazing,51.78545082003968,1,4,5.1484143103147275,0,0,Negative,15.69728827729825,1.8551550001778676,1,290,Winter,0
38.85453023443366,0.8577439094531387,21.732512289364276,43.95032292436376,24.669375370059306,1.6053670818001902,30.572867082598034,5,0.2788366132106962,Poor,27.468294386074792,60.016734098796846,29.597203952116267,79.76971647686128,10.31617307631748,Clean,5.906989461730985,Semi-wet,9,Jersey,Male,Pregnant,211,Commercial,Mixed,74.33474828075097,1,4,1.6511495338896567,0,1,Unknown,11.255386816412459,7.876790100198175,1,322,Winter,1
38.6553324505403,0.8802784008959164,17.10911719689357,51.127907415832894,27.104316366763882,-2.4339263966603273,19.2637210399214,8,0.44048365133967815,Normal,22.13057906941293,85.56175648477979,30.397800719006018,88.65117131280554,9.355063521523434,Moderate,8.18988707664681,Wet,8,Brown Swiss,Male,Pregnant,394,Smallholder,Confined,61.14581722976001,1,6,5.505176320710774,0,0,Negative,8.232676474134982,6.521809123187709,1,200,Summer,1
37.54873727082058,0.3695952437589265,22.260687862857544,44.745058714148,27.351178132964492,-0.5689930075335512,31.622398097141332,0,0.35691490147151517,Normal,24.796654133635563,84.25551445540574,30.82309714184236,141.77178605198657,4.764287849867832,Clean,3.2092570473101354,Dry,8,Local,Female,Dry,238,Smallholder,Grazing,17.803259388028415,0,7,2.199873595129218,1,1,Negative,15.093758546382613,7.85887165564948,1,133,Winter,1
38.684091674730475,0.725882785736103,23.810466981944717,42.82841192863143,15.320230995312214,0.4700554162137162,31.768472181401492,2,0.7363458626893268,Normal,32.75312004856394,49.36939000480568,23.586360203646738,86.80378740685148,9.533630228646338,Clean,3.0581931022203497,Dry,11,Holstein,Male,Pregnant,368,Smallholder,Confined,63.34364440206181,0,5,0.054884225853462976,1,1,Unknown,4.316345324006727,2.5910423581552964,1,75,Monsoon,1
38.73613812596462,0.5778254433303853,14.33471632370632,45.58370290817896,18.057788577896055,0.6805863018918035,18.032773568896467,0,0.6417520771315496,Reduced,20.28270776029576,59.95912479845513,27.31801771587435,141.69766527000004,4.449942135007726,Moderate,9.126060007161634,Semi-wet,6,Brown Swiss,Female,Dry,96,Commercial,Mixed,68.10122688635379,0,7,3.5529780763262893,0,1,Negative,15.459157493645638,3.974358262028277,1,322,Summer,1
40.177945267491175,0.9041253903371882,14.65231718481488,38.961410687630455,27.96734941444973,-0.1901770132931911,37.298911637970036,0,0.7589210379062663,Normal,20.859231477842517,81.77549639397358,15.768827439028618,92.33388616632027,8.752674618663608,Clean,9.182555934728487,Semi-wet,4,Local,Female,Pregnant,39,Smallholder,Confined,23.747083915751933,1,3,2.121758466842617,0,0,Negative,1.274892283405806,6.5651973156025,1,358,Winter,1
38.58458342113133,0.3725925433411633,17.438499764378655,41.56794073156962,17.429437775904127,0.6136359542981527,31.08165576649133,2,0.8200417911986891,Normal,18.697643350983128,68.89389266250272,34.95338679718552,135.47687692202084,3.1854504107387944,Moderate,5.72729730202887,Semi-wet,1,Local,Female,Lactating,175,Smallholder,Grazing,32.014464727898726,1,3,5.8558415521750495,0,0,Negative,4.322785641936454,4.639181763303625,1,182,Summer,0
38.88092840540017,0.7422505602480354,19.230450672756785,24.14207561094996,20.201823660014114,-1.4134458393887006,32.49818812866921,0,0.9229811327341477,Poor,25.062886999402014,82.36496167231003,13.388665089639352,102.17500985006689,8.922394633332072,Poor,8.961262380919184,Semi-wet,5,Holstein,Male,Pregnant,46,Commercial,Grazing,38.33006597593596,1,3,2.3203009062872755,1,1,Negative,17.282302094153383,3.1622259587893784,0,254,Summer,1
38.679172938176855,0.6862016978021781,15.901731944931797,54.737262308523675,31.455254857011816,2.136858148477535,23.448008790743366,2,0.43093673178464764,Normal,18.55196589830863,81.32836922242815,22.700222099105584,81.1352843428315,4.387744189822603,Clean,7.339671612029042,Wet,5,Brown Swiss,Female,Lactating,480,Commercial,Confined,60.25466396802377,1,2,1.8868104891134279,0,1,Positive,21.101310771519614,1.6881994567120948,0,280,Monsoon,1
37.99879317742828,0.43624118205746626,23.408810715468576,47.98797780321762,21.71320449769126,1.2889421544691444,31.73427471083871,2,0.9846973894715495,Normal,18.97141410939691,85.37410034762415,13.4618503496358,94.93497989678873,7.724693542417141,Clean,3.480077940887936,Dry,7,Local,Male,Pregnant,172,Commercial,Grazing,12.680798205636757,1,3,3.398367980000306,1,1,Positive,2.7388008587489177,4.71323905890786,0,76,Monsoon,1
39.38569368870902,0.3092807229209381,19.696267446073804,37.265441559665696,17.639355172996943,-2.2173916805977587,34.758360698332396,3,0.21566081340365273,Normal,25.851004129736044,45.861029409729085,8.362131516802194,92.43810789782034,3.7246386685188253,Moderate,4.63163411745719,Semi-wet,1,Brown Swiss,Male,Dry,399,Commercial,Confined,74.34781235049654,0,2,4.379326106628593,1,0,Positive,15.691642504136674,4.987905124932287,1,230,Summer,1
39.15115981961207,0.7213118083818213,18.157788192962958,63.987349813552385,16.73429585882257,-1.8126545721751335,27.408349605971935,1,0.7143651619473286,Reduced,28.56855289980706,47.26075707267579,22.0275744453103,75.99140620855509,9.259669475679523,Clean,3.088485204069359,Semi-wet,11,Holstein,Female,Pregnant,304,Smallholder,Confined,34.602427076336404,1,6,5.7990995448013205,0,0,Negative,2.4238353613596173,5.905609149547201,1,336,Winter,1
39.17461916822583,0.7908779665058645,12.256361904525889,45.87016480392386,23.996315977511127,-1.7703826251603592,40.01153475549017,1,0.5340093173071893,Normal,22.44437238403811,44.14045144845262,15.600460125984192,78.96387299919067,2.608795743930517,Moderate,8.191589351447465,Semi-wet,6,Holstein,Female,Lactating,135,Smallholder,Mixed,69.17726196928238,0,4,0.417688880281045,0,0,Negative,21.2163019257987,6.428943006681109,0,179,Winter,1
38.154367527123156,0.45250187501068,12.736736734289972,34.63856428024803,14.001111949136746,0.8169549563447926,28.264387809477626,0,0.8169005946848834,Reduced,28.80552679118216,86.76344205477159,22.49657802570163,68.64539213110544,3.6541778680271877,Clean,9.882005797565999,Dry,7,Brown Swiss,Female,Lactating,269,Smallholder,Mixed,93.28873933835345,0,5,2.5170517175723313,1,0,Negative,10.008293534320467,1.3858151624666242,0,152,Summer,0
39.541676586561664,0.7158660832178512,19.124037001127224,53.567374214704586,20.51598421662149,-2.127091649626201,34.84471480271485,4,0.476770520606426,Reduced,27.553358048153793,63.758119218894656,21.760354299949785,83.60005572076084,3.841364798708365,Moderate,6.371026612528093,Semi-wet,1,Holstein,Male,Lactating,418,Commercial,Confined,86.98746467584554,1,1,3.9820655680062496,1,0,Unknown,18.04704740905688,5.209648358562567,1,361,Summer,1
37.85888936232463,0.5161047260892027,9.469617495380655,48.980482165092624,23.99938320994013,-0.696536501312121,29.75805284355193,1,0.7839386353624312,Reduced,29.70076036175488,43.21626417412241,21.267701874306848,112.44058032491711,2.4134358585399855,Clean,7.246915312919142,Semi-wet,3,Local,Male,Pregnant,448,Commercial,Grazing,73.75811294819381,1,7,0.029813381041726705,0,0,Positive,4.973299324844348,6.360809429662268,1,273,Winter,1
39.05211425628016,0.7705655066260941,22.050549638576285,48.94579985484219,29.794898923286006,0.48205659462516154,31.513129197141208,1,0.930168714647678,Normal,21.796692806678898,56.07649512570206,8.699033661395884,88.65581687096312,9.450125161602458,Clean,7.968740545069093,Semi-wet,10,Brown Swiss,Female,Dry,64,Commercial,Mixed,19.332698365123857,1,7,2.934197142678914,1,1,Unknown,20.81105844022391,3.4175429198563183,1,30,Monsoon,1
40.01427337548599,0.3593722199152425,17.36738462251072,40.7424439534841,26.005288482219974,-0.29924890181965214,17.972006394191368,2,0.7322942661400873,Poor,36.91976893807392,57.57063205649834,18.20542323051071,121.23232109262922,11.809525047399328,Clean,3.7940728194439233,Dry,9,Local,Male,Dry,305,Smallholder,Grazing,73.20743685755086,1,5,4.839190198509886,0,1,Positive,10.870919020877855,2.5667545681516333,0,175,Summer,1
38.10567820492159,0.9121720021089395,30.972371878378933,49.504957237780346,17.715609292106926,0.1883312735690587,30.22632242929218,0,0.7760942862183243,Normal,21.303260129157543,80.47799117383786,29.360118181963752,148.6978169687953,9.783977884116824,Clean,4.688009981067474,Semi-wet,8,Brown Swiss,Male,Dry,313,Smallholder,Confined,63.578940596603026,0,5,0.30522989683097057,0,1,Unknown,5.803716572495463,4.09741605879428,0,298,Monsoon,1
38.36022136223834,0.42992767717246383,27.231665002464442,42.38241709778905,29.070515905382322,-1.7987040670231373,23.590149392456404,2,0.06717543126585612,Normal,23.87295282633676,76.77384460854614,14.454304866339076,87.7101079484485,10.606319621223955,Clean,5.298569690593878,Wet,10,Jersey,Male,Lactating,463,Smallholder,Grazing,77.25468225120899,0,6,2.043281275700266,1,1,Negative,14.16633152993441,2.8256495142198386,0,278,Monsoon,1
38.75979081905259,0.49422879020492233,17.274203723009933,50.559414516458425,20.202909774715135,0.6922815600958669,22.921610165333874,2,0.20495766223228062,Normal,29.574872461152133,74.46935247812846,18.314945158761955,96.26392140896169,2.0600766033827718,Moderate,6.756706497163777,Wet,6,Local,Female,Lactating,307,Smallholder,Grazing,86.88139208384,0,7,2.405509919314178,0,0,Unknown,7.62771122840201,4.323911137519552,1,31,Monsoon,0
38.39791460753028,0.24647356166427983,17.57465198987474,25.95055545989361,14.585781867703545,-1.1198178387139948,38.46461910679587,2,0.9743037405035937,Reduced,27.589040336939537,41.093177629568935,19.81494770960804,66.41101569480976,3.1786996377459324,Clean,8.803940625190204,Semi-wet,8,Local,Female,Dry,325,Commercial,Confined,31.147511403889393,1,5,4.297708685066088,1,1,Negative,7.6021553998844595,2.8136980761899575,1,51,Summer,1
37.76960194136032,0.2892097698570211,21.98232605600812,40.661265370208106,20.967751844407164,-0.6869295115969118,26.717378511625906,0,0.6931870037873944,Normal,31.23459446093914,85.53478982131894,30.881939377752342,89.22152857793161,7.590203392948624,Clean,4.033628356719249,Semi-wet,2,Brown Swiss,Male,Dry,90,Commercial,Mixed,64.43040724201815,0,1,1.7743138194899655,1,0,Positive,3.6345437935139975,3.6702620937118757,0,165,Winter,1
38.74113778488362,0.6126895221698625,24.812690439672153,62.22155097808195,30.62901520687421,0.1565975918589792,21.980189014147022,4,0.5614490173110046,Normal,25.4504299237654,50.77776334578708,24.66799307678057,122.68324507906794,11.778688847941675,Clean,5.7671104058223115,Dry,7,Brown Swiss,Male,Pregnant,182,Commercial,Mixed,27.51381852546666,0,2,1.477606573176004,0,1,Negative,5.919643815632924,7.363537452180096,1,344,Monsoon,1
38.06261777176434,0.4140741413823772,11.447883770255933,37.32932544599699,22.991440300389552,-0.04538266770372776,25.84521023134675,5,0.36697637339645006,Reduced,20.866005070301586,71.45307023463388,8.006076045119421,71.74047997424628,8.607129310482037,Moderate,8.012271289637694,Semi-wet,2,Local,Female,Pregnant,95,Smallholder,Grazing,34.628493923663505,0,4,0.6930232922833937,0,1,Unknown,19.350860540045318,7.374542248534925,0,89,Monsoon,1
38.98415545838111,0.8683841805937556,10.854498138581253,38.961617025068136,22.07513118597872,-0.16402997147661058,20.197298626468516,2,0.04438900120691791,Normal,19.37469764658067,43.090952150570956,30.95512957415064,68.20540486552292,5.741366937380777,Moderate,2.6990799960369944,Dry,3,Holstein,Male,Pregnant,362,Smallholder,Confined,52.06445442552907,0,6,5.975277176101138,1,1,Negative,13.042307118662468,7.94134194279646,0,124,Winter,1
38.14834545945972,0.21175471092396309,15.511860777782474,40.52038661550025,31.823269868217118,-1.3259402329651335,36.60330680917762,1,0.369135907964135,Normal,35.89805786867505,44.07630459360273,29.9619792644627,87.63748736491917,3.461493054814592,Clean,6.103147666609428,Wet,2,Local,Male,Dry,24,Smallholder,Confined,43.41633917321441,0,1,2.829997133472835,1,1,Negative,9.163610303242818,4.14592549813251,1,159,Winter,1
39.62996064301053,0.503275238937549,20.33095033269546,32.85193864111356,13.411870917673438,-0.6493241167987882,23.82591553500091,1,0.4989128732895759,Reduced,25.485038130635875,40.47886480650611,27.609379417975262,131.86494857177314,3.5283569438265077,Poor,3.1550376269258003,Dry,11,Jersey,Female,Dry,126,Smallholder,Mixed,60.063060247033185,0,7,0.28927055226920695,0,1,Positive,22.375582013043065,1.7602910688651405,1,100,Monsoon,1
38.23004802459826,0.4698764374152742,19.98749436203039,22.91719223771748,14.286405315683366,-0.19672461374444608,31.175799603662014,2,0.21145950938688673,Reduced,26.16302359535939,68.29638222726653,18.98174054956513,112.36571897114834,5.627532023167838,Poor,6.313191173818795,Semi-wet,5,Holstein,Female,Dry,138,Commercial,Confined,75.8761470378705,0,4,0.45919767548117996,1,1,Negative,19.339914036837897,7.16769979046325,1,142,Monsoon,1
38.5067630902766,0.21546210473408084,22.2790858199354,42.69413601476387,12.304921174199007,-2.2626278497506274,36.13664028526195,1,0.17313679127383252,Normal,36.006957071376476,71.46898348084524,27.726361504574204,145.75793775866063,9.138101973440072,Clean,8.142582090523494,Wet,10,Holstein,Female,Lactating,306,Commercial,Confined,60.50200246044209,0,2,0.7677247839079127,1,1,Negative,8.136259804744604,4.976324658219577,1,117,Summer,1
39.18811033042181,0.2994947192004082,13.201209886538766,46.35859424081657,24.23588911888033,-0.8937994494700683,24.999083912711626,2,0.5084165513575168,Normal,24.539535181839017,42.52311516166144,19.362261879282716,140.45404349276254,2.3181929102491066,Moderate,3.895579288359518,Wet,5,Brown Swiss,Male,Dry,483,Smallholder,Grazing,96.98004945957688,1,4,1.2704666071815276,0,0,Negative,3.5468486801626042,6.107900634780528,0,39,Summer,1
37.961481410139626,0.5309141399349082,8.735424548124493,44.474949314613475,22.998958762690748,0.3815198185492697,31.192134593636716,3,0.5859042356275439,Poor,27.12120886257774,54.524244238201945,27.098706029814885,65.11371968232423,10.521775914616384,Clean,8.795827563877639,Semi-wet,6,Brown Swiss,Female,Pregnant,116,Smallholder,Grazing,73.81200091203063,0,2,4.442551512346846,1,1,Negative,5.239861692838993,1.7194564448560616,0,348,Winter,1
38.83647596076248,0.5942916675579573,21.43205678120858,43.55121438052113,31.256418203678656,-2.1161549057680142,21.81948367057342,2,0.23991791885452485,Normal,21.837254823478045,82.57272070890083,31.40330494917609,54.25527746072146,11.415514356898058,Poor,4.678432880654,Semi-wet,6,Local,Male,Pregnant,200,Smallholder,Mixed,98.5011826461981,1,7,3.3521292559818683,0,1,Negative,16.528878210304867,2.897736271001147,0,166,Monsoon,1
39.48428565256946,0.5234317978038954,14.687214908139062,45.430408708503876,23.46085046282062,1.5348724773913596,42.6746174146821,2,0.587389474456213,Normal,20.438452640052148,45.06541834114571,31.716247553917903,89.90947341947542,10.888164605308312,Moderate,3.526278908462161,Semi-wet,7,Local,Female,Lactating,20,Commercial,Mixed,74.34407240540864,1,1,4.659956509943045,0,1,Negative,13.950533905783319,2.564135173976181,0,107,Winter,1
37.73551005926327,0.6247501427296751,9.926048542445448,55.22841471550764,19.575057043124183,1.7044198938997643,33.61828080769973,1,0.9003399638742949,Reduced,36.448884440066564,50.827358227666565,18.63735722562364,102.20794788186396,11.13026909396893,Poor,5.722587160566817,Dry,8,Brown Swiss,Female,Pregnant,105,Smallholder,Grazing,50.79188722492985,0,1,0.11890934615137039,1,1,Negative,23.55788711420123,4.698171691671901,1,331,Winter,1
38.81078031511939,0.6761053399245452,18.580254983837527,43.09553814070783,22.010769237268644,-2.0677258639401286,26.844361367435162,5,0.4731732580213538,Normal,36.51817135283398,61.21956042362135,30.78028038056088,101.55706152187145,2.153392794182637,Clean,9.008600656841642,Dry,4,Local,Female,Pregnant,495,Smallholder,Confined,41.10057630937014,0,7,1.5906958663787174,0,1,Negative,1.3103616013435886,7.978814469993575,0,274,Summer,1
38.85592967654906,0.20793905690226852,21.17270275287471,39.259174229127304,22.70624451076575,1.8364294495752091,23.362997614666217,0,0.8573901695871814,Normal,32.10522853396376,82.11370513165579,8.043721415231394,63.41072677710553,11.777923159498958,Clean,2.5514644893928233,Dry,9,Holstein,Female,Lactating,472,Smallholder,Confined,73.56603901365852,0,7,2.433153757014519,0,0,Negative,21.166244912494633,5.092615217136988,0,39,Winter,0
39.16909372306639,0.5712761275628031,17.51177147151489,42.188745151119136,11.969432360030998,-0.41537238306820157,27.316020682962243,3,0.9272714445333184,Normal,31.93756525242231,52.74245272376021,8.05458252460343,62.48174321546104,5.663571148903488,Moderate,4.620571729733163,Dry,3,Local,Female,Pregnant,471,Smallholder,Grazing,68.7124390546235,1,4,2.5740823960861916,1,1,Unknown,1.3281918182058428,4.796477948338099,0,83,Summer,1
37.957829573473155,0.9707993927100707,16.168606455270044,50.793467597567755,38.26198986600936,0.42777183873558217,25.960097665890885,0,0.0923940289370857,Normal,30.77184211020209,89.8568507681671,21.4480084060244,54.68607557792037,10.692811183651747,Moderate,7.225305351752906,Wet,5,Holstein,Female,Lactating,84,Commercial,Grazing,66.87647036905729,0,6,0.3213607034900945,0,0,Negative,10.769462320747184,6.19311981413712,0,323,Summer,0
37.907726032149434,0.615225824103639,17.362551071416373,59.12026878543249,25.119226108611468,-0.94497657819237,39.71766732399704,2,0.09581157965679699,Poor,23.303512818197277,57.763090656926416,24.555338553688067,135.08599260554004,3.868088706996142,Moderate,4.860646949564684,Dry,3,Brown Swiss,Male,Pregnant,418,Commercial,Grazing,72.17838442261944,0,4,3.0691219333793005,1,0,Negative,22.081540173589552,2.966113858916314,1,297,Winter,0
39.01316493937014,0.7420338139671625,16.517668950396867,38.71856260830822,23.260049848135534,1.1845672408401429,20.646791666710588,3,0.4760441828876014,Normal,28.45364374481869,59.32243292418116,9.58981327935208,144.77441380681788,6.465257426622369,Poor,2.5665919578609246,Semi-wet,2,Local,Female,Lactating,122,Commercial,Grazing,87.21721132466823,1,5,1.719741248540988,1,0,Negative,16.14355440676945,2.3989347010523074,0,302,Summer,1
38.878190803939916,0.4494910863335066,12.607811552239331,45.989337870288836,25.69098390567148,0.40914102827300064,28.80880853974122,2,0.5881024443177026,Normal,24.481097755276046,46.10531021153972,19.165401344179788,61.568502021797165,2.4416438862397665,Moderate,4.65599175024379,Dry,11,Holstein,Male,Lactating,455,Commercial,Confined,22.776030754075236,0,5,1.1488385229100753,0,0,Negative,14.415892400873695,6.785331272384105,1,155,Monsoon,0
38.850295710207526,0.8191931025222101,15.141277292038273,48.3835744193596,26.25646588351963,-1.4212298848964051,27.88997160019774,2,0.4258834644650292,Poor,14.051239026711976,74.00989504282654,7.830880034477692,71.31223685491116,2.4007599684282726,Moderate,8.567675089092242,Wet,5,Jersey,Female,Dry,441,Commercial,Confined,56.48947288945176,0,4,4.026969236701378,1,1,Positive,8.210484030576575,7.704136707850171,1,122,Monsoon,1
38.90786892569819,0.8183371855008921,20.08511962005526,35.07421993271177,21.15667908698541,-1.9478029999479327,27.29553819793078,2,0.32645077041750303,Normal,32.59634836992399,52.17325913922408,23.06298456659931,58.98628847349103,11.432761007696381,Clean,9.744300180040208,Dry,9,Jersey,Male,Lactating,43,Smallholder,Mixed,60.330118762730834,1,5,0.5030971841699128,1,1,Negative,23.22093273285228,3.6605551749202103,0,23,Summer,1
38.29198516705291,0.6170368381233111,19.286714165506,45.20417167212918,18.212553182555798,-2.390453652813834,27.348300070369945,3,0.6409941161261559,Reduced,29.773250292446743,71.44337976475231,30.65282110258544,137.7502171140835,10.106066125290392,Clean,2.318233579181747,Dry,6,Jersey,Male,Pregnant,170,Smallholder,Grazing,29.285683780504613,1,7,5.202045650258899,1,1,Negative,4.869164794883261,0.8094837079672147,1,35,Monsoon,1
38.839352218296604,0.9808110586233709,18.67223922386728,30.343261426579048,25.596704117930223,0.08191266464913466,27.3035751392771,2,0.002081512349920267,Normal,20.41390362517429,51.157886420146326,27.129169280585714,145.8708733536241,7.2982604441379335,Clean,6.554270541080554,Dry,4,Holstein,Male,Dry,322,Smallholder,Mixed,98.7949614764399,0,4,5.398952063562128,0,0,Negative,7.207413004312932,1.8437054147062033,1,230,Winter,0
38.87584348397921,0.3004401718101227,14.019406072586483,27.309496962606012,24.314265043188716,0.6587071176696038,33.2383963979926,0,0.9680732808637424,Reduced,25.198562056933206,59.393613361323396,16.348746572878138,76.17965767208901,7.254581735645378,Moderate,2.8424274642147846,Wet,7,Local,Female,Dry,410,Smallholder,Confined,78.55379163462197,0,3,1.9532188311811032,0,1,Unknown,11.417981798991928,6.927359942911262,0,141,Summer,1
38.27138914918418,0.2135581319116648,17.273987351457333,48.66746407892257,17.140659405463552,0.7764485181691623,31.653906678954613,1,0.23207908818802214,Normal,32.260951938800176,82.83360459772088,34.813813899113654,80.35838299353749,9.487546184761863,Clean,7.443172233248047,Dry,10,Jersey,Male,Dry,272,Smallholder,Mixed,32.12661025053857,0,5,5.921397817563285,0,1,Negative,3.904880579332301,1.4123356624300114,0,282,Monsoon,1
39.81946470668686,0.8161265694056767,9.291739814228581,41.16125258669217,30.514213668203585,-0.3769716419110668,30.51346966823672,4,0.9170987685830071,Normal,27.659701204625765,76.9452955737035,24.888049293984103,86.26696844129395,5.4166878157049005,Clean,2.0631378080644076,Wet,5,Brown Swiss,Female,Lactating,434,Smallholder,Confined,35.84343556680829,1,7,2.407599885671805,1,1,Negative,10.741586970625729,6.22254663867729,1,206,Summer,1
38.984299752547074,0.845724429891906,18.71390665554156,47.02280407621219,23.760112217937902,-1.9354946834965459,9.796063827128386,2,0.10901474453450599,Normal,18.50610346076232,47.729544997186174,29.457453033274373,100.24637593807313,9.61869275861952,Clean,2.117933005658986,Semi-wet,7,Brown Swiss,Male,Lactating,26,Commercial,Confined,71.82581488401267,1,4,5.773891845618306,1,1,Negative,1.9048884351595587,5.151837162579702,0,163,Winter,1
37.98521790167841,0.29616578329646104,23.71543083125427,44.8210502299165,26.378916173605784,-1.2231121970356744,29.798769244978985,2,0.23808718204457258,Reduced,20.934060816056803,70.38540836870507,25.09092161875198,118.24609786449268,6.850083799932724,Poor,8.21503861144459,Dry,2,Brown Swiss,Female,Dry,480,Smallholder,Mixed,1.1493421493342648,1,3,5.921270633934623,1,1,Negative,22.254731608130836,5.950497894211034,1,134,Summer,1
39.0939321651803,0.4124662663668849,12.103471471831577,35.235999513362025,30.351525326079514,1.5285229584428885,18.066163838979506,1,0.23487370108750039,Reduced,36.28642094063888,71.43203258369047,34.6824887326138,100.43905832546241,8.37917402911465,Clean,2.5954825815783824,Dry,2,Jersey,Male,Lactating,23,Smallholder,Mixed,46.404033767447785,0,7,4.96146130869597,0,0,Negative,8.409200128200668,2.4244291116229855,1,72,Monsoon,1
38.11519099786361,0.21404189069330315,15.65628930672898,44.547456980356635,22.13133292698901,-0.926942846900122,31.877920978814952,1,0.9961529042006462,Reduced,27.329301282479,44.52842367509305,29.640793016533188,145.1001581676241,11.648294501031478,Clean,4.441453394296514,Semi-wet,9,Jersey,Male,Pregnant,270,Commercial,Grazing,34.31109721022263,1,5,0.7489843872760917,0,0,Negative,15.57745938006036,0.6374745345984058,0,52,Winter,0
39.172250762245476,0.4346468886244518,19.31642711484052,32.668986949851444,23.90171204190469,0.01512644602221419,36.846984205423084,2,0.00460054572588442,Normal,32.292582951743945,63.29028271679679,20.582696536863217,59.98934585214987,6.713155575202616,Clean,9.66432339283065,Dry,4,Local,Female,Pregnant,201,Commercial,Confined,85.40029679722547,0,1,3.506515668904889,1,0,Unknown,21.022122651880892,0.7981582860492606,0,53,Winter,1
39.39515734740444,0.8185134991349372,23.011370537709936,58.909723580014,26.8601634310367,-1.8134757253623313,22.442565324468696,1,0.6396382093034958,Normal,36.19169251314612,53.033419783380396,16.006386885127696,129.8605512275063,6.184046597464501,Clean,9.88197693957977,Wet,1,Holstein,Male,Pregnant,485,Commercial,Grazing,79.12949104489229,1,4,4.3915207515368815,1,1,Unknown,19.821502749801144,5.936372610603507,0,175,Winter,1
38.20759060898898,0.6143684221700632,16.207101534799403,31.440296551400362,17.650833497199685,0.30487456818855246,26.429315665943758,1,0.8696865810608528,Reduced,24.705721959058778,63.35650713817415,25.46464487446527,83.4483090813471,11.057491739413585,Clean,3.2912228950885343,Dry,9,Brown Swiss,Male,Lactating,123,Smallholder,Grazing,33.209692672048696,0,1,0.4647871028511219,1,1,Negative,21.08798783736154,5.100480748915037,0,80,Winter,1
39.278025677546594,0.4784764745346305,15.230998682936415,43.04214729031418,22.324309977076005,-0.8865268425186168,24.403865769682017,3,0.6722736540247367,Reduced,28.760257554759136,78.85354956614376,22.70665426421027,87.75476880865476,11.02580494916344,Clean,6.487215371486801,Semi-wet,1,Local,Male,Pregnant,486,Smallholder,Confined,86.47969774987678,1,6,5.361851258586256,0,0,Negative,17.567098927433776,6.803398514684187,1,93,Winter,1
38.9476685561619,0.49739143592506424,10.124307430335667,34.57728411952752,22.753291519906888,1.3700690706636456,35.41259065454081,3,0.36273381821694417,Reduced,17.166805336433224,47.912977990515984,23.88051773082636,120.88294437102253,11.92418701883176,Clean,6.473190627922399,Semi-wet,11,Holstein,Male,Pregnant,483,Commercial,Mixed,91.36000060675285,0,5,5.110827732863689,0,1,Unknown,5.456108141090704,3.4943550371673506,1,64,Winter,1
39.193236095996696,0.20108290057237455,18.413752517232425,50.704211733607956,16.263648689899632,0.9603365593102202,28.57016731163244,1,0.9583093627029349,Normal,23.964702575826273,46.16521027940219,15.290352988512709,142.9377109874379,7.508629993083092,Moderate,5.6190455242609065,Semi-wet,2,Jersey,Female,Lactating,71,Commercial,Grazing,55.24588491342609,1,6,5.603138510968547,0,1,Negative,9.43061646004402,4.666635117446221,1,34,Winter,1
39.838075789592374,0.43984042205218876,26.168304160574976,41.68568628718497,35.90582073204327,-0.9435589198623495,38.369976283398,3,0.893520754589041,Normal,29.878746091583494,53.46582475528865,17.861852617116632,121.62007785535768,5.442615410266027,Moderate,9.397601266111966,Dry,9,Holstein,Male,Lactating,101,Commercial,Grazing,15.923700265807295,0,3,3.0857765448995123,1,1,Positive,12.776729497151603,6.376292874253309,1,285,Monsoon,1
38.55276713039828,0.7171669933103444,19.109433847858703,39.8133328037879,13.556239339045586,-0.3899960410214951,30.482525217684326,3,0.43395492024951776,Normal,26.039573820784764,87.61377251732915,21.742897246719494,127.58605753793967,4.403900631777036,Clean,8.032271272993283,Wet,11,Brown Swiss,Female,Pregnant,355,Commercial,Confined,77.0328082848268,1,4,1.9458277627220302,0,1,Negative,8.749858080404508,4.224879438761322,0,304,Summer,1
38.24775830138551,0.9793555550530857,17.910884083265145,53.532015450515544,14.211376577877054,-1.0266743600609431,29.454701083814918,2,0.5733284926111635,Normal,29.259401207574413,77.39121055924832,30.17850205765529,125.07792421587989,2.340963569516618,Moderate,8.116215485455552,Semi-wet,3,Holstein,Female,Dry,67,Smallholder,Mixed,31.934424002769568,0,3,3.038069005592381,1,1,Unknown,22.970380441612534,7.950113920059094,1,202,Summer,1
38.16629134222469,0.8776486615871197,19.288329243067942,45.29430591677552,29.885359454221476,-2.329149794817515,28.40924069561702,1,0.9675191878052407,Poor,31.649385479234194,40.972793140727326,27.887267532887094,82.09786059837248,9.267286242108854,Moderate,4.156555454154745,Semi-wet,11,Holstein,Male,Dry,370,Commercial,Mixed,52.72813900398021,1,7,4.376131404785411,0,0,Negative,19.557249892408684,6.071687885623283,1,116,Summer,0
38.21051382902074,0.2188759717164233,17.955631984205592,50.166444459359674,26.279597504779254,-1.4861636443208248,32.90795259554402,3,0.9825603619264701,Reduced,29.801299306664923,60.05024212416883,8.559676115083711,125.69304331822478,4.334761737354468,Moderate,5.47455817761311,Semi-wet,1,Jersey,Male,Lactating,236,Commercial,Grazing,4.558866452746813,1,1,2.4972310876013033,0,0,Negative,19.375888343341387,5.624828302918074,1,193,Winter,0
38.65373897435154,0.9188484837398716,14.747942510959481,35.186740634825355,15.844211095115334,0.09732599158123018,17.57388281052794,2,0.4498232757179522,Normal,28.65411362649319,52.86989895401926,12.366627500581753,128.45207602198016,8.066408852256572,Clean,5.899389587803625,Semi-wet,3,Jersey,Female,Lactating,341,Smallholder,Confined,50.009042261711144,0,4,2.1105766330928235,0,1,Negative,9.305422205189727,6.511491411162669,1,359,Summer,1
38.90469118488999,0.8265587306389008,21.293119662710822,30.95183056072493,25.643734090610156,0.2878892473443728,28.51206373312306,2,0.8473500281430886,Normal,27.954301538262673,71.9072284186087,5.799731747990823,103.34003206505128,11.165923653643954,Clean,4.391296329635332,Wet,9,Local,Male,Lactating,385,Smallholder,Grazing,38.0264533240386,0,6,0.46233432629904225,0,1,Positive,18.361285473435256,6.328926498031181,0,174,Summer,1
38.866014479598014,0.8243008988567844,18.903046092447017,46.07207962040134,30.80710266998386,0.022821855388958312,27.57972133763221,2,0.30198022695393634,Normal,24.158972128959206,62.96462267670965,5.238817038967742,103.67562386668163,11.502136073945268,Moderate,2.758542201296464,Wet,2,Jersey,Male,Dry,400,Commercial,Mixed,68.60652932407991,1,1,2.683418955924643,1,1,Negative,15.123211002312589,2.147714363149017,0,27,Summer,1
39.19630994942162,0.5663966072028572,18.070453007734628,41.81153644505269,21.818421654418085,-0.6525995809379537,32.3525129629466,3,0.3718128729306647,Poor,22.38148872256062,88.22492624319705,11.731264078407253,125.97208030624839,2.0441013398031034,Clean,3.0108737997777277,Dry,5,Jersey,Female,Pregnant,201,Smallholder,Grazing,4.078367995610854,1,1,2.357338677115924,1,0,Negative,9.62993194401175,2.0778795750738883,0,257,Winter,1
38.70780113512675,0.5184042343636023,14.098535890887,51.26434672453944,37.5929374004475,1.199599908581478,26.873790364755777,1,0.16482188299022626,Poor,33.77807188686982,50.94892254921191,28.97962844027989,131.70308622244073,5.170750313763564,Clean,3.4453690254473743,Dry,1,Brown Swiss,Female,Dry,262,Smallholder,Confined,62.49454721359465,0,3,3.9797528413113117,1,0,Negative,8.090438089555875,5.04555698610099,1,338,Winter,0
39.57212044629439,0.4423325830665541,23.214031727739037,44.2009154733745,11.655629134791788,-0.10468714315859393,21.76759339502398,3,0.2091845927767303,Normal,30.962067676424716,69.39282079994703,32.14242974523161,83.71954420306704,10.373780294652269,Clean,3.629226674919587,Wet,10,Brown Swiss,Male,Lactating,239,Commercial,Grazing,77.19560735740663,1,6,2.632469919452939,0,0,Negative,19.14321223838048,3.7703615483269872,1,131,Summer,1
38.54120590005723,0.25255588716349264,20.65881098133244,47.0507533923463,26.162940723154612,0.8548807421439208,28.044104049518197,1,0.6568733022593589,Reduced,23.05429090097538,75.01050074951112,16.753050976957944,130.15622175752907,7.364452053515353,Moderate,3.9380944736843526,Dry,1,Holstein,Male,Dry,227,Commercial,Mixed,1.2778146633863785,1,5,0.024232511731377082,1,0,Negative,14.726399800630205,7.036824532319227,0,26,Monsoon,0
40.33210149995377,0.3825882907949593,15.788316650530792,28.766174700587566,28.99917001732602,-2.860662698303778,21.50295682678994,5,0.5107816180070809,Normal,27.320466014116075,81.27822446726908,21.895957898200358,131.4209006675411,10.075087334821529,Clean,4.043680231707955,Wet,7,Brown Swiss,Male,Lactating,146,Smallholder,Confined,74.99633446720101,0,6,2.9061228748835726,0,1,Negative,1.8508938827543187,2.675767347915705,0,118,Monsoon,1
39.07540040865901,0.3972829079824197,22.007299414727747,63.88436939614257,27.34806340963148,-6.083600377427514,16.448426724475087,2,0.23113186062560287,Normal,20.04053634952318,60.34855152140035,26.181578058661422,73.41256409185793,10.53323282837938,Clean,5.645730763900287,Semi-wet,10,Local,Male,Pregnant,201,Commercial,Confined,13.020402727515357,1,1,4.642288631727487,1,0,Unknown,1.4990780110652584,2.9814458490321125,1,280,Summer,1
38.18570546615023,0.5872616557681614,16.00971664645917,43.357580149679684,20.77386564012611,0.22568204175712014,32.36273488891296,1,0.40290961636165257,Reduced,24.610530829916012,74.34609538287407,33.5881009775518,121.6950745316716,6.426262199413228,Moderate,6.07658552660833,Dry,10,Local,Female,Lactating,375,Commercial,Confined,69.80561154729612,0,7,5.671827974423817,1,0,Positive,20.3653252764413,1.7473531135602711,1,301,Summer,1
38.05746450116334,0.7979555252773551,14.871986029955853,51.97586970339199,20.257351107933104,-2.3371484805822345,31.474369436168026,2,0.37318345986368173,Reduced,29.67851577287126,55.160073569214134,32.38796711892295,68.65339218361584,5.589829380247855,Poor,4.4710336650108475,Dry,3,Holstein,Female,Pregnant,448,Smallholder,Confined,45.52763763757076,0,1,1.1577347643892597,0,1,Negative,3.0658418084841976,7.863064772865853,1,116,Monsoon,1
38.989483449145915,0.5790478627183573,14.961187530078853,36.63908329780374,24.664871026523542,-0.518677554069584,30.802545663961446,2,0.9873602045353342,Reduced,28.30101894688207,61.77380461809101,6.715769101441397,59.304911298812925,6.5543326605052545,Clean,9.258371359365825,Semi-wet,1,Local,Male,Pregnant,315,Smallholder,Confined,55.19913063117669,0,2,2.535215400917117,1,0,Negative,12.945320679462519,1.3703489973283292,1,239,Summer,0
38.56592232880449,0.2462755595577285,10.915725787647634,48.08009902217341,26.894526919912416,-0.6531455615369085,35.81757053167487,1,0.8535658372113794,Normal,27.578871230277706,84.78135656016997,12.444975296278425,107.45430120502276,8.527952026242662,Clean,6.4251177867116365,Wet,1,Local,Female,Dry,54,Smallholder,Grazing,33.73472504308128,1,3,5.084764698477431,0,1,Negative,14.99926759692157,7.871749942223712,1,212,Summer,1
39.12840029645526,0.9662318407905632,19.886169521672823,31.971552364752547,25.614840617694178,2.1811009036233053,24.00980865817645,0,0.38796633338382425,Normal,22.58191546162663,87.49538046654772,6.474336318655313,140.8652198783399,5.671591528868183,Moderate,8.299815424267255,Dry,11,Jersey,Female,Lactating,299,Smallholder,Confined,24.546640632741777,1,1,0.25707763060847655,1,0,Negative,22.067128819239336,5.797944979796624,0,18,Winter,1
38.98394257474413,0.9541794552752898,10.6754204866466,49.520678382596714,28.240347344760337,0.3999948294154096,19.413315143372472,2,0.9139165788960331,Normal,21.56774912925555,75.94086734636323,23.49627262967154,53.54590235257633,9.749882886977527,Clean,9.393902659366747,Dry,11,Holstein,Female,Dry,182,Smallholder,Mixed,7.104735805734919,1,6,2.099371959790311,0,1,Negative,12.834106500472629,1.168635409879378,0,131,Winter,1
38.65630265240588,0.8281516345187268,13.08622467493695,41.44025915614167,15.88678025759959,0.0487885401980091,27.57982133915173,3,0.34263539162817114,Normal,31.74992708693792,58.71759453880925,26.31479949417917,132.65016375949216,11.039927936850225,Moderate,3.3050809166064417,Wet,5,Local,Male,Lactating,369,Commercial,Confined,86.46899874812065,1,2,3.5464850030944826,0,0,Positive,5.462662312378634,1.6401154161271174,0,111,Monsoon,1
38.19192376915896,0.9930623212513765,9.697647963685867,45.291905039355676,20.633374125258193,1.0554867319505106,25.914998201764536,1,0.6679015127348594,Normal,35.46803353518287,81.0028894987332,14.248502370695345,100.64712107035066,4.823112021587265,Moderate,5.422995869725076,Dry,3,Holstein,Female,Lactating,440,Smallholder,Mixed,61.0429215635682,0,7,2.0550963286922608,1,1,Negative,6.9954220353439025,2.952283766960876,0,128,Summer,1
37.79109166518848,0.6355858662402103,17.655721228836427,51.97974030130098,16.359904407257474,0.35274638025855815,22.94622569937959,2,0.9666499966821125,Normal,29.74980162544015,41.29335408627101,30.615557243996435,136.08954487212299,11.649896441742396,Clean,5.46568321371687,Semi-wet,11,Local,Male,Lactating,222,Commercial,Mixed,98.27991593209174,0,3,2.9363177356914565,1,1,Unknown,2.1236885008375768,2.4525954923550355,1,114,Winter,1
38.43209102875979,0.9702146802025648,17.398718158912512,32.6745968877972,19.68332334348315,-0.8865154894826497,27.520905079073223,4,0.39027886398855227,Normal,26.138496419469814,45.13729552697105,18.58438251234493,134.3476935171047,8.227252467253106,Clean,4.835778003506833,Semi-wet,4,Brown Swiss,Female,Dry,384,Commercial,Mixed,85.04519004049165,1,4,5.634646208275064,0,1,Positive,6.107319535223543,7.798462279075224,1,225,Summer,1
39.213839276594086,0.26048403249340063,16.693215147254545,38.15508269387203,28.091325350885832,1.4072138953818396,24.330369122772492,2,0.6798849651049338,Normal,33.1251668088962,73.06868681876806,34.95144545291038,137.52868048162887,10.78168771219741,Clean,2.0712469324131195,Dry,6,Holstein,Female,Dry,181,Commercial,Mixed,86.96332672191484,0,5,0.1435590027153557,0,0,Negative,19.74822495167494,5.100065595899613,1,146,Winter,1
38.828456246478126,0.49254459860909705,13.829689221317695,49.573242810867654,22.647903524351374,-1.8646251918324113,16.983968299859015,2,0.2959238110626332,Reduced,22.789211453114902,54.56242876350287,5.011990777679748,126.88739548066734,3.0391643527210546,Moderate,8.52777686222476,Dry,2,Brown Swiss,Male,Lactating,249,Commercial,Mixed,59.78496806826731,1,3,0.46748791995111993,0,0,Negative,18.40820808725535,1.0579246254608925,0,191,Monsoon,0
37.95255673277281,0.3803050144054127,13.31106498625344,65.98221474546747,37.64115497889862,0.2848707813003433,25.352939855237437,2,0.26631231559797464,Reduced,32.26531119877844,87.5693109200239,8.2846912525567,134.2992354546995,4.514991370562387,Clean,2.8924745724312224,Dry,7,Holstein,Male,Dry,378,Commercial,Grazing,8.094270446604469,1,1,1.181778023448723,1,1,Negative,2.8846860997374955,4.440534632684361,0,108,Summer,1
38.80390855551071,0.356666467307416,19.857479454186297,43.61917665338518,23.160438203138302,-2.5213546912044666,21.181748999776858,2,0.5741566664315519,Reduced,24.01690350601898,61.80303060461524,14.053797288060212,67.60252072012037,5.210190794325922,Clean,9.963844783374071,Dry,5,Brown Swiss,Male,Lactating,427,Smallholder,Mixed,91.33962620658764,0,2,2.309394574136772,1,0,Negative,12.030742705458895,7.228548446579895,1,19,Monsoon,0
38.93119042783731,0.3126423591141409,15.79779227316605,50.91136117923932,22.358151283478417,0.10591578627399251,29.389888429665536,3,0.9792645980332182,Normal,24.262402062968103,61.46824101945885,5.765227938611394,80.38531488749416,5.028221511745133,Clean,8.183667935289453,Semi-wet,8,Jersey,Male,Dry,368,Commercial,Mixed,11.788623414923672,1,7,2.824739247923417,1,0,Unknown,7.941920928959063,3.621363648535297,0,151,Winter,0
38.169685538279325,0.6979309132527973,19.265433286144578,43.930285301415196,22.637097516641298,0.08948446265939419,24.06379145055607,2,0.45313384872016993,Normal,25.33604206888086,73.90397550954657,28.47018373214752,74.24861708072964,3.7186115659853183,Clean,6.640080140852116,Semi-wet,4,Brown Swiss,Male,Dry,23,Commercial,Mixed,51.7146009358569,0,2,0.2200288956711789,0,1,Negative,15.948821629374166,5.495979175097129,1,340,Winter,1
38.79223506356732,0.825057484597844,14.45900525550311,64.422455947563,18.173147842840386,2.3146824428719937,34.66978884484631,1,0.9376369703165807,Normal,26.494032413661913,78.37842811530948,6.583153636138617,124.24283037280604,10.682009475248323,Moderate,3.2368513419327796,Semi-wet,8,Local,Male,Pregnant,380,Smallholder,Grazing,85.6855738111644,0,4,5.295394010913405,0,0,Negative,23.11083250392412,6.298944354967086,1,183,Winter,0
38.7349252310676,0.6626387195362886,18.72425097108433,27.527783330347443,21.652980325734436,-2.5474608401626693,37.623196403607196,2,0.9143635202447616,Normal,31.57469112438452,63.777936906256826,27.469388998814818,65.36431193671359,6.186121412895501,Clean,6.123143771145976,Semi-wet,4,Jersey,Male,Dry,453,Commercial,Confined,47.24080143233209,1,2,4.5515391762867425,0,1,Negative,15.505795399750006,1.8877176864280762,0,280,Winter,1
38.01421782130163,0.3175701676705678,23.213112149264255,45.94621044669358,28.766728162669875,-1.1013307637807188,32.076288238071434,2,0.25376261234499475,Normal,20.478341255440156,50.70004508558621,6.577053763686482,68.22277903777885,11.631302124667881,Moderate,4.088869926862471,Dry,11,Brown Swiss,Female,Lactating,497,Smallholder,Mixed,16.5670354157583,0,1,1.608061841886579,1,1,Negative,18.151089634388377,6.916255557487597,0,154,Summer,1
38.91467241620897,0.8488990159467769,20.344663201571134,28.74455966437939,22.683824008766635,1.0340236398612157,18.69384290810008,1,0.4018194070843274,Normal,23.977935456264838,78.66543213628108,12.58181793959137,137.89647207219426,7.834723667901471,Clean,4.018580196344556,Dry,5,Jersey,Female,Dry,97,Commercial,Grazing,37.31968487069104,0,3,1.5406094053743162,1,0,Negative,10.156948363349388,3.86615870245914,1,225,Winter,0
39.03647071582095,0.7087637657309829,16.35034472713408,19.934284294632832,17.239241620699172,0.30297588459596164,37.03117599327424,2,0.6433024784941831,Reduced,28.04824691736126,56.01756374368138,30.23830446975589,120.58821929128382,3.383946356448631,Clean,8.636233995059882,Dry,3,Jersey,Female,Dry,171,Smallholder,Grazing,98.83873602098822,1,4,0.1535127059607866,0,1,Negative,1.7518191490466055,0.9251644799886265,0,54,Summer,1
39.349830745905166,0.5105325649015964,19.028795881423708,47.97462053117817,16.44949227712819,0.07045757700625455,37.45432270224259,0,0.5180458844113917,Poor,29.789126286249452,48.755538464692876,33.532858827131726,137.53799779190868,7.459047098339571,Moderate,5.045155391675477,Dry,11,Local,Male,Lactating,377,Smallholder,Grazing,99.97591864912428,0,5,2.3947923760574215,0,0,Positive,10.616271547146722,7.091775401351522,0,99,Monsoon,1
39.332281231220946,0.7393042364288505,17.037339301879147,46.39497796147459,19.29878865000494,-1.6342035544378088,28.112743067847646,4,0.09595852986317432,Normal,18.47578209832048,71.58200949625066,17.435790279815368,63.93552582606905,11.935451477242424,Moderate,5.605790427126433,Wet,4,Brown Swiss,Female,Dry,135,Commercial,Confined,71.08349900477425,1,7,1.5268819026329747,0,1,Unknown,12.74829848379,4.732649079889698,0,89,Winter,1
37.87339837922575,0.4079239833942663,18.031520738778912,42.15163062257798,22.443180606465283,-1.0862275221371438,35.93755696201319,3,0.9936980301271583,Reduced,23.047997586359024,44.52268334951752,34.09816892937654,89.89804045613023,7.651716870992748,Moderate,8.743717902240945,Dry,9,Jersey,Male,Pregnant,373,Smallholder,Grazing,88.79923093544555,0,5,3.7105198430507214,1,1,Negative,12.331639154132532,1.9874131338925214,0,161,Summer,1
38.13730497605093,0.4761537667953684,16.697555791405986,43.93805909960247,29.16151921285757,1.667561512334885,24.68994917171993,2,0.75265400121128,Normal,18.25636977471225,88.56763375430275,23.806427712756275,78.31511700763176,2.018693451295626,Clean,2.7023250057507404,Dry,5,Local,Female,Pregnant,55,Smallholder,Mixed,4.420672816458071,0,1,3.2872983722950018,1,1,Unknown,6.371491008829135,2.880875172935392,0,57,Summer,1
39.0090211603252,0.9339886745055923,17.342659176458437,75.98299434071258,13.95706815180138,-0.27726379063089196,16.802524390902462,5,0.43769403822471176,Reduced,23.50270138730474,71.61986322060685,17.47505367298794,50.96810852796495,11.330799035904192,Clean,6.756942824728396,Semi-wet,4,Holstein,Male,Pregnant,354,Commercial,Mixed,27.597157498249125,1,4,5.742799196450555,1,0,Unknown,11.92483141140051,4.770297232900275,0,122,Summer,1
39.00827157054733,0.43240360453713633,18.848373412296702,42.418248619685656,20.08104233266746,0.36303954421671,23.438293368270436,4,0.6181685496662913,Reduced,24.81331696307393,89.29477604608779,29.084040319037506,78.45229604387069,4.348944061281894,Moderate,6.625725450984302,Semi-wet,4,Holstein,Male,Pregnant,310,Commercial,Mixed,36.895954937383216,1,4,4.771463870341133,1,0,Positive,17.513835043346557,3.3063052682370992,0,101,Winter,1
39.009028611783634,0.5759906145263494,14.026565201672197,50.10124361250075,22.865860116610474,-0.3727824931647185,38.37580519626854,2,0.08757281726623012,Poor,29.513756153322586,56.9446711739318,13.859855604206036,87.95832519778794,8.885290530689566,Poor,5.401716554133402,Wet,7,Jersey,Male,Lactating,304,Commercial,Confined,1.1997647468181882,0,1,0.4851882230478304,1,1,Negative,8.163959897182346,2.250365347828389,0,320,Summer,1
41.01163889439284,0.9121129099168117,13.936484692040086,38.50635180386119,10.997765394223393,-1.9746282728746478,19.053520458331157,1,0.49530165368961,Normal,15.545092808127874,88.5602580595199,12.973887840806551,59.22196372427119,7.150801549554426,Poor,8.638197131392744,Dry,2,Jersey,Female,Lactating,55,Commercial,Grazing,37.696155559694866,1,6,4.225721970304227,0,1,Negative,15.582061356606527,4.09482794611284,0,229,Monsoon,1
39.0425343064159,0.766177080214022,12.445829784675155,47.95232575040603,16.998410302201563,1.200715639112495,27.997127691588968,0,0.9308324158174878,Normal,30.26634301854308,47.278112386431175,24.69643030733223,106.64875578268197,5.254337568408862,Moderate,9.543120490685542,Dry,4,Jersey,Female,Pregnant,343,Commercial,Mixed,9.303158505940024,0,4,0.6426907069306531,0,0,Negative,4.524384311820718,1.8878429577641231,1,203,Monsoon,1
39.381339384108365,0.2497625809317622,11.59891558198516,42.61766324944382,17.92066876158288,0.5548485767987446,28.204863360041273,0,0.8966009580549783,Normal,24.45321531938309,42.03473861735142,16.71462085904285,88.31726624726332,4.8263952367638865,Clean,5.722686895308886,Dry,3,Local,Female,Lactating,482,Commercial,Mixed,51.74093020156069,0,7,1.9385266199345697,0,1,Negative,7.3950618197107305,2.34034380381795,0,85,Monsoon,1
39.27240105809592,0.3178424354231763,13.130869231118083,40.8948151727027,17.22417775689701,3.258455256050784,24.92215453619313,2,0.3373808454831456,Normal,25.295505365058347,41.64920302273013,9.077540808349386,54.64616622775455,11.287598625071048,Moderate,5.649176407987198,Dry,7,Local,Male,Dry,414,Smallholder,Mixed,0.4419308898930052,1,2,3.3301068690622895,1,1,Negative,21.330341932014047,6.7005053731090785,1,59,Monsoon,1
39.09083475078348,0.20627327261753348,18.637850027216516,63.18898532200325,23.151337270129886,-1.7233720694758177,25.33887040097731,0,0.5313678638213388,Poor,31.856477993960908,63.24351852996135,7.008927058697264,120.39788648679767,11.119258959198373,Poor,6.016509837365958,Semi-wet,4,Brown Swiss,Female,Dry,74,Commercial,Confined,27.044988856715158,0,2,2.9743055538857215,1,0,Unknown,15.412314459806584,2.2140591554587044,1,209,Monsoon,1
38.5108384532158,0.7047374321833308,14.428849938032464,56.77184963184339,21.036642342989214,1.033859381800721,28.433494805417215,4,0.6973835240876468,Reduced,33.724440510194654,44.15020987392974,28.63527728745432,122.92798338411035,7.131348400537792,Clean,7.784992246664492,Wet,8,Holstein,Female,Dry,68,Commercial,Mixed,86.62834026342114,0,1,4.160008516004005,1,1,Unknown,2.97430863217509,5.71525588400534,1,16,Summer,1
39.15538153229596,0.5581387403283347,20.054457856924387,46.36746647399231,18.66828338439378,-2.167315949055502,24.627025948391637,1,0.34000926690790534,Reduced,23.72442211772798,65.60839420838009,25.277321954070338,133.4471442969435,4.584951955351392,Clean,7.344482325591699,Semi-wet,5,Jersey,Female,Pregnant,482,Commercial,Grazing,21.305805392026457,1,1,4.860170101896026,1,1,Negative,7.086646841695541,2.3785235990524454,0,44,Winter,1
38.23630487127746,0.30741988072182047,18.13885499501025,21.957880640560333,24.56777575931581,0.03601985150961651,19.467649016992414,2,0.06487921809393848,Normal,23.69072452818154,56.375025175445025,17.353946738198097,98.55405998669826,3.0234203217199775,Moderate,3.7826795936550965,Dry,9,Jersey,Female,Pregnant,332,Commercial,Grazing,6.484342964894818,1,2,4.976312648819729,0,0,Unknown,23.861107928455088,2.092987751091338,0,46,Monsoon,0
38.557908835956,0.9663472968454163,10.125983146247785,41.389907767474305,32.3384483058775,1.264759883594747,29.290191657660735,3,0.5054416567178047,Poor,25.228888511096823,56.78144962370578,31.8868290551317,146.86587973345098,3.565763828590856,Clean,2.5111627887947465,Dry,9,Local,Male,Lactating,488,Commercial,Confined,24.973078444945497,1,3,0.35000256970394705,1,0,Unknown,7.21241159490857,2.3836666702986014,0,254,Winter,0
38.408781871302544,0.6237277791564959,20.61990233688676,72.03027564405083,31.83553910045051,-3.308202674144731,34.440199494669834,2,0.6016357358233364,Normal,23.666101010643445,71.7804498272585,17.325702573277987,141.40641445324565,7.222517257406045,Moderate,9.594033038534315,Wet,3,Local,Male,Lactating,374,Commercial,Confined,82.75587060034869,1,1,3.8499339283017795,0,1,Negative,14.35170606470586,4.012234754679978,1,333,Winter,1
38.749124483631796,0.3935146352903114,21.24319458236684,42.69338333360292,10.463369367625983,-0.5073987113624119,33.21743511192052,5,0.005841600121510249,Normal,19.82454936076108,48.15490030758101,26.308864143961507,105.13516251001316,5.078299605790091,Poor,4.088558077869634,Semi-wet,9,Brown Swiss,Male,Lactating,362,Commercial,Confined,58.718736349453124,0,2,5.768267678605444,1,0,Negative,13.657988092105473,1.597097558905166,0,58,Summer,1
40.08879514000411,0.6004828569237661,14.024549300660587,56.032175720536586,25.462433103010838,-1.0448146010639305,23.14158719566113,1,0.09557537353853063,Reduced,26.842890500480287,78.32766851698655,32.27345825621879,94.49519310694171,2.420681422599567,Poor,7.108773477524734,Wet,4,Holstein,Female,Pregnant,74,Commercial,Grazing,58.60743693375407,0,3,4.53012572394996,0,1,Negative,10.254361835947583,1.299594039466728,1,70,Winter,1
37.579640884444956,0.7436962661880864,19.680766171579968,59.419424019526005,20.93186025961697,-1.2529359474426827,20.492632507733944,0,0.20729064359415228,Normal,23.700106341634935,69.10154598893173,30.221463761253304,50.30344279029229,6.5516738531110015,Poor,8.627504021949779,Semi-wet,9,Jersey,Male,Lactating,331,Commercial,Confined,0.057401166750215005,0,3,3.1194181254455504,1,0,Negative,1.7768888953221946,6.175554931471456,0,229,Monsoon,0
39.11175611422471,0.2609913743788516,14.574007050363203,47.18963915855975,22.930932057192138,0.3778189783890313,26.294872707071328,3,0.34805228699093416,Normal,27.48928076859574,85.74723144237555,20.33314329018737,121.09945317392338,9.461892924643136,Clean,4.40221400437749,Wet,2,Local,Male,Dry,349,Smallholder,Confined,47.21512138756111,0,6,5.991237997450882,0,1,Negative,7.53974990791668,0.6747625341707761,0,320,Winter,1
37.73237047728621,0.4197630520383136,18.390681506993342,36.58178368131848,19.610301798744707,1.481028559633893,37.40674905877398,2,0.5410512228305804,Normal,35.54345769046972,58.24203268837617,25.41909177340198,106.4954504049691,10.916951159599876,Clean,7.08346730925543,Wet,5,Holstein,Male,Dry,279,Smallholder,Grazing,26.5618039701236,0,2,0.26389232720087885,1,1,Negative,22.92703279227066,3.391131355722701,0,208,Summer,1
38.416840880526344,0.845572392707195,12.942006372180138,20.646876682171115,22.705531779323213,-0.39991807284373326,31.873588473757273,3,0.2938429187596653,Reduced,26.471751797675278,89.13574960335627,17.409973301821072,143.75441454860805,7.852840456830894,Moderate,2.8632019291937993,Dry,6,Brown Swiss,Female,Dry,384,Smallholder,Mixed,33.6209012216395,0,7,0.5289172663673742,0,1,Negative,1.4413912485812341,3.470258109014186,1,326,Winter,1
39.35337035818042,0.567731896322129,10.827574189861693,51.84163208608955,22.90844437643211,0.10822964134003027,32.2237880607654,2,0.27618381440650375,Reduced,23.221484982201897,68.79138233570116,24.41591516882342,109.42321252412441,9.23292123842446,Clean,9.759451555005285,Semi-wet,3,Holstein,Male,Pregnant,428,Commercial,Confined,59.86866376681213,1,7,4.608852493804756,0,0,Negative,17.460720541956274,7.197810074936783,1,221,Winter,1
38.73856801145728,0.637261713625836,16.468731241548124,36.85243997176452,18.52628945590646,-0.028536870411128373,33.339141710712966,0,0.8693493438130818,Normal,25.638883078845243,88.6700978093767,12.726573150361876,149.285609389273,5.640704708649324,Clean,2.465266200405007,Semi-wet,2,Jersey,Female,Lactating,149,Commercial,Mixed,87.43397751253548,1,6,3.2984869555674283,0,0,Negative,21.533241367720382,6.308683258214375,0,60,Winter,0
38.05335313324242,0.5462528017675754,17.505084214900656,46.76150451887692,16.621794713048914,-0.19729474046537876,30.524599375111517,2,0.14505064080142627,Reduced,27.643452011580806,41.35303270235577,18.042263413086598,135.38192718632905,6.962381792169395,Moderate,5.50539739072781,Dry,1,Local,Male,Lactating,422,Smallholder,Mixed,18.165690583787764,0,2,0.7465466649702437,1,0,Positive,18.534892447355862,4.330075480454255,0,281,Monsoon,1
38.27081777444402,0.23511995411440412,16.409281225541584,32.50179660410636,19.307825904283096,-1.8340139565681592,28.723651285681473,1,0.49546013317236026,Reduced,26.172681617880095,76.3988161206194,11.28637212805517,145.3597935814953,9.296268565100291,Clean,6.294553936480186,Dry,11,Jersey,Female,Pregnant,107,Commercial,Mixed,76.82220236685471,0,4,2.2518753300903755,0,1,Positive,8.43474010366918,4.098597402016234,1,343,Monsoon,1
39.10775864936081,0.33259982385612474,13.263877767109761,42.34762459529798,23.405555586740594,1.4626669025843393,31.97384137988781,3,0.952824716936136,Poor,24.185854253195714,80.83107621463682,6.145548580386441,82.7662771285039,9.276582273722944,Clean,8.323854229306912,Dry,7,Holstein,Male,Pregnant,411,Smallholder,Mixed,4.890217743843738,0,3,0.3857317892029821,0,0,Unknown,12.970761362609704,4.7420097474195,1,267,Winter,1
38.261780020969724,0.5564333109935127,16.40040375147545,45.33719054901053,25.593978050105584,0.24279305223825404,24.72300337469188,3,0.6250132491160458,Normal,18.716307729277485,42.658664333824376,22.656195517261168,64.93359947672664,6.245262645695042,Clean,2.96902813657937,Dry,4,Local,Female,Dry,339,Commercial,Confined,32.67291659126095,1,5,3.1585216804781355,0,0,Positive,20.95359288550298,3.1837086914513226,0,349,Winter,1
38.829875153749185,0.36734837232634227,19.077179010322936,47.68593581044298,27.12009386404088,0.3923222350038665,19.513221931802075,1,0.7172054798944385,Reduced,30.16833970624279,68.94848320081229,30.932880360523928,129.68721137951252,7.436673415583227,Poor,5.5264637908414125,Dry,8,Brown Swiss,Female,Pregnant,409,Commercial,Confined,21.891268967985145,0,4,0.6244164061480026,1,0,Positive,23.435527739937424,5.755828915719132,1,341,Summer,1
38.72734310394229,0.239983222927743,17.82042787950985,33.85177812647586,19.034859861598523,-1.4097644435383734,32.33798160774594,0,0.4312369913906071,Reduced,22.53383608236654,80.09711467947241,5.767348238695745,128.61971029691324,11.238553395509694,Clean,4.397692556347619,Semi-wet,8,Brown Swiss,Female,Dry,359,Commercial,Confined,91.55839836729552,1,4,0.0413915729501948,1,0,Negative,3.2316685692611404,5.645533784520577,1,319,Winter,0
38.30903979143651,0.8749197312414589,18.730004122396853,56.96910948761352,23.70306740381642,-0.8888305969838608,35.42642863449535,3,0.019932167119719568,Normal,34.31238108197088,68.05193626115364,10.880892221878877,71.14489394055632,8.319976049432336,Clean,4.49608572554672,Wet,8,Local,Female,Dry,289,Commercial,Grazing,17.799790636584945,0,3,1.934544761739601,1,1,Negative,3.860045329205931,4.809909912051622,0,154,Summer,1
39.986366453595195,0.9849540233312928,15.319539198183069,39.03105215268029,27.77501555171979,-0.46420129656616754,21.29060836386381,1,0.6461303683672054,Normal,25.155337045129848,43.190679520273335,18.8055517781126,126.47446541349127,8.425746256865896,Poor,8.230303328522007,Semi-wet,2,Brown Swiss,Female,Lactating,379,Smallholder,Grazing,57.86319181310115,1,7,1.4032059011232167,1,0,Negative,22.98364373667908,0.9326951355866565,0,41,Summer,1
39.08035141339081,0.8345142991973915,22.68687165886464,28.25530539546755,28.99356937086477,-2.5011870401732774,32.9315288944954,6,0.6319242814281241,Normal,24.417405330621982,74.67236204491557,24.9769045052676,108.19733580414061,9.8462029238536,Clean,2.043687560254665,Dry,5,Brown Swiss,Male,Dry,473,Commercial,Mixed,16.478316575523987,0,3,2.1725866602842245,1,0,Negative,21.070361668084303,1.4512824247267062,0,309,Winter,1
37.48491444800544,0.8830279373637338,13.295306653780877,43.90976580036536,21.647002875210866,-2.732051487796517,38.08459428032914,2,0.11042763646333309,Normal,24.642543497606407,43.02984573366543,10.136875810096592,60.952514490167296,3.152228963159728,Clean,7.99266913068773,Dry,8,Local,Female,Lactating,479,Smallholder,Grazing,47.348371527668,1,3,2.102739791678654,1,1,Negative,5.854730294292237,0.7945720715844397,0,203,Monsoon,1
38.81187258886166,0.3935817042536363,19.950241188346876,45.3437530902646,20.674409650362325,-1.1011218959578517,27.986522789457275,1,0.4621597136246315,Normal,27.750954185775964,80.87344475082193,6.700844869118728,100.17835975702087,7.228842916487276,Moderate,8.48318744098485,Dry,10,Jersey,Male,Dry,380,Commercial,Mixed,41.339990136508085,1,1,3.7800773141282122,0,1,Negative,23.312393233226334,5.888868001766887,1,230,Summer,1
38.30292812113897,0.9685015804105599,22.727564371839847,46.6058943317176,23.146745403018354,0.583781149663585,23.091986891549524,2,0.9153289446656504,Normal,22.667892150588234,42.15170916533472,20.571461531806676,143.11380008386783,11.59431736270982,Clean,9.210897950736552,Semi-wet,2,Holstein,Female,Lactating,145,Smallholder,Mixed,4.135719223384782,1,2,4.080088774946106,1,0,Negative,5.807046737289346,4.081997600996177,0,152,Monsoon,0
39.211460000877736,0.3575405635627427,19.92363237099558,58.621324036850794,15.101755162615566,-1.1797060848949112,28.738112041160534,2,0.20508483197197513,Normal,23.62401665343179,46.86986905051854,29.561291391719262,100.64575454452287,5.616603921760989,Clean,7.015054425843868,Wet,2,Jersey,Male,Pregnant,346,Commercial,Confined,82.5867593700604,0,7,0.7641540850948259,1,0,Negative,3.03585114730099,7.662358771227854,1,337,Monsoon,1
38.22448755694038,0.9611438482894659,17.18990309174068,42.6355116326414,20.83834293378695,-1.7282077963860702,24.69679619079579,0,0.4610987546341103,Normal,30.111778991044364,53.75537952616342,6.057047279383139,128.8698989553472,4.9492614642209105,Poor,4.66764262617793,Dry,1,Holstein,Male,Lactating,204,Commercial,Confined,78.01127151166438,0,6,2.9319694013030695,1,1,Negative,16.68337050233436,7.642462756669581,0,94,Monsoon,1
38.63115813511986,0.9958554351727609,15.886811813348084,43.803803756312284,26.46751839083878,-1.4220284798565053,24.29961934026159,3,0.4611031852005204,Normal,21.9114181975239,71.66823961304,15.481083510770777,52.890998664195656,8.012079656047575,Clean,5.417877860390965,Semi-wet,6,Holstein,Male,Pregnant,384,Commercial,Grazing,27.785837206780517,1,2,5.3349081698879806,1,1,Negative,13.415308370327043,6.486281138452056,1,128,Summer,1
39.00299236738828,0.7693782445968391,22.144350604185025,33.96815618766907,25.85168277666221,-0.8830136347179689,30.599104403629255,1,0.8107614681476384,Reduced,29.741138598755064,88.8179549815653,24.905442283800056,122.80814128625937,4.211194245653035,Moderate,9.757888658299434,Semi-wet,5,Local,Female,Lactating,49,Commercial,Confined,61.39951368959531,0,2,0.8904632306502875,1,0,Negative,6.5122956440594155,3.82286686956942,0,229,Summer,1
39.21945311650207,0.9849149854334576,12.308100298953308,53.20553502887897,20.378394373816665,-0.7307884442301555,18.37762314982063,2,0.8245758703294446,Reduced,31.137320425106672,45.89114263099672,8.922260183074009,144.68373861374772,7.55945156523649,Moderate,9.049494611486818,Dry,1,Brown Swiss,Male,Pregnant,227,Smallholder,Grazing,36.266958088077835,1,3,5.801247126415723,0,0,Negative,22.350390344059605,2.8726279958268686,1,73,Winter,1
37.979822155766534,0.6556318236536829,14.119502958481426,46.843090640781035,23.306309206523,3.048282178309835,19.336426465046635,2,0.7592694196633919,Normal,30.3381993775667,47.13538346069592,12.078403306782704,99.95277848929358,3.5565201085764055,Clean,5.708207272795536,Dry,11,Brown Swiss,Female,Pregnant,27,Smallholder,Confined,76.92271432799548,1,4,0.11607102229168298,1,0,Negative,10.297517208175119,2.007306635093366,0,83,Summer,0
38.499299258495434,0.4076334265408723,16.409768938033114,40.79972272705837,17.052097958255874,1.3819309427309776,28.115745282243658,3,0.36545415918827373,Normal,28.168126868270793,58.44351983504902,21.06477931358798,83.77099130255864,7.797934606979056,Moderate,9.54450405688738,Semi-wet,8,Holstein,Female,Pregnant,161,Smallholder,Confined,69.24844562828575,1,3,0.5982981040566251,0,0,Negative,10.266851574990156,2.243711900023724,0,236,Winter,0
38.41503281330343,0.5495967085324966,22.95061503004799,25.953253065345365,26.220952889350148,1.3371611684225921,27.866148766525413,1,0.0720369250185201,Normal,17.979136727026408,81.81095688776601,33.596950890926536,114.66505048868973,8.023791836451775,Clean,8.583639003251673,Semi-wet,8,Holstein,Male,Dry,323,Smallholder,Grazing,9.046698111996188,1,3,1.065465249855324,1,1,Negative,15.531994599801369,7.927388427685275,0,192,Summer,1
38.308002460455775,0.6748487483030288,19.519070544163583,59.44412195055087,21.533071383181163,1.552870546410072,30.061327462239614,1,0.3494829772240141,Normal,20.94642100211273,63.36154763754071,13.620278547312681,141.62612150932193,6.1840047901226285,Clean,9.208718893278359,Dry,5,Local,Female,Pregnant,231,Smallholder,Mixed,84.41881653698631,0,4,2.8187593798301815,0,1,Negative,6.308286028813924,4.47761578967222,0,46,Monsoon,1
39.75927254416866,0.258465249621612,14.127816965959019,32.72320035543943,20.344291289823172,-1.6982313040010741,39.25135233090033,2,0.6797912012713396,Normal,20.223120578374274,56.08053001279109,19.62582263662131,67.6769650533343,5.827464254386886,Moderate,7.463817876607368,Dry,11,Holstein,Male,Lactating,303,Commercial,Grazing,17.9426105095042,0,5,1.7949152489795552,1,1,Negative,14.49749262607789,0.5919011222067176,0,51,Summer,1
38.942989026576576,0.6978746116937968,16.758769178460387,39.08721990630294,19.82965698343968,-2.0335469224808587,28.627084216454925,1,0.7027465744890764,Reduced,25.108112126363743,68.06019161044307,16.997925891932546,90.36942100227097,4.454582784004494,Clean,8.86123234769596,Semi-wet,3,Jersey,Female,Pregnant,409,Smallholder,Confined,17.41097024653937,1,6,2.509020267575573,1,1,Unknown,9.37165839583911,0.8321990253402594,0,220,Monsoon,1
37.943469627398976,0.9849422694098358,15.542707423614821,48.58344511076003,21.62263679860085,-1.860305437301085,31.589032902008768,3,0.965000209476719,Normal,27.15620561488974,53.0261598722875,31.9219001609024,65.62902809818412,5.309223078335943,Moderate,9.134129130674605,Dry,8,Holstein,Male,Pregnant,433,Smallholder,Mixed,73.37468748195516,1,1,5.64487051620839,1,0,Negative,16.98520318642049,3.940746620920213,0,99,Summer,0
39.25071716823287,0.3520861198269821,15.16084403106586,33.034420713833136,19.31273413040825,1.8017592000067568,22.14680238631221,1,0.4536412314437085,Reduced,21.04459084157579,60.05799536237605,7.156695920933469,99.66542322198927,6.983459671913634,Clean,2.7361326763253713,Wet,3,Jersey,Female,Lactating,151,Smallholder,Confined,18.325106139076198,1,5,2.0482874174958723,1,1,Negative,6.697271783928138,3.8261133976070214,0,286,Monsoon,1
39.973293718207586,0.8340760930307067,21.915558234227117,30.064902217468564,25.94885821601538,-1.0207876833237364,32.607625981099225,4,0.6324355829402903,Reduced,26.136613314853353,56.63025746160209,21.98442774022293,104.0422013030559,4.47658901029101,Clean,9.721735813285267,Dry,4,Local,Male,Pregnant,375,Commercial,Confined,12.239695354142855,0,3,5.088696064542642,0,1,Negative,5.2656242190604425,3.5416904380173655,1,101,Winter,1
39.319479156330694,0.9263190350236956,12.513027482945978,23.76052417299335,19.628298711902914,-2.0770342733589304,24.841654809335935,0,0.5391908707225317,Normal,30.42102203565333,80.2070511207323,30.38359097569832,144.420361472166,9.828344633718626,Moderate,4.6689047901125065,Dry,11,Holstein,Female,Lactating,342,Smallholder,Confined,33.5582827228481,1,2,0.4368435753499569,0,0,Negative,6.745716563354127,6.677025641362292,0,144,Monsoon,1
37.788378020427594,0.9549612742561766,24.435123422937494,52.20996952905636,31.557784576164288,-0.8464943003297194,28.42852499548656,2,0.15061856011323738,Normal,22.006370356281604,86.21278632190004,34.64352731187775,91.25151537676274,9.090352413257717,Clean,5.5191960766668435,Dry,7,Brown Swiss,Female,Pregnant,413,Smallholder,Mixed,83.87124808031767,0,2,4.871672000564112,0,1,Negative,22.526501010892517,5.773665149731849,1,235,Monsoon,1
38.409459556280254,0.9681084835243579,21.31291876073849,39.54813755273678,30.791263020888287,-0.5579082975719412,27.34690824958503,5,0.46120247213213605,Normal,22.90771163342979,77.97860960784558,25.961764925654222,106.69566135396983,4.693058671459955,Poor,8.335230073542522,Wet,7,Local,Male,Lactating,121,Smallholder,Confined,17.68087582325213,1,4,5.409354784180461,1,1,Unknown,20.532265301497954,1.3056286164163309,0,313,Summer,1
39.46014668951198,0.6171677109771776,22.363446682414793,74.2727009247333,16.650739060872972,0.2026199105418432,34.19784540948419,3,0.5448351546889942,Normal,32.904797494270994,61.954178801499175,16.398064269995736,138.52625740541524,2.97435163101548,Moderate,7.3191704445799814,Semi-wet,4,Holstein,Female,Lactating,302,Smallholder,Grazing,33.90729931178201,0,3,1.7099955340421273,1,0,Unknown,20.064663065821374,3.220091720901829,0,362,Winter,1
38.27539832062873,0.9818463263932029,16.148241951898967,35.05644934369127,22.418225616575683,0.1764265310680645,20.140140673750004,3,0.9507496060422586,Normal,22.363498925374007,65.21674887483319,17.35473057601832,82.14050001761586,2.001800389839628,Poor,9.14447929948846,Wet,9,Holstein,Female,Pregnant,485,Commercial,Grazing,28.625395057725644,1,7,3.282593577538938,1,1,Unknown,18.955977249147384,4.975099515933493,0,317,Summer,1
38.96629165688774,0.8058481657075511,17.400237123683564,35.785489765710786,18.09606027198283,-1.4422708458102622,14.300568192309763,2,0.36653905440895607,Poor,28.71137570730288,46.25368469647179,15.550466592282918,117.416386896759,7.967188523814889,Clean,5.204590006214177,Dry,6,Jersey,Female,Pregnant,448,Commercial,Grazing,35.6060864719886,1,4,1.1229659797205966,0,1,Negative,15.64986661241252,3.3686665932771964,1,273,Monsoon,1
39.164780432057604,0.32933714898956956,12.267392741901151,39.346070297145985,20.04011462086833,0.8284845887705663,26.719403817472454,4,0.9800991031079778,Reduced,33.1962766473175,77.34323555672688,23.108392994208604,125.71618488220965,4.113637464536488,Poor,4.986305309409269,Wet,8,Holstein,Female,Pregnant,94,Smallholder,Mixed,71.42717943576957,0,4,0.5451379787145165,1,0,Negative,3.2631821494500572,2.0622899836570108,1,245,Monsoon,1
38.14384171705316,0.581520085174376,15.901350371732788,47.43134655138489,34.01456480586879,-1.1587903006252371,30.811187541430744,3,0.5423000740240844,Poor,21.09252872214391,69.82378396975221,27.182173121547528,83.05282346870095,2.1258247010153912,Moderate,2.2535107963305574,Wet,7,Jersey,Male,Pregnant,119,Commercial,Grazing,40.54655809843882,0,1,4.622408446493141,0,0,Negative,8.466994139609284,5.210397182124931,1,248,Monsoon,0
38.66428478636292,0.7746649402976031,19.974619390572602,40.29796661214689,20.154571497305206,-0.43441450505756457,28.913616254845,0,0.24246924330305752,Normal,21.46658987587471,85.12199980687183,29.584026907667926,66.43411855306445,5.590852705920227,Moderate,5.701803013357265,Dry,4,Jersey,Female,Pregnant,251,Commercial,Confined,75.95766813408427,1,4,3.7789794802669476,1,0,Unknown,13.92298053210425,5.016868773563244,1,263,Monsoon,0
36.75523959595856,0.3978722526552667,23.184252247125585,51.123322140025124,24.161356222464573,0.8301611057550327,35.39322542448347,1,0.1916643870158078,Normal,25.842594652144527,50.03055717875766,17.497793290495157,100.29095419022732,11.619984623174334,Poor,7.79256616263287,Wet,2,Brown Swiss,Male,Pregnant,310,Smallholder,Mixed,64.04031382483673,1,3,4.513459738458563,1,1,Positive,3.4322437158757166,7.809570806214776,1,163,Summer,1
38.08536741519943,0.7124921468391099,13.571372732790193,35.21411610011346,25.24792776404967,-1.162732105916512,30.62423604507801,6,0.14169491726023176,Normal,27.338001481162248,77.98630609663061,26.50125506777118,85.68017301333016,8.899428076298173,Moderate,4.4094297410097285,Wet,11,Brown Swiss,Male,Dry,255,Commercial,Confined,36.109918210891735,1,1,2.638115607000822,1,1,Negative,1.6926768620321633,4.708027407241742,0,121,Summer,1
38.54845910916411,0.7332803832372954,16.537976252058936,31.18408281536419,15.996223765100556,-1.0540271353717063,24.61691000884084,4,0.452932870573453,Normal,23.791975244716927,74.23358308595948,32.48667776089329,76.6462431792214,10.577637029224581,Poor,5.7018121093907315,Wet,2,Brown Swiss,Female,Pregnant,288,Commercial,Confined,43.22407816072305,1,2,1.4976371620519773,0,1,Negative,3.1488566625357786,7.057231896845898,1,197,Summer,1
37.951330090821095,0.3301597950468527,17.39480311906991,27.017852605908924,16.86942715354477,0.6875020745396965,14.047479075161917,5,0.02192642978892323,Normal,36.856412697571336,53.29227669048761,32.62474383352116,147.3421310694105,3.447390982607301,Moderate,3.7551821478822243,Wet,8,Local,Female,Dry,395,Commercial,Confined,70.36227120585032,1,1,2.5610997614455053,1,0,Negative,3.485601835597457,7.618971472729297,1,347,Winter,1
39.67944678235899,0.652068249962205,12.41684319123006,22.76425832062803,14.763865771551288,-1.486599764907529,26.57612659482869,3,0.44504528331486537,Reduced,29.693132915816147,73.36893197704126,26.120870081439275,100.21530187015333,2.732881546194364,Moderate,8.182302446971686,Semi-wet,8,Brown Swiss,Male,Dry,74,Commercial,Grazing,53.475541317823016,0,3,0.3887414447127242,0,1,Negative,3.519382941668255,3.7608798107574715,1,30,Monsoon,1
37.841915173223626,0.8173015287828862,20.3653969670336,39.81930980524943,16.684175596613336,-0.777188035406106,34.16775401354679,3,0.9884046921559463,Normal,22.978438677755573,86.21866902883248,24.107065784376083,135.64776938434238,2.1152976350972246,Clean,2.484092490729177,Wet,1,Jersey,Male,Dry,273,Commercial,Grazing,86.83401614273868,1,6,1.7011618653698968,0,1,Unknown,5.373961175346345,0.8967027688967678,1,172,Winter,1
38.43597330798181,0.5991165316287536,15.104038673029564,41.99019687606778,4.899819344096905,0.6336132670643388,25.647713303997314,0,0.6701067957222666,Poor,20.169960419148694,85.92179938335595,20.945782265750204,69.53174105433592,11.55662290019487,Clean,7.643064440003986,Dry,1,Holstein,Female,Pregnant,234,Commercial,Mixed,93.31834184767672,0,5,1.7851365472423963,1,0,Unknown,12.479222994632886,1.5762079822640724,1,106,Monsoon,0
38.77844434637166,0.20968249342088596,17.218438595291904,38.68562972516817,25.26749440476177,2.8811386621539627,28.169921582066586,2,0.7597861212004047,Poor,26.684987245216973,75.98132872580706,10.495930045463858,143.94427648991308,5.002027353535484,Moderate,5.031520093959868,Semi-wet,4,Jersey,Female,Lactating,318,Commercial,Mixed,71.77073260383426,0,1,4.287147904821776,1,0,Negative,7.565364798282081,4.27977648146487,1,208,Summer,0
39.564763973439675,0.20723077526343375,16.192202512352488,57.43405797187162,34.32516304753642,0.70810675714412,30.52816152584025,2,0.11900539071826255,Normal,29.19419150967234,42.40365562670301,8.708889578162555,129.4431434569022,6.595049423408581,Poor,2.3327685550969663,Dry,1,Brown Swiss,Female,Lactating,348,Commercial,Grazing,98.92071198222791,0,6,0.3188106391454355,0,1,Positive,20.783047529204858,7.197185027286611,1,56,Monsoon,1
37.838482709292336,0.4856234751760098,14.842645977121302,57.28030209608135,22.88692443421916,0.5089596444850175,21.908245754501102,3,0.4731008614900908,Poor,36.2022726062895,83.61321686600807,19.57133020368141,130.86921561891424,5.945236236017745,Moderate,8.827756698334287,Semi-wet,10,Holstein,Male,Lactating,343,Smallholder,Grazing,59.653678741933504,0,5,1.4716308702479197,0,0,Unknown,21.151187358286617,5.40599052111831,0,136,Monsoon,0
39.39789825129298,0.9409552547454256,17.971820058077782,41.65197012555498,13.502386843956355,0.5962023755090944,31.739415379832906,1,0.2862231010257139,Normal,27.379073838286622,72.888930350227,9.78332468622378,88.97648751959287,9.304569353928592,Moderate,5.901774905449321,Semi-wet,1,Jersey,Male,Pregnant,318,Commercial,Confined,3.9830790310707465,1,1,1.6596621920319847,1,0,Positive,22.165744347195016,2.0111128747081355,1,223,Winter,1
38.706139836611754,0.382941423682887,17.13756168572791,27.06078886808037,18.143341702600313,-1.809785411100574,37.822730740010236,5,0.8940975279890293,Normal,25.785555185869715,55.521712659136725,22.30999777008008,98.56369930776863,5.099648819527431,Moderate,6.794551756929033,Semi-wet,10,Holstein,Female,Lactating,315,Commercial,Grazing,50.48520561271634,1,1,3.308163430670692,1,0,Positive,11.836660181378168,5.75783262298847,1,20,Summer,1
38.11109480937123,0.7074909510973497,16.512568470885338,39.33294891944947,19.246738929850018,-0.026604891980138018,26.96311988863956,7,0.18129247201391252,Reduced,22.117137605928377,49.36251808528496,24.371081909036544,109.335432589868,7.354528826140515,Clean,7.856245532195655,Wet,11,Jersey,Male,Lactating,389,Commercial,Confined,23.000927938585892,1,4,1.4681668269659318,0,0,Unknown,18.802961362136756,7.206644936025487,0,286,Monsoon,1
38.977262084557964,0.3776606965546565,15.086153513278628,39.00178606082939,15.894491336719746,-0.24464973250460265,21.22561346900619,3,0.458733327136742,Normal,28.851913190025165,45.81019314986585,20.76846792560122,128.97655362050648,11.955822649554676,Clean,7.24059546400951,Dry,5,Holstein,Female,Pregnant,178,Smallholder,Grazing,33.371318038430864,0,7,0.7945744602291369,0,1,Negative,14.592604750872072,0.7266916963385088,0,333,Summer,1
38.819435817344086,0.45733599172763895,19.278098683131823,38.42865037721942,27.16109583037094,0.28237681055913416,27.600393837868157,2,0.5880477183456377,Poor,32.08345931425245,42.51184496288805,6.092801375378409,134.90567520604378,6.440635513442363,Clean,7.846854966516893,Semi-wet,1,Holstein,Male,Pregnant,278,Smallholder,Confined,49.007005214820296,1,7,1.5478845834605863,0,1,Negative,4.320569661074368,2.321090916551425,0,26,Winter,1
38.33986987370473,0.8784336716811871,24.61446907396914,38.022810961017555,26.861560266252003,-0.02523792128619376,14.653695348346787,4,0.5140410915785326,Reduced,18.06316712466776,77.70516239753782,6.731838764069965,57.80453093519344,7.512715406997556,Clean,8.098253476622862,Dry,10,Brown Swiss,Male,Dry,247,Commercial,Grazing,29.50508044108314,0,7,2.531297853254313,1,0,Positive,15.621067825158892,1.6488561845059646,0,66,Monsoon,1
38.74188125099401,0.7830891538159575,18.55954893135651,38.465371042751926,15.067289237094043,0.3695495161256687,30.021419583859696,1,0.8302435279704073,Poor,27.373456421161414,51.792149947163765,8.400235540444564,140.40623875331744,7.025280623108378,Moderate,6.713212244516887,Dry,6,Local,Male,Pregnant,396,Smallholder,Grazing,30.962163876517003,1,5,3.1528603698012914,1,1,Positive,20.251483820381207,6.380772508598418,1,61,Monsoon,1
38.468811841882946,0.2763194218505685,21.984472859644516,41.134583841022405,26.350486266685046,-0.6672007923488024,30.713646265891473,0,0.23145317131964038,Poor,21.899253095216316,41.21264680216275,9.60937414965017,143.7496652504261,10.031861581360323,Moderate,4.925102647262054,Semi-wet,4,Brown Swiss,Female,Lactating,164,Smallholder,Mixed,40.20163364101822,1,6,0.21941517056829674,1,0,Negative,9.002635566176629,7.1860805680407145,1,45,Monsoon,0
38.76811040715075,0.5429616167891469,12.43911229938615,38.64458901184443,31.16087598146359,-0.11208662394231092,38.053817763073376,2,0.3773911104236912,Normal,20.212215267722925,59.86353259209946,34.696478413079994,109.28874043567856,4.66839654033575,Clean,3.945137197730741,Semi-wet,10,Holstein,Male,Pregnant,99,Commercial,Mixed,28.645734775631084,1,5,1.8588651092534325,1,0,Negative,18.173532519444215,4.659181074133876,1,302,Monsoon,0
39.09727840471263,0.22333581091621157,18.631045757175077,47.08322508625592,33.41534923137736,-2.0417428490854883,26.83603124460025,2,0.7920842965739525,Normal,35.46992316888772,64.13035402961694,15.334850505893673,68.67506132549059,3.7043801614279697,Clean,9.223225893222297,Dry,11,Holstein,Male,Pregnant,58,Smallholder,Confined,16.950099518124752,1,1,4.5850094396129375,0,0,Negative,18.81389667478519,6.861514008798124,1,280,Summer,1
39.65161008968722,0.5847121172824072,13.610526724115733,48.60368715904861,39.19127213851577,-0.6798609170043708,30.45091202887882,0,0.5280714117368048,Normal,31.436482112687706,48.461511545006346,13.759201209238585,131.84148327034893,9.54093158264862,Clean,9.759398757105762,Dry,11,Brown Swiss,Female,Lactating,213,Smallholder,Mixed,76.55602625713122,0,3,3.585703255104134,0,0,Unknown,15.802416491805577,5.427028722007904,0,333,Winter,1
37.95731070070389,0.7299472093608546,12.092300289872394,35.8935491281751,16.588044103340813,1.8862503222649651,22.832271385684592,2,0.4021173856479573,Normal,23.96888725707182,42.20241680812749,6.567999069926872,104.85876145495989,6.156181863686542,Clean,4.861302040785671,Dry,5,Jersey,Female,Lactating,216,Smallholder,Mixed,39.521176237384424,0,3,2.7362362722734566,1,0,Negative,21.315308797482434,5.425246561674246,1,115,Winter,0
39.97982002479376,0.29480209887852127,15.042514370163854,57.71065326007033,38.94532255837122,0.2782125094423838,25.86143727684953,0,0.029442514744831505,Normal,26.192635914908326,49.45627415490344,24.059611720567897,131.71964537163797,11.137260089766873,Clean,2.8984858325784018,Semi-wet,9,Holstein,Male,Pregnant,116,Smallholder,Grazing,83.17573004899602,1,5,2.7178295231444016,0,0,Negative,4.330891296024218,4.8478112640958155,1,16,Monsoon,1
37.5287473202865,0.4311079511273326,22.76759733765429,35.19937698159386,19.874761668947272,-0.23138155607461533,18.848887380026813,1,0.7533854240156094,Reduced,25.41357542070558,73.95513809182872,24.565723553938422,131.48081265893165,8.441592857933976,Clean,3.78029861693145,Semi-wet,2,Jersey,Male,Pregnant,265,Smallholder,Confined,88.27169895146285,1,4,2.2133962951169845,0,1,Positive,20.398582746388858,0.8751402562750361,1,338,Winter,1
38.60892894297865,0.5182693004017256,21.80006331467858,28.82199386184663,18.445207267716913,2.64418491438152,26.831262272300588,0,0.9721820779667603,Normal,21.37186443971584,44.11218386256032,10.26346068735994,58.672931568579244,7.643431117117426,Clean,7.365338767897517,Dry,3,Brown Swiss,Female,Pregnant,352,Smallholder,Mixed,75.096348615182,0,4,2.0522638469628713,0,1,Unknown,15.046814586269663,7.527335789080989,1,144,Winter,1
39.05299032389075,0.9356248197248398,18.972018888217598,48.807780713650516,23.962434249267073,-2.241252467451619,26.16814507888861,2,0.62028700948851,Poor,24.295996541472164,67.7518515278497,32.57724622773839,110.70214283706642,2.7045705482587716,Poor,3.383466959666646,Semi-wet,3,Local,Female,Lactating,95,Smallholder,Mixed,39.66731620418344,0,3,2.403815961436637,0,0,Negative,20.680232835838662,3.1682857012891033,1,322,Summer,1
38.868595120641025,0.9946040123383713,11.869197760440276,36.825918655856604,18.507631995441926,-1.8641833331693296,29.795198596533375,1,0.8565412206887946,Reduced,30.919851631189953,47.32059939540834,29.014806397853818,98.31442992687212,9.30411905137798,Clean,8.240978184487904,Dry,11,Local,Male,Dry,422,Commercial,Grazing,72.13221130214745,0,4,5.215242964381896,1,1,Negative,13.251585292396214,6.519332788737484,1,129,Summer,1
38.32638028810765,0.2359290391964927,17.21487739444825,48.21291470757388,24.394264843879157,2.369067116914409,24.258418718004165,1,0.5168757431949261,Normal,24.170962693822933,49.78445867902097,11.909579504225242,144.61194699995178,8.860403655129582,Moderate,9.38424191899771,Semi-wet,9,Holstein,Female,Pregnant,272,Smallholder,Grazing,15.522050437857294,0,1,2.8129878875882763,1,0,Positive,8.543138335364645,6.57488427854928,0,74,Summer,1
38.57512664978564,0.8088063387963136,19.206800035606943,20.963313988994695,14.07953687357619,-0.13105859592659927,28.500072105850553,0,0.23168096542336458,Normal,29.32014269590341,59.65389416333493,19.575491927496124,79.66412919253963,8.400719244871548,Moderate,9.709212120630777,Dry,3,Jersey,Female,Pregnant,297,Smallholder,Grazing,66.11157591555525,0,7,4.015628389466594,1,1,Negative,21.635454099168165,7.7432092584988785,0,25,Summer,1
38.4041994392047,0.4973792531218746,18.702144918314392,58.924559414830675,20.567484387619395,-0.5638745544346906,25.999719666354007,0,0.01444210423514547,Normal,24.209703198413667,45.041266802686565,18.751725685965496,70.6000106190925,4.679095235706905,Clean,2.0746040477991254,Wet,10,Brown Swiss,Female,Pregnant,27,Smallholder,Confined,40.6032063953861,0,1,4.847091983657826,0,1,Negative,21.18028264079659,2.950247293269327,1,14,Monsoon,1
38.346381145833476,0.5139665489835841,10.624825666077017,51.72293408040402,29.713493406170077,-1.9988064876434648,26.011003670202914,1,0.6533982675899892,Normal,21.07901101681701,48.66017513911064,15.455613330269623,139.70868560191548,11.467393216744446,Moderate,9.665233319635334,Dry,5,Holstein,Female,Dry,383,Commercial,Grazing,65.56444149917247,1,5,2.5917996485411976,0,1,Positive,7.156586110898917,7.980495504625734,0,209,Summer,1
39.209761258212616,0.8034119786776182,14.438728607920513,29.995234508369983,21.657632251413066,0.47154439959251776,28.48217395577818,0,0.49310884824824464,Normal,32.97203161710462,57.44762057256771,29.529041384768394,64.87155689001048,5.216551270328201,Moderate,7.921555353036942,Semi-wet,6,Local,Male,Pregnant,471,Commercial,Confined,75.47905921417232,0,6,5.034990497302148,0,0,Positive,18.114489082882884,2.754308608188982,0,135,Monsoon,1
38.914209291579034,0.934741145716327,17.743688943405132,30.212228761537144,22.849574720439296,0.6166898042911935,28.24313765390206,7,0.7820981470876015,Normal,16.348186145741273,56.48345027491834,8.27793456863453,118.65194587244618,3.5223095675393425,Clean,2.672401858110418,Semi-wet,6,Local,Female,Dry,218,Commercial,Grazing,56.268648803330166,0,7,5.956098249709869,1,1,Positive,3.0997783088272204,3.885276236784311,1,21,Winter,1
38.28425424284361,0.9607428756020389,20.14516363806876,61.72265904097527,24.85155162830387,-1.8417415412523443,32.56704423430983,1,0.6946824174353046,Reduced,35.92491378340411,77.46357428378658,17.45942719483378,80.00198138418108,11.872011549350137,Clean,5.321923750229812,Dry,6,Jersey,Female,Pregnant,271,Smallholder,Mixed,64.2478593054894,0,2,3.0249672851259684,0,0,Negative,2.9774924893270573,5.79687524650348,0,349,Winter,0
39.23975992525995,0.6616980688306566,9.215488715600214,37.626200965020416,29.02396977590596,-0.4104133783256425,27.27614179522099,4,0.9879523682065647,Normal,31.989721817196486,43.73911525632122,17.840933916476512,106.78457554974776,9.46246279123768,Moderate,7.600363796636072,Dry,1,Holstein,Female,Lactating,403,Commercial,Confined,21.352793140525804,1,3,2.4164790443293382,0,0,Negative,12.762302464565632,1.662414709761256,0,91,Summer,1
38.88437971252597,0.48569692744040227,17.351504098080568,36.65815151267376,12.068651726863402,-0.7032737480495992,25.900687905261982,2,0.5103125834120398,Reduced,27.913565773970085,83.02253678331718,19.06176813842539,111.6219432841261,6.147868823261813,Clean,9.653483941288394,Dry,6,Jersey,Male,Dry,489,Smallholder,Grazing,59.26995547093319,1,7,4.834777277899333,0,0,Negative,1.8225165932313223,2.4977988834760607,0,49,Monsoon,0
39.18771727130338,0.8300392686870235,18.572195079515808,22.339479058507173,25.507144311024607,0.1839657196281566,26.915155329476644,4,0.42717478967300937,Reduced,24.77060331886586,80.81160853697274,30.84049973295886,91.73692819579668,11.359164308887069,Clean,3.3131311488911406,Wet,1,Jersey,Female,Lactating,37,Commercial,Grazing,46.04742887952491,1,3,3.895019490858145,0,1,Negative,10.976320971758721,5.960851305231408,1,12,Monsoon,1
39.07777730515417,0.40080110660984025,21.398447954064853,41.49221794398446,20.39116516454942,-1.8788753633309658,23.712015298954043,2,0.28673968943929495,Normal,25.160309365298502,78.29958198459693,11.545006106045038,147.4964980237096,2.9111737436619727,Clean,3.021866255415632,Dry,6,Holstein,Male,Pregnant,409,Smallholder,Mixed,42.80528595572074,1,2,3.679172168163241,0,0,Negative,19.187195232874327,7.80788116097563,1,22,Monsoon,1
38.20260299344676,0.6512592230668142,20.77143033694975,42.722803851642475,22.99982737187103,1.677921181769736,25.84053343859997,2,0.47686129179127446,Normal,28.01231409209627,55.468618123156624,8.087695205368183,63.18331680849791,2.8766121642655778,Clean,5.778776426095028,Semi-wet,10,Brown Swiss,Female,Lactating,261,Smallholder,Mixed,41.031575437129455,0,4,5.316749734656204,0,1,Negative,21.457894495049302,5.995990842125915,0,360,Winter,1
38.36389137588182,0.4868627692198986,20.33028527523522,52.15493096769485,28.359701018574256,1.1737356723964065,40.186952278439385,2,0.8728714781229221,Reduced,27.92386784143128,81.14408927703937,23.53425388463324,89.1399089036757,8.824510186285854,Moderate,9.744791149907915,Semi-wet,6,Local,Male,Dry,272,Smallholder,Mixed,31.09240279858686,0,7,3.8967253336050955,1,1,Negative,6.8599729426294696,6.967240838869879,1,162,Summer,1
39.14837616307396,0.7253048589663009,14.800237973192264,31.009215718155247,14.834880091528934,-0.7447633380992242,22.523927435824795,4,0.04243972579174127,Poor,22.20412285203333,49.14010401446404,10.215034249341414,93.03953268743157,3.7797204837884353,Moderate,9.771033722064084,Dry,3,Holstein,Male,Pregnant,23,Commercial,Grazing,30.53346623864285,0,1,3.8494645091897395,1,1,Negative,2.770546133495081,0.7811506431656374,1,156,Winter,1
39.06622215926008,0.39231913031480553,10.36799145150677,29.797132077593904,15.924133351341464,-0.5246280674575567,26.328061996724145,1,0.9779000472861887,Normal,27.338909785857634,46.22046029275141,7.247962575638592,113.10469489961815,11.171395151932842,Moderate,3.8233179284232746,Dry,3,Local,Female,Lactating,392,Commercial,Mixed,69.9706427950537,0,1,1.2414163406671292,0,0,Negative,15.505051007871794,4.827694320655783,1,159,Monsoon,1
38.687459043621516,0.35327435658786066,16.427788971754396,49.509626347764765,10.387420241717162,-0.40463322541642405,25.675068020381858,2,0.993307194307798,Normal,28.293550802790634,42.247816674474365,17.799476617131603,90.72597581945192,10.40359174298871,Clean,4.554777183771659,Wet,6,Brown Swiss,Male,Dry,444,Commercial,Mixed,55.77997558356444,1,3,4.129368224080916,0,0,Negative,7.0911553449359035,7.355688995595447,1,270,Winter,0
38.77039642998527,0.9345912693403498,22.00652730083424,55.06730071227065,18.70504634941734,-1.367462829509755,26.516970326533603,3,0.5978213785879017,Normal,25.49673034338139,86.9655181502788,11.589392925744228,59.703601137216324,5.063672241011864,Poor,9.264255885157237,Dry,2,Local,Female,Dry,256,Commercial,Confined,2.995210736366427,1,7,5.477987186944464,0,1,Positive,1.5393081218912532,5.617977810986244,1,87,Summer,1
39.46659893747306,0.2814429463596295,23.573818110097726,29.288476488821168,29.9825940662729,-0.8651441273525535,26.01256414672963,5,0.3315442036954014,Normal,38.19592782528348,55.400544885263685,15.83649856603951,144.74299981808264,10.888395822693703,Moderate,7.8787319268165135,Dry,5,Local,Male,Dry,198,Commercial,Confined,4.852523007886978,0,3,3.4580524214702573,0,0,Negative,4.017553521037323,5.573467185173455,0,337,Summer,1
38.3450571666985,0.6047663261879453,20.842196409191143,55.81514086299741,21.276476869159183,-0.6054055515119137,29.675440607326,1,0.2230489683220238,Normal,26.330130876743567,85.8808940088953,12.791332403073724,91.60790816386856,2.4288768700732835,Moderate,9.778531429260946,Semi-wet,10,Jersey,Male,Lactating,31,Smallholder,Confined,57.011900104822665,1,4,5.420237204779532,0,1,Negative,22.5821822124552,2.02280153776538,1,209,Summer,1
39.028258428702024,0.37668222637040716,19.717363291206937,45.375418414868214,13.959250626071285,2.219302556060692,17.738949391649236,2,0.27649039568487876,Normal,18.183242240943308,53.630678075966486,7.779093881702472,84.26737272170726,7.486378527374939,Clean,9.145186904124435,Dry,3,Jersey,Male,Dry,387,Smallholder,Grazing,84.62834788051602,1,7,2.037424064156621,1,0,Unknown,21.126755166813165,6.9585587493331165,0,8,Monsoon,1
38.578684408539665,0.23114397066053397,19.51855859354386,55.91805339074646,19.085927532549718,1.219927462495655,34.223028835192025,0,0.05010542650497185,Reduced,21.948514377074083,85.37829796681748,21.810416087726047,94.67221241740047,11.355627737088332,Clean,3.720768402509947,Semi-wet,5,Jersey,Female,Pregnant,312,Commercial,Confined,4.397781120895649,0,4,0.25548735246092447,0,1,Negative,20.081200298485047,6.98784015588939,1,166,Winter,1
38.56939127806367,0.2288150546331411,15.775525012956878,44.29779638482383,13.072829779056262,1.2019820610049354,31.795496797853183,3,0.4751109584833588,Normal,30.517639233632515,85.19645264230442,5.81055254118457,71.65956821289224,10.553829789356982,Poor,8.077814875301467,Dry,3,Brown Swiss,Male,Pregnant,277,Smallholder,Grazing,50.720693411011354,1,7,2.6707706657577015,0,0,Unknown,8.807891435028237,5.105052784974485,1,10,Monsoon,0
39.35926611119232,0.3401774176846619,17.47975882578552,19.777220825120494,15.24888338961303,0.3548884195065855,20.54277048362119,3,0.057324270864405835,Normal,23.38787001139392,86.18380225053565,33.99126043983199,60.02216846686509,5.56073323800995,Clean,2.388521852480933,Wet,2,Jersey,Male,Dry,278,Commercial,Mixed,85.11353755057024,0,3,0.023741581296306213,0,1,Negative,17.43402289610787,3.699636545020485,0,30,Summer,1
39.19524980939282,0.8934162836048003,24.676278103305325,43.48032617683961,24.33291346158228,-1.8759905133968517,14.385536362285592,0,0.7184742147759252,Normal,22.031046943312273,64.80767196420969,15.239915652048987,64.85784791088625,3.8287043523463486,Moderate,8.542662229931793,Dry,4,Local,Male,Dry,448,Smallholder,Grazing,0.44479780988292417,1,4,0.9289022604587625,1,0,Negative,23.011339965147123,6.6820509849993295,0,263,Monsoon,1
39.188105781600385,0.42598299518162136,14.229767976832495,55.6014381867127,14.956760042163827,-0.2622366568660689,22.13756712315159,1,0.37192945553285406,Poor,33.97680535891648,83.29731433994459,25.854725314694115,66.66548270035597,4.105405884037445,Moderate,6.812454099556865,Wet,5,Local,Female,Pregnant,104,Smallholder,Grazing,27.579390760180612,0,2,1.1435519884534349,0,0,Negative,14.05436523578581,3.9874676215765756,0,258,Summer,1
39.4832872842926,0.9603673364602365,24.459115162839407,36.06253980916286,28.67580583121981,1.25573268942007,26.544001231437264,0,0.19936473174716318,Normal,27.84893885949847,87.538294808366,29.310886176423494,69.76734382158952,7.145078780784052,Clean,9.648807701091695,Dry,6,Local,Female,Pregnant,314,Commercial,Mixed,91.99202183460407,0,1,3.2030118983098648,0,1,Negative,8.661212807420757,6.6696097751836785,0,278,Winter,1
38.71260230497966,0.6652978343913549,16.711887382031765,41.12035031092548,21.573278255017986,-2.087396944050932,43.48175139214465,0,0.5448535578360384,Poor,23.993907110675295,56.23084709485897,13.373143866186654,91.99602122261922,7.96772943836474,Moderate,9.680259643752628,Dry,2,Holstein,Male,Dry,352,Smallholder,Confined,8.146962339157128,0,3,5.699578186062183,0,0,Positive,19.384576985441363,4.136868103699808,1,133,Summer,1
39.10917178277698,0.5492913518150129,23.301728436380316,43.23866496449022,22.513568223667153,0.7548298103098965,31.259541789845642,1,0.9737593072430137,Normal,13.156216755137942,60.94372028412775,27.462161273302048,112.38992690441536,2.328143166236364,Clean,2.406520872194842,Wet,3,Local,Male,Pregnant,131,Commercial,Confined,60.699647749948646,0,2,0.11890944923709901,0,1,Negative,10.897761995864057,4.848454614801584,0,197,Winter,1
38.51383994604393,0.6640710677355637,12.372739962009847,16.00486120131518,20.329762194352636,3.283913837894149,17.154462104911254,3,0.6951310490184183,Normal,30.101692883720506,75.9620093667872,29.972625662741287,112.88878380267326,6.135515592348881,Moderate,3.2841718844461427,Dry,3,Jersey,Female,Dry,457,Smallholder,Confined,50.738166659932695,0,2,1.4201373608097694,0,0,Unknown,14.278904911368311,6.110165265445407,1,56,Winter,0
38.89449981149307,0.6133587081810142,20.343616804658595,61.71347575437476,26.63708703126234,1.3927249689845977,23.862066970594334,2,0.4917468501041602,Normal,27.077412572749065,55.01799108616505,12.239517014348404,50.00975695619269,10.303871156439046,Poor,5.873656378549533,Dry,6,Brown Swiss,Female,Lactating,225,Smallholder,Mixed,15.16793631488782,1,7,5.816723746049153,0,1,Positive,13.447860831816477,2.4874518944348254,1,276,Summer,1
38.621914167379394,0.8070210030058602,15.052919456209512,35.98624320102826,26.698959326662063,1.921043703342981,27.680725382362102,5,0.7769142992545063,Reduced,33.50371002172872,77.69046544563295,34.77484030688218,142.09576668984,6.443289502357971,Poor,9.035948199569194,Dry,1,Brown Swiss,Male,Dry,241,Smallholder,Grazing,4.248700998614508,0,6,5.289916474091946,0,1,Unknown,6.000610658726215,2.3513392072842274,0,198,Winter,1
38.758197578995635,0.4259968527782818,12.33893123230325,50.05735432472799,24.010326111473027,0.12750812566324105,29.522101325788583,2,0.7374764718989887,Normal,21.526974285312114,43.6946072606767,5.620660485262681,132.28471805323215,3.6917539094941048,Moderate,8.51556113836845,Wet,7,Local,Female,Dry,37,Smallholder,Mixed,50.25871017445005,0,5,5.009099755813257,1,0,Negative,1.015350527227274,5.508809644888932,0,324,Winter,0
39.057094215262154,0.48244031328024195,18.874136169643783,44.132988638517915,25.38873463544589,1.2518979231474847,20.111506838137462,2,0.8917354610577937,Reduced,25.133781712069517,66.1749192144271,11.510014407066233,146.39380394360398,11.548602930190969,Moderate,9.71496021081423,Dry,8,Local,Female,Lactating,32,Commercial,Mixed,73.51301889890594,1,3,0.5508009530051381,1,1,Negative,23.973229182912053,7.65434959556659,0,185,Summer,1
38.20906759005992,0.9152754420266007,22.037887154383874,57.5761905635936,20.727461980477447,-1.276779821531053,27.19005863213763,2,0.2046689475939475,Reduced,28.49309733539129,46.11567420418726,28.400622688309785,85.99863447301928,4.662755399264666,Moderate,6.9446729368907265,Semi-wet,7,Holstein,Female,Dry,289,Commercial,Mixed,17.72427773245775,1,7,3.864589688749518,1,1,Unknown,10.587130779986781,3.8452547393053487,1,21,Summer,1
39.955432365411276,0.9571652105203243,14.620234245626015,49.06056122428081,25.25321804145429,0.9937957185118396,23.694165174336757,1,0.858877576258732,Reduced,33.2797298271916,54.66617382183382,10.823930751672586,116.4799276689397,9.984282656340605,Moderate,4.052508156492965,Semi-wet,4,Local,Male,Dry,60,Smallholder,Mixed,69.13198288203897,1,5,1.2188117997863444,1,0,Negative,7.52777884698873,7.236517541641834,0,17,Summer,1
38.09638957110018,0.9140465819891797,12.003936158166395,42.65075728479025,19.97273334715716,0.7815822010911448,21.3774486243861,2,0.30102608704169886,Normal,28.29234781636318,52.9312696243236,25.947795899186193,66.80207492560972,3.9379416633893487,Clean,2.2008531160414186,Dry,7,Local,Male,Lactating,59,Commercial,Grazing,54.63833117520974,1,2,3.9061470098426296,1,1,Negative,18.615276956291133,4.38640330382786,1,79,Monsoon,1
37.971486832327365,0.5355583951658509,17.63262094266018,36.0648490748072,22.013389732974414,0.23486676105649434,29.557573880193722,1,0.9409989278250971,Reduced,23.462799598887262,81.9466036781333,30.66591214948711,131.70330272203358,6.231727292215899,Clean,3.7834119257643914,Dry,1,Local,Male,Pregnant,108,Commercial,Confined,35.78464255907332,0,3,2.565186712163924,0,0,Negative,14.628068392781037,7.80448420053215,0,27,Summer,0
39.394866524100046,0.8242924024055054,17.650258684891277,52.978507013821385,20.352137503802215,1.7740111295777476,32.64326304065693,0,0.2810651489467352,Normal,33.48883179612296,49.67586277030988,33.7764281790278,66.13677229543688,6.904225397748119,Moderate,7.402185583628997,Wet,8,Holstein,Male,Pregnant,120,Commercial,Confined,66.44304962251528,0,5,3.814017458123216,0,1,Negative,21.250577203059976,6.440355990871883,0,167,Summer,1
39.174997616377766,0.5810685866408791,20.193278510217993,26.26558696045383,19.256688764084824,-1.008177256771083,33.04624766176972,4,0.9268485431626762,Normal,25.438584329350725,80.42239600795594,19.227425462008085,82.59857008077495,7.006352959482445,Clean,9.410198586744105,Semi-wet,10,Brown Swiss,Male,Pregnant,238,Smallholder,Mixed,19.197677758382405,1,1,2.5731651770103965,0,0,Negative,18.96532321797653,6.9466815005578,1,339,Winter,1
39.074471890231294,0.5980318817168817,21.798378285457954,51.45890420275892,17.86532921366926,-0.4805862747104939,31.446318106803258,1,0.96379071446408,Normal,27.900146433188585,79.6980172953961,34.13327368946352,99.08348559469833,7.164738681007048,Poor,4.5672293384661184,Semi-wet,10,Local,Female,Pregnant,234,Commercial,Grazing,45.69313209514614,1,3,5.446225128831122,0,1,Negative,7.48069306681118,5.597030206457589,1,235,Winter,1
39.077007305558574,0.3637440872458272,17.762339274910023,34.00955248445128,24.80614062315331,-0.05680693796255515,25.015782801158423,3,0.14549135745701425,Reduced,30.753361152166896,64.94415277786149,17.348668900450356,109.45316688527504,4.249475406897615,Clean,9.005634642314362,Dry,3,Brown Swiss,Female,Pregnant,474,Commercial,Mixed,54.930498156489996,1,5,0.15185018589246302,1,1,Negative,14.621618032222663,7.013694317501992,0,111,Winter,1
38.69265193629185,0.6729042426068133,25.422013259177053,57.5228366195664,29.86363547688078,-1.7444164566341007,32.28729856878103,1,0.974499883262783,Normal,34.81599076628518,51.69216277980648,11.543841190231573,105.96330242867316,7.159155219608352,Clean,5.159185986729252,Dry,9,Holstein,Male,Lactating,323,Commercial,Grazing,45.86955402655568,0,4,1.1493963442074946,1,0,Unknown,12.56214495583685,4.945987087500492,1,214,Monsoon,0
38.1616473771085,0.3489087182026783,18.89693897814117,46.61299542662695,29.02661183001736,0.1403979157003718,29.854326628625728,2,0.08572296842928229,Normal,28.844427507750908,51.34481699781114,20.417655592541756,60.209601170999726,6.817127538777543,Clean,4.466169994948403,Semi-wet,1,Holstein,Female,Lactating,29,Commercial,Mixed,39.75013768571686,0,3,4.997982040813894,1,1,Negative,22.966924347441303,4.7550257416109964,0,198,Monsoon,1
38.74548273491624,0.46525175925375506,16.6142939759724,51.44123767850109,14.460607984327387,-2.7783956194307704,28.80365129771208,2,0.21856778661252196,Normal,39.93641285211606,63.24623235579239,24.494697329344778,92.1676002863851,4.087194971262632,Poor,6.070753942446545,Semi-wet,6,Local,Female,Dry,236,Smallholder,Confined,74.09136395682367,1,6,4.4204936376263655,0,1,Positive,6.51011319102015,7.05283603364274,0,197,Summer,1
38.293702973092735,0.8840241612959481,11.553730563588688,45.819888138247194,29.73521830844124,1.3704318016423138,24.32984126978921,1,0.44416878087280454,Normal,26.552259422448248,40.440450369675816,18.738899481498315,142.29092642058225,11.881915595037109,Poor,5.538187939276922,Semi-wet,1,Holstein,Female,Pregnant,140,Smallholder,Confined,65.61009665223499,1,7,1.1177548169577678,1,1,Unknown,7.528193218772933,0.6129962808704266,1,13,Winter,1
39.285071840050655,0.3656606473686842,16.949361918735327,27.47622904859003,20.09104899029243,-0.13004395015105139,25.01874323595083,2,0.9935973657117101,Normal,28.467830669472818,66.5675377305683,22.009173319003747,137.23685277518516,10.655633927865502,Clean,9.310398948136145,Dry,8,Holstein,Female,Lactating,329,Commercial,Mixed,63.946208536141704,0,4,0.728618838073231,0,1,Negative,22.169848758058812,4.09084177290535,0,113,Winter,1
38.61176557109872,0.2569266281387463,16.654452218355456,36.39270836604662,25.60439809087355,-0.9813393558556449,28.443321616747323,0,0.48856305116537935,Normal,23.906761847030197,87.63897628835278,17.49227563181566,109.07835232546398,10.87576351022483,Moderate,5.746055579265012,Wet,3,Brown Swiss,Male,Lactating,182,Commercial,Confined,89.18006449135622,0,3,1.8675668867509627,1,1,Negative,11.529649703244562,7.025554356477576,1,98,Winter,1
38.2047016819245,0.2552060740902531,21.84121918512588,51.72389337611382,16.562708007716733,-1.4515604184426822,42.63924680191301,2,0.5504094431784858,Normal,28.612954671315546,47.735344093129825,20.742858620637495,107.23245754536015,8.855710503828949,Moderate,4.218683097784604,Dry,4,Jersey,Female,Pregnant,171,Commercial,Mixed,99.35006573547976,1,5,2.891211068196225,1,1,Negative,11.516853684018608,1.9711214577674048,1,306,Monsoon,1
38.50716849500821,0.9526276164024863,19.849934496267416,46.66655817359844,22.851879483244034,-0.5518685444287814,29.80745488054834,1,0.6944249495236485,Normal,28.485749579460393,68.66728107378017,33.57787015839685,61.16751826493302,3.5989703069175656,Moderate,8.74052462001523,Dry,6,Brown Swiss,Male,Lactating,324,Smallholder,Grazing,56.72045332202077,0,5,0.28163216430392923,0,1,Negative,20.96879777784904,7.685069911104202,0,138,Summer,1
38.94775887256538,0.6055363503694677,13.282523513469531,56.809899053056725,23.882339097381443,0.8323895661586203,24.332868986498283,1,0.9682935582729514,Poor,32.22851445982483,88.08893443222284,19.99493457608996,70.02594523103033,7.680920638997488,Moderate,9.989996093276535,Wet,4,Local,Female,Dry,445,Commercial,Grazing,34.82678776947099,1,6,5.073533497559897,0,1,Unknown,7.809162353431712,6.054513117188385,0,56,Monsoon,1
38.36176526831762,0.5275296574536147,18.68901754564415,49.03274563037172,13.092371248482083,0.621608468106341,23.005663330183342,0,0.7833514001242444,Normal,29.2225704632832,83.02610697458002,12.595388984277808,75.26397426040961,10.214396316273861,Clean,7.185371353450591,Semi-wet,8,Holstein,Female,Dry,478,Commercial,Grazing,77.88753491818147,1,3,3.125715808159295,0,1,Negative,17.028645711624044,6.218168623271521,1,104,Winter,1
38.206667762660146,0.8487028648063348,20.686124686916212,35.3329810929734,25.649602998065134,-1.2583069209176914,25.049400324062784,3,0.2241540044236986,Normal,24.363807138418075,82.51900581906702,27.762398645377118,98.81957285238056,2.3873648868866253,Moderate,4.003690951490869,Dry,9,Local,Female,Pregnant,103,Smallholder,Grazing,14.20990627828328,1,2,5.516899383179411,0,1,Negative,17.59503068761139,5.491071356105621,1,232,Monsoon,1
38.84621232689515,0.868660742328413,24.11212543755133,37.03935862279366,30.07561004702989,-1.4690595089414515,41.0637606852944,1,0.3029909306643547,Normal,28.282016365771838,81.09249651980946,15.12753373344648,123.13560480957187,6.958431032876197,Clean,3.910520616105434,Semi-wet,5,Brown Swiss,Male,Pregnant,221,Smallholder,Mixed,51.29091710441792,0,5,1.954232155857969,0,0,Negative,11.175161974090447,3.8560580619723317,0,172,Summer,0
38.846979942665236,0.46575282649248373,21.55001586965624,46.02917390523237,20.95211232591023,0.7853480594794711,25.604460124324227,2,0.0976282396085244,Reduced,23.63815567655299,55.45118030280928,29.48621512464172,96.07253556042582,5.961228799949181,Clean,2.4616535697220785,Semi-wet,1,Holstein,Male,Pregnant,69,Commercial,Confined,52.45084819546395,0,6,0.29298045892779667,1,0,Negative,8.681091894725125,3.9571731784987536,0,28,Summer,0
38.39583409477733,0.7548944459790363,21.04338661724591,21.859559339998945,30.161008784968075,-1.283521106922544,33.44122320766171,1,0.6444523641647398,Normal,29.747469518863156,84.5308415633406,6.705259669516554,62.606104183739774,4.121247296593037,Clean,2.618344308112679,Dry,8,Local,Female,Dry,168,Smallholder,Grazing,98.34678675296526,0,3,5.228161633124971,0,0,Positive,18.173079675621924,6.793310903056172,0,293,Winter,1
38.41737701662901,0.8168982526815094,18.240343978460654,61.73441885622985,20.861839039285556,-0.11013533888074467,25.74443052717186,5,0.18074030653922157,Normal,24.20417825927353,87.06701756165856,14.96533931326074,93.93488770113805,5.782500037653177,Clean,9.3198647614621,Semi-wet,2,Local,Female,Lactating,431,Smallholder,Confined,99.10068149867145,1,3,0.8977059783249148,1,0,Negative,6.886246518682477,1.5435450757194702,0,292,Monsoon,1
38.839229962414585,0.7237205494927637,19.553248021693797,49.41746736377557,27.097507186279703,-0.0143680362135844,29.56710724767777,1,0.2574048884793657,Normal,20.009988523813398,64.78962116495197,7.830797247819183,66.26332537488884,11.834975108694529,Moderate,2.7718968563964044,Dry,6,Brown Swiss,Female,Dry,239,Smallholder,Mixed,79.92141382808866,1,7,2.013852053352657,0,0,Positive,19.844127796653744,4.415505883732988,0,92,Winter,1
37.83114939510161,0.3212760598400795,22.998019602824634,57.27034597048872,8.688580204293402,0.2680931975901076,32.75047164405233,4,0.8881136551803771,Poor,21.34947222971659,57.728552362972934,7.559534727374944,125.11473516928845,9.232433263617775,Clean,5.87475078621423,Dry,6,Local,Male,Pregnant,458,Smallholder,Confined,47.30156877855798,1,1,2.786041296022489,0,1,Negative,10.577463904795607,2.8246029400630284,1,205,Winter,1
37.85552173537407,0.9007064668136457,12.668890410081401,29.193960591908308,36.51266667588078,1.0874056452728078,24.568582901140456,1,0.3267556753320152,Normal,21.12501175353332,60.71145078029281,24.751686775173116,66.6500860404579,4.995370800149414,Moderate,7.584974237545426,Dry,11,Holstein,Male,Lactating,174,Smallholder,Confined,54.72257899747836,1,4,2.95167853305702,1,1,Positive,1.4226783386539448,7.882373064386695,1,313,Summer,1
38.268933467248544,0.631275642188807,16.602242691132176,57.445651603552555,30.972749471457742,-2.094444405300984,24.15333007508338,0,0.566646718354167,Normal,24.359679938660186,56.71032209156328,16.560044040608222,98.25339895444567,8.053550514808297,Moderate,8.802838262188825,Semi-wet,7,Local,Male,Dry,116,Smallholder,Confined,31.97416315184244,1,1,0.14088676925852872,0,1,Unknown,14.093236536675086,0.5276974032590502,1,36,Winter,1
38.5719317089729,0.42597794109600295,14.909725004975037,67.31498911027748,20.292246974477926,-3.066738987890732,37.95321816673198,3,0.39756600878917703,Normal,22.76352229468116,50.620922101227,31.144368259553378,119.34136026610929,4.466562402856798,Poor,3.3701676020298184,Dry,9,Holstein,Female,Pregnant,343,Smallholder,Mixed,82.9845703677814,1,4,3.1604522446052856,0,0,Negative,5.4716088295548575,0.9775575518244859,1,129,Winter,0
38.88654453935881,0.5401825483501552,19.5166124749045,31.791216446226827,10.167465840137092,-1.0511709218425274,33.907557369374786,3,0.07403128740591358,Normal,26.889473534463068,70.92242351264447,20.492154136205876,72.81980639452087,8.108439090242738,Moderate,5.502229433002855,Wet,1,Local,Female,Pregnant,118,Smallholder,Mixed,74.65461938357059,1,4,0.4621925854845088,1,0,Negative,11.731000186105558,7.755409000699314,1,171,Summer,0
39.585213730169734,0.23005687231912592,22.92088870260315,52.71401794903767,23.728170209832935,2.502292611748279,32.74403391214437,2,0.36286382989670507,Normal,25.04016790161322,68.12984431226614,13.860296635168481,57.60301076373264,10.961666894849317,Poor,4.01184156011022,Semi-wet,10,Brown Swiss,Male,Lactating,359,Commercial,Mixed,77.1425287824123,1,7,1.961045624241909,0,1,Negative,19.591715839037757,4.57843810014344,1,363,Monsoon,1
39.21459577392122,0.3022934409779341,15.612102853115704,45.01109944687293,13.33644671755746,2.833261150131068,32.72365775873749,3,0.40806820303593083,Reduced,29.58091181151873,63.12925355196378,26.626666638865842,106.32994760747488,7.568767999425523,Clean,4.046584719732813,Dry,8,Holstein,Male,Dry,409,Commercial,Confined,13.867633815510194,0,1,5.8528318348672554,0,1,Negative,5.370300160030105,1.5390133551177263,0,362,Monsoon,1
38.604036882021944,0.8124374004126886,8.438782530122248,29.555661517517557,24.669121225344927,2.546765703348831,30.757452929866393,2,0.8957011019115182,Normal,28.913635920778415,44.79226933424159,23.72050374757099,55.42026635043925,9.333399754526827,Moderate,4.430714459893407,Semi-wet,11,Local,Male,Lactating,205,Smallholder,Grazing,39.863397131034105,1,6,1.6822247048435954,0,1,Negative,5.786594952035636,3.8648021812061133,1,195,Monsoon,1
38.68859027525839,0.20000930780429294,16.35111701990212,49.928839718518695,24.469394314985692,-0.4894720516410344,40.10665487905039,2,0.3244506536463395,Reduced,25.380510272365452,79.84464823529999,28.9878386248761,108.7768642968168,6.533389987162968,Clean,6.696929715347738,Wet,5,Jersey,Female,Lactating,153,Commercial,Grazing,53.73516904219443,1,2,4.8772318503157255,0,1,Negative,11.898457666553417,2.9199315718916585,0,32,Summer,1
38.098482381217316,0.5332526627858338,21.653894928069626,53.33603204837348,16.35158098598785,-2.8731726229772434,28.26344981126294,1,0.37924111976206787,Normal,33.21159433802384,48.74667813753946,24.307648290256548,125.34985375862014,7.241239176639966,Moderate,2.1326197734847057,Semi-wet,6,Holstein,Female,Dry,335,Commercial,Confined,12.465796865678891,1,3,3.061912043292735,0,0,Negative,11.95952609861798,7.334061116779157,1,119,Winter,0
38.68889211840457,0.6180081448684708,20.150519611799517,38.98873447331153,28.725802141686266,-3.7145586524777614,31.463574203205518,2,0.7828967686723345,Normal,22.367805502721087,45.728102169802405,10.010402512967609,82.93159916723064,8.950750787548786,Clean,5.270130290524223,Dry,8,Holstein,Female,Dry,356,Commercial,Grazing,36.86230263835929,0,5,1.2144872443273174,1,0,Negative,11.434408347589406,5.6568448447423005,1,70,Monsoon,0
38.52680481664792,0.24370753600077785,19.712744991242303,56.65916520255223,26.83344821683704,-1.1210572423241167,19.294522428435926,3,0.7589566512115979,Normal,32.032219949516424,71.15356977414737,25.10930113001198,98.83494090806921,10.124050050513972,Moderate,3.4946410818623406,Dry,8,Holstein,Male,Dry,166,Smallholder,Grazing,8.74325224142105,0,3,4.331618311887006,0,0,Negative,16.973338489170512,1.4788914309880665,1,314,Summer,0
38.893631136202856,0.9784625303778662,16.880026792502083,28.332365932108022,27.85494002373138,-0.49711044522404024,23.050235880452554,1,0.7982852766484908,Normal,27.780784154486206,59.93221806188616,16.74647592847431,142.87618382249465,8.594513865254497,Clean,9.736948068101078,Wet,11,Jersey,Male,Lactating,132,Commercial,Confined,95.88412272749306,1,6,3.330836464576771,0,0,Negative,7.189252688838631,4.523342135214079,0,198,Monsoon,0
38.20366143386861,0.38090026499973756,12.883877055120855,30.05243853550356,22.05314622201337,1.7509381015839383,20.795086000989755,2,0.953770740076004,Reduced,25.028034489162092,42.99042376761648,18.894290907727044,97.11088641755524,11.77491993890093,Clean,6.661833274002483,Dry,7,Brown Swiss,Female,Lactating,464,Commercial,Mixed,75.12633295760241,0,6,3.1982006346297105,1,1,Negative,6.992139433787753,1.508451292663663,1,345,Monsoon,1
39.011607908544704,0.4433589757090247,20.06117728649787,46.365973955887526,13.50685559851776,1.1017081893136687,35.644381501096895,2,0.7955574983947842,Normal,32.64710944714292,57.77841774805291,32.64693727212034,149.65540613933888,10.198225877982829,Moderate,8.944763750642581,Dry,7,Local,Female,Dry,36,Commercial,Grazing,62.07481209847619,1,1,0.1794143604062437,1,1,Negative,1.5143051351764285,5.489229773785526,1,284,Monsoon,1
39.61964334780155,0.44315400980402186,14.6628727598615,45.25385277972272,27.867233633266824,0.14110761848743086,12.684759087875502,2,0.40760820321789093,Reduced,29.785763722703916,78.58901761424815,15.798921388932412,65.70024113576729,9.771602046078751,Poor,3.565519894156896,Semi-wet,1,Jersey,Female,Dry,452,Commercial,Mixed,20.485643352694748,0,2,2.0030716111691467,1,1,Negative,9.779897744043488,5.954204638013081,0,231,Winter,1
38.63474391092589,0.38433332969387995,26.736386933521825,37.834265115758946,20.377771605185252,-1.5347671564117125,25.586139863483666,2,0.8215085168980919,Poor,21.621958761969985,70.76246026085488,23.35877428972516,120.89339024832891,10.451015789810254,Clean,8.480125594590302,Dry,8,Local,Female,Lactating,406,Smallholder,Grazing,33.41274371774744,0,5,4.408238959062938,0,1,Positive,5.502783783402439,4.716200537964622,0,193,Summer,1
38.94102703325937,0.20117905766904914,20.282028833418064,53.09594435971886,13.661319140843986,-1.6411693373673353,10.037760384036265,1,0.5086746320899383,Normal,28.819903019248233,58.13930114934984,15.904452002367186,115.2618598197254,4.812109354243491,Poor,5.318259690441867,Wet,3,Jersey,Female,Dry,385,Commercial,Confined,14.448490191335983,1,5,4.7765194736066245,1,0,Negative,14.606761269260312,7.74466857586984,1,168,Monsoon,0
39.11408639502667,0.7834758352703972,15.677406789784197,50.30894314215949,30.112236195845956,0.1811915306071531,23.012272627108658,2,0.2777140325185653,Poor,28.814921998690547,49.590239581729406,7.841824560733752,137.23048135263272,6.3204715394838065,Clean,3.4215575107952194,Wet,5,Jersey,Female,Pregnant,53,Commercial,Confined,53.611962696100434,0,6,4.8888411378176215,1,1,Unknown,5.166925863912958,7.582508382427548,1,88,Monsoon,1
38.4592677168685,0.9734763998394282,15.554459010445488,53.581390709340155,34.59644512301506,0.8455764682595899,25.0543063016088,0,0.3029170681310124,Normal,32.03692063978894,71.58978104023866,18.605760261449014,59.24432119905407,7.6446291839459075,Moderate,8.089961619105862,Semi-wet,4,Local,Male,Dry,81,Commercial,Mixed,82.05159897881344,1,2,0.2243595683733559,0,1,Unknown,21.57421419756672,2.0443671493620847,0,115,Summer,1
38.83445548908625,0.3794347866280361,17.628223173545646,43.76863564647732,21.75251122612478,0.38782189336837686,36.309226562764266,3,0.22384238856339833,Normal,29.92679620033369,84.37776504731777,22.911845133789555,78.02065915018167,6.623863184426856,Poor,8.096088780922248,Wet,10,Local,Male,Pregnant,463,Smallholder,Mixed,1.9036521689811625,1,7,0.9762673871938041,0,0,Negative,20.527329414887905,0.502470391293429,1,138,Summer,0
38.70755544046908,0.730437753442738,17.041992311913003,51.02580267978341,34.95472692761975,-1.7518969394099821,30.379767635328744,3,0.1449929578197534,Reduced,30.284522113421666,72.31363590079569,17.22509876112796,63.21792257603352,10.474578182240798,Clean,9.967103254912487,Semi-wet,3,Local,Male,Pregnant,215,Commercial,Mixed,10.330866969734497,0,5,5.9134601234842386,0,1,Negative,18.598908248771078,5.470616133100335,0,76,Summer,1
38.7586056591293,0.7935170615669722,22.46733510211982,40.54349696970006,22.547888371668098,0.7760014431881292,23.0011508600262,1,0.18449041185365034,Normal,24.793097457383023,80.64519273251122,16.719985540345533,143.30951222719216,2.27068517679232,Clean,8.247498094385312,Semi-wet,10,Brown Swiss,Male,Lactating,106,Smallholder,Mixed,22.934977394111343,0,7,0.93267768518923,0,1,Negative,19.59605627483083,4.067311679722099,0,293,Summer,1
38.23619412968672,0.8787403032724199,18.745664678976187,65.53818690086595,19.71726457500189,0.4388664506521171,34.39578231839096,3,0.06317804995381937,Normal,25.951471391905933,66.07639192771855,29.61135541683191,92.6635324645257,4.0917541723282085,Clean,3.162137983417023,Semi-wet,5,Holstein,Female,Lactating,398,Smallholder,Confined,71.40667431590877,1,5,1.278091836437679,1,0,Negative,23.07041516581958,3.0099389316769773,0,227,Summer,0
38.71470610455537,0.5381033576108873,15.073473044365887,36.87454229878014,18.217249274887134,-1.8059996092852673,28.106993527178545,6,0.8884508649323863,Reduced,25.739305254443714,75.89855533705145,5.890555168684106,141.0065845535069,10.817065410018548,Clean,4.580357934285826,Dry,3,Jersey,Male,Lactating,142,Smallholder,Confined,89.39798387693473,1,2,4.815746065310115,0,0,Negative,8.355605629816818,7.3766731718292435,0,316,Winter,1
38.998798974747274,0.4423447245123434,25.56176274062313,66.05297429458312,31.822494447956455,-1.3764814554503835,28.225401152243514,4,0.9310078096491232,Poor,19.00650437175745,84.81133868891762,13.8675619022036,79.44069943588227,2.591001376769672,Moderate,5.613815338329168,Wet,9,Holstein,Male,Dry,273,Commercial,Confined,75.30123367744916,1,1,2.3606259820884317,0,1,Negative,23.536761624665687,7.838808252376126,1,91,Summer,1
39.57068616467703,0.4602361072184249,18.19723332608089,45.34887947089408,17.31913671167337,0.8327439618423498,20.783970953368048,1,0.5867703924938955,Normal,33.43327570273924,78.65894891293276,29.352717961316348,62.63681013616519,4.269883036087981,Moderate,3.0132224456783607,Wet,11,Local,Male,Lactating,146,Smallholder,Mixed,52.49475501708947,1,7,0.6978980787158366,1,0,Negative,21.482021309765166,7.479329518601189,1,77,Monsoon,1
39.27556249565113,0.7700970664788103,21.075358703875587,31.244891104312572,26.411615859849924,-0.5517613027188364,22.059917716581165,1,0.840489556608685,Poor,21.40419082846776,85.49269766990729,32.61590445833491,79.65372729860164,5.512503303764863,Poor,8.304311795582512,Wet,9,Local,Female,Dry,357,Smallholder,Confined,10.51123641142705,0,1,0.7505664792649882,1,1,Negative,9.323518061406133,4.251464435380633,1,350,Winter,1
39.99190947450694,0.8534235732045088,15.567093970220963,58.68079350488601,18.645016989644752,2.183720952454686,23.049416200326853,0,0.18357110265314713,Normal,28.34360697185965,61.55698010580299,17.36898757522485,109.7174359328049,9.507405608116908,Clean,6.213588303300692,Semi-wet,6,Jersey,Male,Lactating,181,Smallholder,Confined,75.4914374356487,0,6,0.502663096564276,0,1,Unknown,20.873699722002524,5.775174970554438,1,323,Monsoon,1
38.23959146226717,0.3452911742052821,19.452462510978094,46.25901388394959,19.23815942455382,0.5516939140968646,28.27876763892514,0,0.9016738252269851,Poor,25.34453844438041,85.21101275635283,31.663827295882292,134.52325917845909,7.601806961668484,Moderate,9.555596552766028,Dry,3,Jersey,Male,Pregnant,432,Commercial,Grazing,10.563974037388002,1,7,1.0840098536199798,1,1,Negative,21.638010312036748,1.7868020941617,0,180,Winter,1
39.22339238203241,0.4967528065262122,19.24443996457278,53.51124098380238,28.181498163817402,-0.9299467822839038,28.46731436188405,2,0.5063615596305083,Normal,25.807806318841543,71.07836172408538,10.967903663750981,88.53906932249969,11.546047027803311,Clean,6.714465156206562,Dry,5,Jersey,Female,Lactating,335,Commercial,Grazing,34.768985508939274,1,5,2.9818952132478076,1,0,Negative,1.8300311908512865,7.63142443744878,0,190,Summer,1
38.81000520344301,0.9215521573993202,10.441402831615388,57.238559185425935,19.719778922263878,-0.21530840058639902,37.26455598114427,1,0.06716499260555508,Reduced,30.38771203279153,83.50243830408468,11.642812035805179,141.48086592534844,4.278750150729735,Poor,6.183192669906031,Dry,11,Jersey,Female,Pregnant,191,Smallholder,Grazing,30.799151149864056,1,1,0.09044313206933419,0,1,Negative,21.14713449413281,2.627575163894842,1,242,Winter,1
40.013881759930605,0.8453548157557915,26.061100441842562,48.37955554145025,19.57122772347824,-0.10492491104342276,30.310331007627006,2,0.1413127444941602,Normal,23.098413696137673,41.96882652189177,30.385741297544104,74.42320596779287,10.721204049887294,Clean,2.5714012234629147,Dry,8,Jersey,Female,Dry,418,Commercial,Mixed,35.92234633916066,1,1,0.702787147763313,0,1,Negative,10.964625976722381,1.9455450640796677,0,29,Monsoon,1
38.215021028786914,0.9878867222099807,23.162577843690187,39.077591551871855,28.796828183048845,-1.292585469862565,11.754605837967354,5,0.3089764607868172,Poor,29.282899105681434,72.8926190956768,32.09773224021855,119.35406873037668,4.829134897492488,Poor,3.1947672395566222,Dry,9,Local,Male,Lactating,320,Commercial,Mixed,32.95290434006935,1,5,5.442739556920473,1,1,Negative,19.66091121178975,0.9511892471800729,0,286,Winter,1
38.19616689469154,0.8033986077456647,16.41121873541605,54.7571337766925,31.58438375932974,-1.5688822972664398,29.575851927230143,5,0.043557580354751435,Reduced,29.330608096249318,82.39875394389493,11.684173038880026,123.57133504822723,4.454982591265602,Clean,8.796208614113208,Semi-wet,3,Jersey,Male,Lactating,350,Commercial,Confined,76.91797167167101,1,5,5.2594882269520875,1,1,Positive,3.5567718035735956,4.627784900275677,1,150,Winter,1
38.34036441273359,0.5145561608223379,13.590921038176578,45.007555074545955,25.8681388197054,0.8520848407142492,19.2999018629948,2,0.3092933780174436,Normal,23.12202618755261,48.71010168215999,6.779725699058333,77.3962919330616,6.983751980993507,Moderate,9.925407822606466,Semi-wet,5,Brown Swiss,Female,Pregnant,378,Smallholder,Confined,17.17237339617187,1,6,4.998482261530864,1,1,Negative,4.960301247846345,7.613478428779819,1,337,Summer,1
37.42566256541412,0.6725102671957102,19.390246455214207,51.85857818608419,18.071381346256306,1.0679099455631436,22.204174452330783,3,0.05993043311889179,Normal,31.55581438939823,73.08934667324615,7.709724111658632,52.69698783005274,2.712045052564937,Clean,5.321433087186156,Dry,2,Holstein,Male,Lactating,271,Commercial,Mixed,84.58460501073587,0,6,4.237689737527098,1,1,Negative,23.511850861582055,1.5169118802588457,1,309,Monsoon,1
38.384546986991545,0.7288114033978563,18.346790797657587,23.462694262085385,18.936349004214524,0.7056722043294379,23.12698316964202,2,0.23602760519282517,Reduced,33.837147871305646,81.24773571083156,12.841425061290899,86.52373420507554,5.843070129932832,Poor,8.480688669799433,Semi-wet,2,Holstein,Male,Dry,28,Commercial,Grazing,85.82602474777374,0,7,3.9691299413654404,0,0,Negative,10.572151832743813,1.4062272670871154,0,219,Winter,0
38.24452040306778,0.26276465305369917,19.422675794252918,49.46981717009852,22.479491582440225,2.0729771414857026,24.01997005892619,2,0.2656697558564416,Reduced,37.12362210408004,54.397468481631854,27.843472314403847,54.51961473061361,5.556759681097437,Moderate,7.020686130645214,Dry,2,Brown Swiss,Male,Pregnant,270,Smallholder,Confined,49.09258228227109,1,1,1.6530948669736905,1,0,Negative,19.364472734452175,2.5444822416967368,0,278,Monsoon,0
38.790236271885725,0.635597567283092,18.76630958477636,38.6141417485497,23.925580371553945,-1.0126598540174028,19.749103647758183,0,0.9943689763667939,Normal,25.689837265068423,60.2623163953196,20.299754833888485,140.07537754021777,3.6010155570177353,Moderate,9.672474189373709,Semi-wet,6,Jersey,Male,Dry,258,Smallholder,Grazing,10.614874848925737,0,6,2.009967195135563,1,0,Negative,18.255614522741414,5.490454197373086,1,305,Winter,0
38.9050535854663,0.7674566627780877,20.024963957223704,61.533096371785305,16.072804539161368,2.3114061491066953,29.220892020713727,2,0.23554667376366445,Normal,27.95561429875802,68.47588592496098,18.66766526728309,145.3525262934058,10.607948452749106,Moderate,3.905097883552746,Wet,3,Local,Female,Dry,54,Commercial,Confined,57.54072390156423,1,4,1.4148130775772545,0,0,Unknown,19.07913322488368,4.608601297838884,1,46,Monsoon,0
39.825702503529534,0.3338570432008483,23.789222797567227,51.23087347889095,26.338227637479182,-1.5513816778312293,19.535186289454245,1,0.23918644893858032,Reduced,28.260943291462166,65.9583844442281,22.524197934980027,123.53799159460004,5.858896437093833,Clean,6.358685944063544,Semi-wet,10,Local,Male,Pregnant,285,Commercial,Grazing,82.09313717991746,0,2,5.881881792331885,0,1,Negative,18.586314758012644,1.221552202101846,0,11,Monsoon,1
39.27025430291163,0.8245053739404458,20.272412820514585,47.398577458492966,22.513079977837595,-1.7190283450527393,30.14000564349908,4,0.686788968358385,Normal,30.32885530418738,41.95946965185678,31.706693403865586,122.66845853138338,11.819201795136825,Clean,5.270366546740765,Dry,5,Brown Swiss,Female,Dry,123,Smallholder,Confined,28.94735192243517,1,1,3.805828711846041,0,1,Negative,22.021070325325926,3.817251811102345,0,16,Monsoon,1
38.35385780660256,0.6670182244112893,13.801378004360235,49.86309993350221,11.705750088171223,-2.8399383232238753,41.42182646236978,0,0.859357478516452,Normal,35.742698725563216,44.93360490427067,7.7129113869697274,74.08926694117307,10.997079490377743,Moderate,6.333727807544122,Semi-wet,8,Brown Swiss,Male,Lactating,441,Commercial,Grazing,83.77474241964887,1,7,5.794604215870873,0,0,Negative,14.629498139227668,1.001992147873658,1,182,Summer,0
38.16095119719099,0.9617774285580758,23.45025141084981,35.01559147123282,16.426441105235618,-0.8686929707402256,20.023845646395618,4,0.38705541260208653,Poor,29.434138140555508,45.02332896521806,25.84172382909744,57.39255765580846,3.9481069956992547,Clean,4.150864667350842,Semi-wet,5,Brown Swiss,Female,Dry,402,Smallholder,Grazing,67.69188527146783,1,1,1.6307186919736665,1,0,Negative,10.785460447525562,6.889276089433876,1,185,Summer,1
38.99515150290391,0.23393783856551337,24.56245825395315,61.232566905280535,18.975227958090017,-0.9555835052441806,26.292938173964668,6,0.8756180199406924,Normal,29.5702984043646,53.11339527495875,32.80372536966215,130.21046358609166,7.051221723379385,Moderate,5.981969301725952,Semi-wet,2,Holstein,Male,Lactating,176,Smallholder,Mixed,98.72464407428355,0,4,3.7272546700902813,1,0,Unknown,22.280286988157584,1.3033383442131714,0,36,Monsoon,1
37.90786007578762,0.4122609100443736,30.60822693804834,64.91370418416905,21.56285386695367,0.5889059203819758,12.859255824925182,3,0.3401420207477571,Normal,21.52664861972923,52.293205640122466,11.400501252752,105.91619315533676,8.01804138366553,Moderate,6.998433173798121,Wet,6,Brown Swiss,Male,Pregnant,193,Commercial,Confined,82.47113634886657,0,3,4.553704523473548,0,0,Negative,9.209914706067542,4.034737338373157,0,51,Monsoon,0
39.79887525951261,0.6812431034398593,13.506023867041609,48.92913510548216,33.33567277302397,0.16583641243067643,26.1943882421792,2,0.19701587961501932,Normal,37.243219095834746,77.11111918933997,30.133169478855034,118.1627530787175,10.189605029436212,Clean,2.6497270719959367,Dry,2,Local,Male,Lactating,217,Smallholder,Grazing,20.150046409298472,0,7,0.5684345229670558,0,1,Negative,15.506072138449388,4.328476862138098,0,150,Summer,1
39.40766407243277,0.4372479297647446,18.9715280526011,60.90403568573639,23.42902783683777,-1.9894600565287053,31.856302915788902,2,0.3296388243277235,Poor,24.623287287305597,68.63721930080723,25.940741322785065,127.964106808623,10.856427496513948,Moderate,7.943898038460985,Dry,8,Jersey,Female,Dry,230,Commercial,Mixed,44.90040596075087,1,6,4.001765722115065,1,0,Negative,20.67001565332322,4.4759470419709775,1,259,Winter,1
38.41849460873718,0.7715393312569938,9.671605187244051,39.308518013274664,16.95536866060825,-0.7890893576387263,32.3238353881436,1,0.6093563739279924,Normal,13.701879560286017,78.19880423226206,5.43405608219434,90.94342689522688,8.240180211554899,Moderate,7.652183705283338,Dry,2,Local,Male,Lactating,237,Commercial,Confined,10.350846480260822,0,3,1.0144354054589468,1,1,Negative,22.068400400779623,5.068661859413119,0,291,Monsoon,1
37.672119282545474,0.8072042260175449,20.212596625516838,37.02886433775019,23.323784825842978,-0.7571930316315281,28.464182381704582,2,0.36714315931207375,Reduced,15.621515845360726,43.49480287054351,11.948350410863846,64.45465899783177,2.3513420314221536,Moderate,9.043660811611883,Semi-wet,7,Brown Swiss,Female,Dry,220,Smallholder,Mixed,6.9670566813224255,1,6,1.9684946736529323,0,1,Negative,22.836892786733927,5.761868156631018,0,113,Monsoon,1
39.51232342449925,0.2820127712531796,15.80719880733291,45.40924748728923,19.887473515276714,-2.863973370442839,33.33558054855386,2,0.6728938039892888,Poor,28.625383715926347,64.26071187358004,23.175342826876424,129.50367993628953,6.812764495181293,Moderate,5.406852414479404,Semi-wet,4,Local,Male,Lactating,252,Commercial,Grazing,70.6054240871172,1,2,4.296918023079623,1,1,Negative,16.178452978692174,0.5326850497490272,0,294,Summer,1
38.63127609284843,0.6110835713654141,25.693783179299814,49.349410383678986,23.94854943720125,-1.6714200905200542,43.27632721565675,2,0.2369358794224824,Normal,20.63443169010783,56.18877896326347,20.07201018473635,95.37656392284075,10.848035361863323,Clean,2.493353060917742,Dry,4,Holstein,Male,Pregnant,135,Commercial,Confined,91.29318047740105,1,5,2.6403884118829604,1,0,Negative,17.564608416233444,0.7318577554263004,0,362,Winter,0
39.44268978718408,0.6071124444728447,14.901540119925672,41.060133187568795,25.483406122213687,-1.356220445921134,38.273828124625595,2,0.7009928939891488,Reduced,27.268925629416355,82.49696553778732,20.83808757580598,132.69242308559325,9.140896025442599,Poor,5.691689032173495,Dry,8,Local,Male,Pregnant,320,Smallholder,Grazing,97.35755166752519,0,1,5.526971119882013,1,0,Negative,12.442976020479946,5.086635469629401,0,55,Monsoon,1
37.74334340472338,0.4954246161724329,11.243267848130953,50.37768190368484,29.255383883343626,1.9504375297314198,24.86487442354218,3,0.34743836324846666,Normal,19.52626438690203,75.38945784549517,11.95791273820468,93.76991467600128,10.701419414094577,Clean,3.1008733764956915,Semi-wet,4,Holstein,Female,Lactating,96,Commercial,Grazing,27.046635422886645,0,4,1.4472132142190028,1,0,Negative,7.552527281871906,1.8660653272971803,0,294,Monsoon,0
38.34037498622774,0.9463398900557378,16.114945037189923,48.06389482073414,21.854281025979844,0.08717607393602883,19.29337608119957,2,0.4558683716019345,Reduced,28.5252062389185,83.46292354133982,25.2501041212588,71.70164084573061,8.740797897227074,Poor,7.179574508174542,Wet,8,Jersey,Female,Pregnant,237,Smallholder,Mixed,20.177134185932555,0,7,0.9226872545401674,0,1,Unknown,1.3721290870124674,6.738838355769815,0,216,Monsoon,1
38.70314621983091,0.862005055898577,10.09804891513145,35.01693224708945,31.833763165599,0.7932531309212494,25.563091500557178,1,0.5577451404428959,Normal,29.821376053245164,42.321356120303,12.992551128103306,67.10050166537823,2.4403500981497266,Clean,2.3770521930504467,Dry,9,Brown Swiss,Female,Lactating,393,Smallholder,Grazing,56.021988706123004,0,5,2.0230318234154483,0,0,Unknown,6.106936914422353,5.206337367085882,1,162,Monsoon,0
38.72818835625885,0.7577675055277096,21.00439781802924,50.18793017451721,27.44813597521715,-2.4479532457238182,22.31810340629591,2,0.6862250031859937,Reduced,27.87918258272237,76.04117447833002,16.683048994353616,124.39217565591679,11.680066562066106,Clean,4.991971249821561,Dry,8,Jersey,Male,Dry,72,Commercial,Confined,20.086007308015795,0,5,5.1115393416258765,0,1,Negative,23.539064905831367,7.853005465156838,1,11,Summer,1
38.42996071711246,0.771461308587998,9.739667814974718,53.63528242521521,17.755362731126873,1.5913217245209876,30.708085287187796,2,0.2387136918487337,Normal,23.518330276520146,67.0004176079789,16.06747747640229,107.48891227939967,11.180185405696786,Moderate,2.662743187899963,Semi-wet,4,Brown Swiss,Male,Lactating,103,Commercial,Mixed,29.590709006821857,0,3,5.084547332038892,1,1,Negative,19.546782086982937,5.960032177942333,1,207,Winter,1
39.073709959408504,0.5693729150504954,18.113830324732636,46.71469317590391,35.25913399449078,1.7516530945361393,20.91283876342301,3,0.8359455374108105,Normal,31.39281048836657,81.25000145077829,25.160750663596957,90.46029004646866,3.2657953991262327,Clean,2.0269314725728265,Dry,5,Jersey,Male,Dry,277,Commercial,Grazing,83.72263300784451,1,1,2.2158334797911405,0,1,Positive,12.017827657352447,1.180358092934445,1,270,Winter,1
38.059427742370445,0.9367956168772607,9.688752720575213,56.52648103261693,23.961967079620585,-3.1975174507169393,27.563065404457948,2,0.7218427497552398,Poor,25.003182543413722,65.35802954629105,7.707582850496522,99.2116756191332,3.1269116684374882,Poor,9.684457791212735,Semi-wet,6,Jersey,Female,Lactating,151,Commercial,Grazing,81.04628564767062,1,2,4.85905390816972,1,1,Negative,8.902595457329406,1.7823195690673581,1,337,Monsoon,1
38.61457230898723,0.7556763418026284,16.718808781853433,32.82596206503048,16.98925297616659,-1.2579750858737724,33.02808432721786,3,0.23409791902399946,Normal,26.058218867620496,67.01045389509545,11.166257031205557,104.96386052865398,7.390785004770201,Clean,9.969018784210242,Semi-wet,9,Jersey,Female,Dry,218,Smallholder,Grazing,89.50732750035426,0,4,0.4667295165033687,1,0,Negative,2.4799205538851368,0.849116729433365,1,21,Winter,0
38.77217737902714,0.7831848493246532,24.573512623218136,49.67950422131852,31.91747830738253,0.5436483595232655,27.39582476309694,1,0.9749745626029104,Reduced,24.451517655520572,42.58836904710326,11.014912120552035,73.94164418257961,9.570508345568832,Clean,6.4440236122545045,Semi-wet,5,Holstein,Male,Pregnant,294,Commercial,Mixed,48.22435149284641,1,1,0.04560959881800075,0,1,Positive,1.23314790434444,6.0588189921260085,1,107,Winter,1
39.00866330043525,0.8893527230298763,19.44259156574318,33.29719293603225,34.46666551119067,0.7665826803072733,22.322117063513222,3,0.6647969910304584,Normal,25.66041909323631,73.42614325179834,8.252740223471303,87.81655796976892,5.821732119382537,Clean,3.9116467995638713,Wet,2,Holstein,Male,Lactating,374,Commercial,Confined,56.40857336934639,1,5,5.188828505475602,1,1,Negative,18.366393226415084,1.451174637318091,1,102,Winter,1
39.12696892685334,0.4192572714737528,14.546025580140263,33.85918641766912,21.80184841768264,-1.2177420957308327,35.04888434551415,3,0.4524268864667056,Normal,36.35624459165293,53.656993780252506,11.227849365093771,79.24114651097351,3.3638216354324206,Clean,9.28879229446926,Dry,7,Local,Female,Pregnant,414,Commercial,Mixed,77.05895081626998,1,5,5.244430117208964,1,1,Unknown,23.668187431951132,5.478256201339782,1,342,Monsoon,1
38.02521474489728,0.8456567230933625,17.875186044243666,38.6906916626221,18.97809843774642,-0.6582491945804794,16.726114331477035,4,0.15752732555351634,Reduced,26.97524363269042,40.98469610894102,23.211808037700628,88.84238467456272,7.105560987813545,Moderate,9.384292776608852,Wet,6,Local,Female,Pregnant,102,Smallholder,Grazing,23.926553311959896,0,2,0.860393300028818,0,1,Negative,6.838064982066361,4.665483081991718,0,60,Winter,1
37.77953149755863,0.35619248236519363,18.072067488177787,35.579398164257555,20.965750255278028,-1.0960715915677144,26.03322966473522,3,0.5332210023081314,Normal,20.651866190188727,43.3218581253015,26.965045126225647,100.05622135179048,5.3756613621897245,Moderate,8.836071129365648,Wet,11,Local,Male,Dry,435,Smallholder,Mixed,82.30935912826374,0,3,1.7862860072951157,0,0,Negative,7.314345629591519,5.2497323046386875,0,34,Winter,0
39.466606093139106,0.4762735617959103,19.890521383373624,39.52004181258862,26.2883903651062,-0.034372929580820666,27.750039859711993,2,0.1647758868271182,Poor,22.203749014493624,87.86428044830129,24.809103409073682,67.33575390543659,5.5177195555132466,Clean,6.3549598765390565,Dry,3,Brown Swiss,Female,Pregnant,268,Smallholder,Grazing,1.755747982895517,0,2,5.103577456807359,0,1,Negative,22.497522055422277,4.315024235696824,1,65,Monsoon,1
38.89938840718776,0.4684883634158742,12.532566546876694,42.85849689288811,29.667139930183083,1.5957677971928692,28.095451950397788,1,0.42949167869784377,Normal,25.6190810661942,57.30386447899235,19.255644139426472,89.3515062648888,8.44985536840382,Clean,2.5976172871682195,Dry,8,Holstein,Female,Dry,417,Commercial,Mixed,79.76598888118275,1,7,0.5026016966495801,0,1,Unknown,14.84742174499836,0.5977153317512924,0,215,Summer,1
38.25090807806607,0.9828203747113124,20.37026909538932,53.371544863313844,25.42292398518144,-1.356563235711807,29.082976336468487,5,0.40871252273951886,Normal,23.026798628048628,83.40378143105795,6.573037132881909,88.54944433069235,10.85608099229504,Clean,2.7075114202943826,Wet,3,Jersey,Female,Pregnant,452,Smallholder,Grazing,77.5907947852507,0,2,5.178556717961535,0,1,Negative,4.997655979249977,2.399135567984095,0,260,Summer,1
39.630691185313516,0.8852297789983414,7.182433473588899,41.78840961294298,22.61033925083062,1.3012307466526212,31.66263891885696,0,0.7199396443474602,Reduced,31.748296793062195,87.9838617034628,33.770210320603255,78.60038168422628,7.585917308556443,Clean,9.172958301701241,Semi-wet,10,Local,Female,Pregnant,88,Smallholder,Mixed,30.177994984259314,1,1,3.448095434345979,1,0,Negative,2.0507897849966046,7.1373637754661345,0,361,Summer,1
38.76940478057572,0.7609358892722078,15.480461790544759,29.14374293230407,30.988070621826566,-1.3725081085203314,27.787555365727894,0,0.1923831812242498,Normal,19.915292623702996,87.16335944186613,10.042293825124759,149.8496324802452,8.876025108296357,Moderate,9.006614779657834,Dry,11,Holstein,Female,Lactating,428,Commercial,Grazing,72.7912358161098,0,6,3.9436631943157483,0,0,Negative,13.962243648698987,7.469514261200726,1,235,Summer,0
39.407578310438296,0.7816454092923122,16.046904630193822,56.4006784649516,20.122981161690866,-1.4714408187453263,25.791650307137914,3,0.8218713548708458,Normal,26.404666080474414,84.08626203497101,25.052641112170125,57.36275089942914,8.599469915212415,Moderate,5.4751779934497415,Dry,4,Holstein,Male,Lactating,161,Commercial,Grazing,21.39936141630525,1,3,3.5689136735618536,1,0,Negative,11.408817371274708,1.2290734125893357,1,312,Winter,1
38.74051108884607,0.6496582355220568,20.533307304284953,36.629098663849604,28.18551603020144,1.02789192751482,25.554463932041827,4,0.3261323270161658,Reduced,32.05318363714714,84.74219562306504,32.38671846446333,114.29511392857357,7.5114619255693,Moderate,4.625236955811403,Semi-wet,9,Brown Swiss,Male,Dry,442,Smallholder,Mixed,57.62326376538783,0,5,3.495193981159332,0,1,Negative,10.938171012899943,7.644715238346836,1,70,Monsoon,1
39.936448754929195,0.9576725336868153,18.090523410707476,44.41279572895371,20.27162320989233,1.182904567011425,24.330905187769872,2,0.44398862696877506,Normal,23.849530632252886,54.450402217047575,25.933312879429657,67.44386065364355,5.107581455831301,Poor,7.152991361152817,Dry,4,Jersey,Female,Pregnant,159,Smallholder,Mixed,70.0586774916332,1,3,1.1103665261583031,1,0,Negative,23.293078975778087,5.528945388301319,0,336,Summer,1
39.75320450546592,0.5970070023058893,12.377747784574854,49.46536506940711,24.586137748065358,1.0771149051439814,32.72525994596119,5,0.7723409755538425,Normal,29.195293304351864,47.57349451301791,11.541489205668507,133.95239892851822,5.777941849102388,Poor,8.4559035860442,Semi-wet,2,Holstein,Male,Pregnant,399,Commercial,Grazing,71.46988824025648,1,1,1.4163483969958295,1,1,Unknown,7.046182860484817,7.419181802521106,0,10,Monsoon,1
38.550621510912556,0.5044141678959156,14.060027496731939,46.99610418402783,21.31862461125729,-2.173696112327212,24.12082912314091,1,0.6253923997135148,Reduced,26.798342282010868,71.96312810439619,14.473888962920691,141.41965360093008,5.157037984904162,Clean,7.853479536414568,Semi-wet,9,Holstein,Female,Lactating,452,Commercial,Confined,98.29351350223598,1,1,3.4803219546243644,0,0,Negative,12.223783666474294,3.5087295356094055,0,291,Summer,0
39.282942570572615,0.3304282695452728,18.794720038189627,55.941795475214754,21.664886904083136,-0.8989264671080761,33.08062665404947,0,0.30802535180193735,Reduced,26.842225000246685,64.4052795934412,5.906176010332855,90.14779826089588,11.174980964820548,Clean,6.9248235044056505,Wet,10,Local,Male,Dry,359,Smallholder,Grazing,18.20056618456638,0,6,2.408432484971197,1,0,Negative,5.906912311974965,1.2630878192178319,1,216,Winter,1
39.08722556975109,0.8289645218088464,17.683730632541774,49.79003143392759,19.73568089522674,1.0344828880049821,28.113994493559225,3,0.386202924545881,Normal,29.559466224308807,44.93733593475855,23.382747225263405,132.34784494207096,10.266186705104431,Poor,3.852088355558651,Semi-wet,8,Brown Swiss,Male,Lactating,393,Smallholder,Grazing,48.07986288905578,0,7,3.2477348363349194,0,1,Unknown,8.401150461596671,2.768399479504229,1,252,Monsoon,1
39.52117893451941,0.7875551456604732,15.683503561457014,36.38690420302892,30.069124187084167,-0.1376872391541581,24.872471158863224,2,0.30578681398961016,Normal,17.705690979972168,73.87706580112055,23.389789426447,74.99094493500604,7.7934737285122075,Moderate,4.100038953765721,Semi-wet,4,Brown Swiss,Male,Pregnant,392,Smallholder,Confined,88.010454423916,1,2,1.5201960322359598,1,0,Negative,18.615547613969635,5.67261137898087,1,332,Summer,1
38.12104592365194,0.5074840308193079,16.076664841952084,66.78562173991662,17.60244377134879,-1.8105392692961961,31.71044329446481,2,0.5947701672771571,Reduced,33.01680991779095,68.14300037423867,26.765017441291377,64.00685073292615,11.122434709742006,Clean,7.792539851181614,Semi-wet,11,Jersey,Female,Dry,293,Smallholder,Grazing,56.151260607000076,0,7,2.7829359165741856,1,0,Negative,5.537911342209111,6.4641612417418575,0,191,Winter,0
39.11163087599907,0.2201547311673835,20.784671988637157,46.943334633382335,17.55860648470775,0.48747690868816257,23.63527645166129,1,0.3326245332068397,Normal,17.5150634475049,83.15337004052196,5.329888678268641,81.5878266402611,10.864086931479779,Moderate,8.420958819608249,Dry,6,Brown Swiss,Male,Pregnant,276,Smallholder,Mixed,87.63890254240901,0,6,0.8604280006298453,1,1,Unknown,16.559143084517242,0.8759171218779525,1,97,Winter,1
39.33505469210976,0.8711978621744085,15.929229708523142,43.52659773378494,34.725961395070655,-1.2722108884872056,31.829104244369276,2,0.7256976947831408,Normal,32.67957964632994,70.45918978441993,29.535238664734,84.16740138910473,11.276943997518352,Poor,2.929081504796719,Semi-wet,6,Jersey,Male,Lactating,382,Commercial,Mixed,43.4058777392235,0,1,0.23037227748656375,0,1,Unknown,3.9818221213867893,4.152137525662004,0,219,Winter,1
37.644756308146135,0.2091343867632589,17.64763502388371,54.63925423055571,27.86708538792599,2.4917872725883177,29.27635672715071,2,0.5797871585837261,Poor,29.170061081443727,68.69730898608768,27.161328722009245,89.7357544785579,4.2177385765553295,Moderate,3.4983763816904485,Semi-wet,11,Jersey,Female,Dry,23,Commercial,Confined,79.53514211271494,0,7,5.7066982487218,0,1,Positive,5.383173157250875,0.9827502664506433,0,202,Summer,1
37.99004489240054,0.7629598237032409,26.67974635232217,47.49450945930072,7.689317807841782,2.1172621936273877,24.422051865448477,5,0.14570661174750899,Normal,29.36570452707964,62.0375861666314,9.226598285722664,87.29589419578187,9.175030377638947,Clean,7.443762097418971,Wet,2,Local,Male,Lactating,287,Smallholder,Grazing,87.00492990135318,1,3,4.338330873915504,1,0,Negative,1.5311461219389562,6.977099781705661,1,217,Monsoon,1
37.476460693343945,0.9762056877808456,12.305269452464309,48.99228192939327,18.608447564737578,0.706146139533351,31.171808892007355,3,0.3102686186798824,Normal,35.07282380378464,63.13935349444351,15.428798278069358,91.1144452850504,8.092244999235017,Poor,5.111892699771209,Semi-wet,9,Local,Male,Pregnant,429,Commercial,Mixed,84.64393697106124,1,2,2.988383135901433,0,1,Unknown,15.500685506445205,4.072541185820567,0,288,Summer,1
38.53835589933327,0.5501290625185629,10.592629073701366,69.92183998600687,11.128063974627675,1.8415100571546603,31.279538354131834,0,0.22144744191015575,Poor,32.91726013611155,87.7190613489558,24.155746787126503,121.003336580513,9.338306378346072,Poor,6.506342938168245,Semi-wet,6,Holstein,Female,Pregnant,435,Commercial,Grazing,87.13650445571817,1,7,3.3060706967039426,1,1,Negative,23.777371217039924,7.361163696898193,0,106,Winter,1
39.13052535347758,0.38797872399676225,21.134358659194426,42.248785717449536,16.29585583950847,-0.10281297481492838,34.94511763485975,4,0.3903132125514853,Reduced,31.070875516757823,46.92230047001197,19.873906248209835,74.55801328657353,4.633793639182872,Clean,6.918519621245089,Dry,5,Local,Male,Lactating,376,Commercial,Confined,21.95546966072335,1,2,3.06704259392479,0,0,Negative,16.098932858889267,1.0893410967251276,0,56,Winter,1
39.60141423125762,0.7638968080347055,15.285427754823587,41.82239105982604,3.1689120025957607,0.9481562415625238,33.79688207445577,1,0.5159840862093631,Poor,25.527353482922333,62.31094092910936,8.452827917037872,51.857559576512166,8.948090714382978,Poor,8.209627738138655,Wet,2,Holstein,Female,Pregnant,354,Commercial,Mixed,43.898413061530604,1,2,5.39285683418155,1,1,Unknown,22.236388199491458,2.978524885822133,0,154,Summer,1
38.744456868251866,0.8537025136124681,16.72704988902952,46.16578512012464,21.178062533836346,2.0165804429531122,30.947644124357698,5,0.5067628572841099,Normal,25.196431402352435,72.79136169634214,7.6203612540976975,98.96805513812717,6.09828515254387,Poor,8.44573560573526,Dry,10,Holstein,Female,Lactating,327,Commercial,Confined,17.45718710584597,1,3,4.641831396422419,0,0,Negative,13.107381842972062,5.57403824834921,0,68,Monsoon,1
39.67716932734278,0.6371442528622779,14.875374487475543,55.715159355810385,15.14834908503213,0.16824802269146905,21.234454292747422,1,0.754523676563289,Normal,31.207382597333556,61.65053227951998,28.443688973242747,94.82912442048641,10.340917963063003,Clean,4.240769962091652,Wet,1,Holstein,Female,Lactating,374,Smallholder,Grazing,18.0541177442624,1,2,1.950856246540704,0,1,Negative,16.64658767946876,2.7018956076499636,0,201,Summer,1
37.871939125071066,0.9736282202049169,16.96079943692995,29.93465969809601,22.35943154077863,-0.5827807572714254,42.69152192904434,5,0.18917186360170934,Poor,29.264236235449093,54.16078135203789,9.679013540534296,56.00649898434305,9.95365725161773,Moderate,6.33037383137737,Dry,7,Holstein,Female,Dry,109,Smallholder,Grazing,48.78273078512135,0,4,1.3091208536134984,0,1,Positive,22.28725820086558,6.81168905270736,1,90,Monsoon,1
37.67797053638691,0.24133497732636888,24.394152448385366,25.344441085234948,12.24927244670485,-2.756932937265674,19.57830273356914,1,0.9464728292974468,Normal,28.505864714437433,54.367868538142744,10.162780217913308,63.38014015014137,4.1135761085891716,Clean,2.988191508975042,Dry,4,Jersey,Male,Pregnant,34,Commercial,Grazing,96.00877547092547,1,4,0.3991757375045559,1,1,Negative,2.9830373315460497,7.901252737019233,0,11,Monsoon,1
38.66667138066203,0.6038364786436226,21.208513834472477,39.12884729379852,22.49747111903224,-0.324700288582241,33.695579045693854,1,0.3428451068821686,Reduced,26.71527092680804,51.682802312885784,29.927693760702727,100.99208946848938,3.83855276403303,Moderate,8.73612134958039,Wet,11,Holstein,Female,Pregnant,155,Smallholder,Confined,59.19113063011133,1,3,0.8867347375756836,1,0,Negative,14.741053241154052,2.6091469948266317,1,102,Summer,0
38.93043926936359,0.7747631578580401,21.44889404754791,28.660770409407128,19.510502331278037,1.035134776843467,30.58770290131779,3,0.3002488469161385,Normal,24.960965137263983,57.19516002915448,23.364189036896512,73.47507600195793,9.17731721284866,Poor,8.763583506665565,Semi-wet,7,Holstein,Male,Lactating,239,Commercial,Mixed,85.3845096583972,1,5,2.9403668057523187,1,1,Positive,14.23716643483323,3.20808398407822,0,288,Monsoon,1
38.680383151143545,0.8901123769193433,12.335091776829419,40.75168652474362,31.011717791131574,1.2184501413514446,20.95514576511331,1,0.6851785781802198,Reduced,20.05000425209871,83.58373877917835,23.141468244619173,137.7598294141447,7.5047489472816045,Clean,4.3960457519956515,Semi-wet,5,Holstein,Female,Dry,305,Commercial,Confined,93.71839945227339,0,6,1.2154217695873861,0,1,Negative,1.762484236134212,7.755091547395304,0,187,Monsoon,1
37.45953473997608,0.34340448952623204,13.395385053788523,50.0249969612929,30.46814117047375,0.5565475985776147,27.254194366729006,1,0.8055166286830625,Normal,30.217787135115774,65.26122751614976,19.3803731409002,67.32924864594952,7.57205910682049,Clean,3.28496165937634,Dry,1,Jersey,Female,Lactating,201,Smallholder,Mixed,8.65753588640713,0,5,1.8743635078873038,1,0,Unknown,4.592584384016339,3.1854582994854628,1,231,Winter,0
38.64652797629233,0.8400027854109451,6.643685362058292,36.09251136447736,26.712073618061698,-1.0119486424433597,27.527482682532156,2,0.3784717648136534,Normal,26.091585694959,52.01193640389092,22.06985043206873,52.012263184851626,9.525153234593546,Poor,2.5607342256021326,Wet,5,Brown Swiss,Male,Pregnant,146,Commercial,Grazing,16.206399017954798,1,2,0.799974676402345,0,1,Unknown,13.704037911757347,4.669898849927538,1,137,Winter,1
37.917318299697094,0.6421656605748363,14.762476715668985,30.731734232186575,20.040317316032723,-3.165232353421386,35.83349629486314,3,0.7468469748939771,Normal,25.766585671774852,59.226335851326624,23.053090711154333,94.75637693910603,10.5497079302179,Poor,6.599811535292687,Semi-wet,4,Brown Swiss,Female,Dry,145,Smallholder,Grazing,29.084178017805627,1,3,5.536884901686571,0,1,Unknown,12.44652780258688,6.269312496757915,1,11,Winter,1
39.101803529298024,0.5172429455919706,21.826812745542632,45.69337161715348,33.91228237156176,-0.9428226470071026,23.72013459831873,1,0.8837359561360547,Reduced,17.93720428590865,45.291520603928404,34.03478704530741,148.61631106082555,4.389639006087167,Clean,2.7314248031990385,Semi-wet,1,Holstein,Female,Dry,214,Commercial,Confined,61.67770679929719,0,2,0.20235023110025163,0,0,Negative,8.908051590946194,3.787585657743162,1,343,Winter,1
38.91995894765811,0.30537202286327486,20.067786062993484,53.625434846151705,12.681788332961077,-0.6565173065809271,26.428329961453876,4,0.7668036652069574,Normal,27.463506841507794,85.2017869869369,11.689199224027378,113.38725263064764,7.555395467905502,Poor,7.4447587569647995,Wet,10,Brown Swiss,Female,Lactating,217,Commercial,Mixed,6.1729218496091365,0,2,2.1108643190762977,0,0,Negative,17.047505361398223,3.29455961844432,1,352,Monsoon,1
38.13607212820359,0.8922366071271299,17.113946948191504,28.050265614833872,13.578648222618025,-0.6693934507850212,13.983582369872423,0,0.03419648557083299,Reduced,20.183126639685355,60.4098916045716,11.436872591013772,85.40297212619245,10.289547094920772,Clean,7.425011208273171,Semi-wet,2,Local,Female,Lactating,370,Commercial,Grazing,78.6654509859468,1,4,1.5489280310365066,1,1,Positive,9.28533417764857,4.216912595506614,0,267,Monsoon,1
38.391679849597985,0.3258185665437723,17.910798865127788,53.20232398305984,21.497301400665613,0.7278345354668867,38.40857675874146,2,0.8273689113661882,Normal,24.82685108558862,89.01956022965379,6.71655463115947,51.68680114678583,10.727941711950026,Clean,6.911899257052997,Dry,9,Local,Male,Dry,237,Smallholder,Grazing,6.378871692263887,1,7,0.04981613333409185,0,1,Negative,18.683981508559434,6.34639912278638,1,57,Winter,1
38.064471886866635,0.4478302873672794,15.244457829698378,53.17306203738326,35.52422865352672,2.7785146165222594,21.577190541879574,1,0.7744809584543674,Normal,30.963514748271173,57.37693866312596,24.745963964279667,98.49484397422268,4.874093883385166,Moderate,9.012484014904755,Semi-wet,1,Local,Female,Pregnant,27,Smallholder,Confined,15.843180756478459,1,1,5.571588178681752,0,0,Negative,19.612457833433655,2.8412170791218303,0,50,Summer,0
38.6623925416361,0.43203642556994953,18.819035529607138,54.54085102156628,20.785966558779474,-0.014706197238360474,29.96146518543505,2,0.669290238153186,Reduced,27.316385099550658,81.81780236135606,21.471265424667855,70.64660021384303,3.0415385659751255,Moderate,5.026245541833054,Semi-wet,10,Local,Male,Pregnant,250,Commercial,Confined,38.17078641701879,1,3,1.8816447829449237,1,0,Unknown,15.82529675395502,3.1310562283888093,1,73,Winter,0
39.27308539230074,0.8971312273526835,21.063513117922458,57.18480214871686,20.900528540744308,-0.5250976837346926,27.391553021668816,2,0.7600224190879035,Normal,26.473101277614216,52.81926566457266,8.337176115399192,114.7754085446646,4.328232538777799,Moderate,9.21815666099662,Wet,4,Jersey,Female,Dry,210,Smallholder,Mixed,55.771985664802756,1,1,3.0136505092731265,1,0,Negative,7.416562194408587,1.918544778530787,1,337,Summer,1
38.10856437219868,0.7381623953671184,11.53645285035811,67.02013924659616,13.348537863329145,-0.5888327195061388,27.41199419929996,2,0.9794253958319389,Normal,23.366916500324518,43.80764466888011,15.936168053545618,108.30084937313012,11.454995140145272,Clean,2.2954029507690468,Dry,8,Holstein,Female,Lactating,112,Commercial,Grazing,88.1504673940334,1,4,3.49563898457253,1,1,Negative,19.461136327220256,5.762131250620823,0,53,Summer,1
39.00242790931071,0.837345117753098,19.198590751349393,41.439079513809446,27.675577511622272,-0.013422849638428713,32.85917190922525,3,0.43111288781834967,Normal,24.262293017774475,41.586668083690036,10.359896159936115,76.5213775387185,6.624797124352142,Clean,2.9020559033712603,Semi-wet,5,Jersey,Male,Lactating,164,Smallholder,Mixed,96.37297785974617,1,1,3.6628785429438713,1,1,Negative,6.791105477310007,7.245878517725862,0,89,Winter,1
38.38184542897654,0.4003743190339992,21.72973948381867,46.09571580077858,27.719057525976122,-1.4424406405225985,38.02757476182181,3,0.06722323495459781,Reduced,34.92681686089357,70.30842133223918,14.944452212025846,56.88827342186716,6.185737905560249,Poor,5.2976445001475465,Semi-wet,10,Jersey,Male,Pregnant,35,Commercial,Mixed,88.46421240448089,0,6,2.7615643685551796,0,0,Negative,7.969218943848475,1.8930494067496888,1,252,Summer,0
38.22427630064259,0.6998992796855992,16.339598844146522,40.83561566751975,26.73445120839946,-0.01970216188091739,29.50896201965195,3,0.46088996962771667,Poor,30.898679388526446,55.57868358367947,33.5379250818383,125.50191980403346,2.1308434873421014,Clean,6.751944149508588,Dry,7,Holstein,Male,Pregnant,132,Commercial,Mixed,10.704465768491978,1,4,3.5629763629243785,0,0,Negative,15.00252598289873,0.7594215279784564,0,208,Summer,0
38.635781784027266,0.657396786514999,20.802802448482336,45.01976844755811,18.224675962915825,0.4762185044976997,31.930468105783156,2,0.046433655391047934,Normal,24.689511655056496,62.17599402379142,25.499565166415866,108.54640945929422,2.5101468292135114,Clean,2.259005093114925,Dry,11,Jersey,Female,Dry,320,Commercial,Confined,63.122948525464,0,6,4.510566025074072,1,1,Negative,16.84804956231804,3.3595299370044276,0,110,Winter,1
38.078854606548376,0.8662643014306168,29.258617777890212,60.32873355636312,17.759759389761967,0.11452909536173217,29.973349220362245,4,0.29425040808846115,Normal,26.47235320634038,80.93235178003977,5.227073023854258,134.21262495086285,8.686959294747236,Moderate,6.5394757713941125,Semi-wet,2,Holstein,Female,Pregnant,215,Smallholder,Mixed,44.17145721200749,0,5,5.712534170322508,0,1,Negative,9.53967796849296,3.576160737342681,1,225,Monsoon,1
38.36781041679169,0.9248696483850085,17.58262882805243,31.549855160693312,14.241266497570177,0.4863129010071718,34.10518854358376,3,0.586879791796759,Normal,28.236668064167503,52.40540428474011,12.57524221352371,75.98000156367164,7.898270687249965,Moderate,4.459186531864251,Semi-wet,4,Jersey,Male,Pregnant,413,Commercial,Mixed,12.579221811125619,0,4,3.942223621994161,1,0,Negative,14.601916308115804,5.343976450858969,0,171,Summer,0
37.98127326444669,0.20972541718190946,19.573228200021294,36.38950327834424,22.503235010565604,0.4506214140228029,25.222501723082036,6,0.3096228929261563,Reduced,29.19041640798606,55.43262383674566,5.310846412333371,115.28620647804121,7.755282984954038,Clean,9.097174462494634,Semi-wet,4,Brown Swiss,Female,Lactating,483,Smallholder,Mixed,55.51123712525353,1,3,2.773377137239346,1,0,Negative,6.703738123011611,1.1419324924113385,1,295,Winter,1
39.878835079749834,0.7392159352470342,15.047771665354434,58.77180936504561,15.51755602432899,-2.8578450233696655,34.452343326498486,3,0.6853952459095386,Normal,26.878419726129913,82.26680925293337,26.446054963060423,61.8680500528685,3.1032287602447157,Clean,6.266276733349847,Wet,1,Brown Swiss,Female,Lactating,422,Smallholder,Confined,35.6658305585428,0,5,2.667627035362773,1,0,Positive,19.280749434343715,6.6612380427481535,1,42,Monsoon,1
38.72115813118304,0.24146863929578322,18.725004650408202,55.2003650690209,14.935500968504268,0.7553052375931049,34.6629991938843,1,0.8219863276857211,Reduced,18.148107383597374,64.6381136671752,19.08265406166435,79.18099079168437,5.520611695653535,Poor,6.70315126573947,Semi-wet,8,Local,Male,Pregnant,442,Smallholder,Confined,34.57878392963508,0,2,4.259144183817144,1,0,Negative,23.818947552003223,4.804901053525046,1,204,Monsoon,0
38.280164695204455,0.6390869320618848,19.841086499929215,41.36868353182922,19.457855698535944,-1.2065222684936805,34.49522205209746,2,0.4204391792795369,Normal,26.842603591453337,81.38325835262438,34.82056075443168,115.65391118773695,10.12358138640148,Poor,9.564974488919066,Semi-wet,11,Brown Swiss,Male,Lactating,325,Smallholder,Grazing,9.444511871120564,1,3,3.7622112798962237,1,1,Negative,17.06246337265544,4.594781890691628,1,153,Monsoon,1
38.828387946440536,0.4301061832349426,18.77936936108055,53.544020011207195,19.065062948894703,-1.843758744505937,24.039112795981143,7,0.9001379512930036,Reduced,26.53754974243469,58.72380017331582,27.007497830679746,132.55813051447933,3.7491122391663727,Clean,8.113368213236749,Dry,3,Local,Male,Lactating,224,Smallholder,Confined,97.88529656707145,1,3,2.5223195412059134,1,0,Unknown,8.345399739744469,2.8727227528624266,1,78,Monsoon,1
38.632603170185504,0.445421279617713,13.921218721164573,48.412158424920335,18.77212882706827,-1.8566777417824942,26.989974194576856,2,0.07983893135040021,Normal,37.28649613643173,59.918499041355425,20.537388281236456,82.09255017433469,10.826872509824364,Moderate,5.506186129174125,Dry,4,Local,Female,Lactating,335,Commercial,Confined,72.59599002238201,1,6,2.0153208748785048,1,1,Negative,9.021420353949216,3.2395063485032285,1,222,Monsoon,1
38.56741824028007,0.48236680276188526,18.825447085301803,60.00274609000988,24.798667581041567,0.45031241570879393,29.43680193268261,1,0.8401131642004498,Poor,40.45876647935491,48.35691808891281,29.141162846244054,129.88535565565013,3.214783003489032,Clean,5.815036919648155,Semi-wet,2,Local,Male,Pregnant,87,Commercial,Mixed,28.03342113404189,1,7,5.958891860187018,0,0,Positive,1.7020855759472764,0.915704379006851,1,266,Summer,1
39.06850002002606,0.6970339592396881,23.848783754870546,45.745095938267724,22.474286812901674,-0.5338623908372795,19.774947731025968,5,0.8285731454392989,Normal,30.210823424941147,85.81729267974832,26.14410953702228,117.77524602732825,3.6914933012398814,Moderate,7.183390948475191,Semi-wet,10,Jersey,Male,Lactating,146,Smallholder,Grazing,91.74751572375017,1,3,4.6007819258653875,1,0,Negative,15.879924047037068,6.153160831721548,0,216,Monsoon,1
39.154504626028384,0.46723997253501537,19.79454305805811,55.25632113872582,20.271063816933292,-2.722953175978116,37.56952124851609,3,0.3219938963267649,Normal,23.61436044591063,84.83918470063048,12.313285329079614,84.86747715075998,6.7774996115372845,Clean,3.601593733204105,Semi-wet,5,Holstein,Female,Pregnant,179,Smallholder,Confined,94.80871963302094,1,1,1.2406541888874105,0,1,Negative,14.80048671037101,5.035524225691583,1,162,Summer,1
38.381699311433685,0.7861592404722244,21.847948756287366,71.4201191049262,23.09807756986889,0.5170567227884251,27.926340798986946,5,0.298715187124615,Reduced,30.39508038021913,89.21085072823868,20.9077482448255,137.6396937744439,11.452999044485374,Moderate,2.709206723952981,Semi-wet,5,Brown Swiss,Male,Pregnant,485,Commercial,Grazing,81.03748433166929,1,1,1.753030031444839,1,0,Negative,22.955538349638747,7.823213806515536,0,76,Winter,1
38.35450905561319,0.5236219084590958,17.05195211994949,50.98099155047466,16.050837753372207,-2.359412196198241,29.70356732562833,2,0.30509498115351263,Reduced,18.507537091558937,60.122356358485575,21.679961745022126,100.92290660354311,5.295476781454236,Moderate,4.489892127564947,Semi-wet,3,Holstein,Female,Dry,355,Commercial,Mixed,65.9315164111286,1,2,5.362132018874796,1,0,Negative,10.249094311246735,3.1517132945397472,0,26,Winter,0
38.534968981709014,0.2546825602479669,20.99960095769484,45.49328165794844,22.631671743458067,0.009732037777316294,24.537973361636784,0,0.8113937123444109,Normal,24.336593465428148,80.9307470879321,18.5369509582341,114.82468225460822,8.582179935580488,Moderate,8.227062383489843,Dry,8,Brown Swiss,Male,Dry,364,Smallholder,Confined,37.637661972258854,1,1,3.964975132557453,0,1,Unknown,22.457254268607507,5.4968278666724,1,35,Winter,1
37.318847301158655,0.8270078739872859,19.117071352866105,52.22446985220979,22.903614957067802,0.15774838850958123,20.038734643797863,0,0.8316534876101951,Poor,18.868075627477385,60.747686583605926,10.375778685660858,99.56313419034801,7.886712559890762,Poor,4.058590390159608,Semi-wet,1,Brown Swiss,Male,Dry,467,Smallholder,Mixed,43.4346507750773,1,3,1.864517023402658,0,0,Negative,18.485700844604377,7.396589728563546,0,77,Monsoon,0
37.790885362680875,0.42860665967416484,14.196357081251072,41.34719141796115,12.981718843855116,1.1283656225425673,24.375820687151375,1,0.3297224588276676,Normal,29.75276473957681,62.71493944604864,11.70107154973661,95.2719960490768,3.496226365005575,Clean,3.0460736026873576,Semi-wet,2,Jersey,Female,Pregnant,483,Smallholder,Mixed,45.501125343436954,0,6,2.185261820420333,1,1,Negative,7.624071725531843,5.837606668144289,0,211,Winter,1
39.52012456046672,0.5462135036794101,19.2740840191955,68.87967705524733,27.974162526222173,2.4725271797002772,29.31522512580153,2,0.5925903474444618,Normal,20.946644695579494,81.49996967974123,13.431422028678847,134.79777172388566,4.481669013941633,Moderate,3.752180787698082,Semi-wet,1,Brown Swiss,Male,Dry,361,Smallholder,Grazing,94.87626550510335,1,4,2.273445987851024,0,1,Negative,1.3779560794160046,0.8023289352159203,0,312,Summer,1
39.68698062810077,0.7483551065775214,14.033213346238758,46.80071037695981,16.711397768638026,-2.247014488850813,32.04057287652216,3,0.1389332294404545,Normal,25.565050412699595,48.86833854431998,5.307654481344912,79.47044150386257,11.30152772643822,Clean,7.4317832960456505,Semi-wet,6,Holstein,Male,Lactating,171,Commercial,Confined,76.0134604695892,0,2,1.1177711798629086,0,1,Negative,17.713206661096432,5.2417760190918905,0,48,Summer,1
38.550578376266174,0.46596492571896964,15.468478900460832,42.27066679774487,22.54185879523861,-0.27871078409457417,28.97074924361632,2,0.4687787382810221,Normal,26.77932111915921,51.01554672308762,32.50831676508528,53.66292223637247,3.848296236530995,Clean,6.9115844535481505,Semi-wet,4,Holstein,Male,Dry,303,Commercial,Grazing,29.201430333695377,0,2,3.067012370619468,0,1,Negative,12.415997981214685,4.590432607133535,0,23,Monsoon,1
39.045934177833466,0.2452685249173725,18.757313229169498,36.64310994979964,28.986470443211623,-0.614502942566326,30.0803440974517,2,0.9987928508555383,Reduced,26.855354798176194,55.73641201979075,25.582879747504368,137.9782643544961,8.950098897551133,Clean,7.5065199783714895,Dry,10,Brown Swiss,Female,Pregnant,170,Smallholder,Mixed,62.46405869547702,1,3,4.593423862598202,1,0,Negative,23.1226879494579,4.244850037226035,1,65,Monsoon,1
38.886750092726125,0.4991368376102509,19.188977093520496,55.972201916064385,27.554060546283218,0.4506245289414434,25.97784175191174,3,0.15883914770624685,Normal,24.635646689983265,79.40895162500289,25.688519473534125,132.50239530511828,11.646944826003045,Clean,4.575664981443056,Dry,1,Holstein,Female,Lactating,82,Smallholder,Confined,59.39005367153071,1,5,3.384359691034983,0,1,Negative,1.508418415212089,4.647829757188604,1,8,Winter,1
40.547328485073145,0.9555588661554428,13.243070139691483,53.67187412827739,22.206000331413012,0.12350315640042786,30.97749139747257,1,0.947562639960059,Normal,28.683580154840318,58.632577468404136,22.16991841427364,86.65604745696128,3.195059922022781,Clean,9.206849015466172,Dry,7,Local,Male,Lactating,393,Smallholder,Mixed,81.21269993061877,1,7,3.9356516979172937,0,1,Negative,13.003810806719798,3.9542437012892546,0,231,Monsoon,1
39.37174494686075,0.7133875178388467,22.215943084731506,40.02645628585907,19.825005982707587,-0.7288193641049299,36.89699719831544,7,0.8242547219650078,Normal,20.72881232661302,57.90841041403808,25.679324244831776,68.54511387052112,5.991819901873145,Moderate,5.614162858625163,Semi-wet,9,Holstein,Female,Lactating,402,Smallholder,Grazing,9.530839598255492,1,7,3.5723183283037434,1,1,Unknown,19.14293190717372,5.688741744827922,1,226,Monsoon,1
38.62324944511154,0.7371833189337655,20.28802511320189,50.764513451224225,27.685071451453403,-0.8613532829162833,32.22873665463392,2,0.9722146509462699,Normal,35.69639721386289,89.9408172627621,34.45587649620909,117.5533643048471,4.239321444427373,Moderate,6.109704255415549,Dry,5,Local,Female,Dry,203,Commercial,Grazing,70.12715915178322,0,1,0.3533725764101874,1,0,Negative,19.164772047121165,0.6118467710074142,1,141,Winter,0
38.12667573563975,0.7058257229101119,15.181086257556466,29.914440317871435,26.04816986685172,-1.8746762827760712,32.85725132951764,6,0.17957876061053302,Poor,21.829675019294196,59.19030715497397,16.5548101290348,57.876090363563925,4.215615174045428,Poor,9.590463808017017,Dry,7,Local,Female,Dry,232,Smallholder,Mixed,33.11698403252352,1,5,1.1283603642960034,1,1,Negative,16.457367909025844,1.9141978440342737,0,236,Monsoon,1
37.73613220784546,0.35919371116754945,11.849660814203299,46.849705750731566,18.28980987973522,1.2817923736097638,29.764098395839785,1,0.21351849044336424,Poor,27.198488225907926,52.38852681577935,26.37576760629691,92.37547555388085,3.189858439996808,Moderate,9.834218143559806,Wet,4,Holstein,Female,Dry,92,Commercial,Grazing,12.96320407123891,0,3,2.102090621044827,1,1,Unknown,10.070566969737387,3.2403922157519576,0,177,Summer,1
38.82207818152034,0.5346670912818241,17.420381683674275,49.52756352076695,17.23063811798986,0.4888062723992938,18.98106958240239,0,0.016867181734858683,Normal,30.124815363967922,71.16068391004717,15.785870131325847,58.58623215400311,8.49551183991466,Clean,7.292341807332414,Semi-wet,4,Local,Male,Dry,341,Smallholder,Grazing,73.17733310765853,0,5,5.335410017670686,1,0,Unknown,2.5465820600929714,3.8950045270851916,0,255,Monsoon,0
38.24618955282942,0.8007518386906547,16.21622514455536,62.07329809559223,9.565868909824012,1.176652296692706,21.73200081621254,1,0.7247018129156055,Normal,30.41358040464571,80.09399759775005,30.62866396240478,109.79096753287628,9.463435099107118,Clean,9.55850554060633,Dry,4,Holstein,Male,Lactating,441,Commercial,Mixed,33.16460238684198,1,3,2.09215400556603,1,1,Negative,7.940458684543843,1.478647610017139,1,105,Winter,1
37.8466477742414,0.28109831804252733,18.45256182821209,37.291811972713106,22.924191050101523,-0.6655942047132706,30.72925480398306,6,0.6440946934361856,Poor,30.876802511102927,43.480391686157965,30.740858206701052,52.720838380962995,8.767939100230562,Poor,6.332059090723546,Semi-wet,5,Holstein,Male,Pregnant,303,Smallholder,Confined,73.01237436706903,1,1,1.962701830066504,1,0,Negative,15.97650487033628,6.6510948316795995,0,138,Summer,1
38.31205626945449,0.4222822208717698,16.547533355377734,32.21647371197676,21.50381352988961,-1.1852532030416456,27.934365688239485,2,0.1780654383247321,Normal,19.03616753011251,70.94461155692375,32.06799276270455,112.92383756343116,11.246564576191528,Clean,4.458263564534174,Semi-wet,8,Brown Swiss,Male,Dry,173,Smallholder,Confined,16.243695006098278,0,7,0.4835198757263248,0,1,Unknown,18.73435497962215,7.470435285710502,0,131,Winter,1
38.05107119783137,0.4210552867726829,9.97017255701996,36.04572039074958,28.817148247855254,-1.8174725999438417,30.63905731883697,2,0.7911449655420719,Normal,22.4130400736836,41.786772794011235,5.16389972725635,117.32055732893966,3.4567880871805414,Clean,4.520742847732331,Semi-wet,4,Holstein,Female,Pregnant,207,Commercial,Confined,98.59278244770405,1,1,5.83247566665983,0,0,Negative,19.79974443609359,6.134116170208393,1,28,Winter,0
39.71228498104354,0.5456151420756048,16.446612246795368,31.6343149968508,24.1543305608822,0.33837637561098927,38.05854050706444,1,0.2991955061317254,Normal,27.67928924776444,66.3166175489759,13.945743349882845,98.71444746251511,5.198453733850062,Clean,6.471524719058764,Semi-wet,7,Holstein,Male,Lactating,79,Commercial,Mixed,80.34080156804339,1,2,4.671298019314962,0,1,Negative,18.803868529756837,7.4661353624654145,0,27,Monsoon,1
39.22898385416967,0.9842949927537481,16.77752355572675,58.36657357758983,30.005375165036142,-1.759689836792352,32.356215995376004,1,0.13499556933063517,Normal,29.4058320414931,52.84957818789046,9.017730536047882,67.50073292976118,5.44572809702456,Clean,6.840288965241587,Dry,9,Brown Swiss,Male,Pregnant,275,Commercial,Mixed,28.915178599630053,1,5,4.595563357652977,0,0,Negative,8.447210452669466,6.074160294387786,1,341,Winter,1
38.695216415210034,0.25400203734705756,20.534644099096234,60.486392950240365,17.815814632502974,2.5729946034498252,35.55331723445693,1,0.42256266501934814,Reduced,33.28564154130487,55.332084883659284,18.619585936704702,60.13939386272072,4.320821038469046,Moderate,5.516936559357991,Dry,6,Jersey,Male,Pregnant,494,Smallholder,Grazing,74.05242540619062,1,7,2.3022330873494647,1,0,Negative,16.964047570468995,3.807920141033121,1,11,Summer,0
39.58796648333402,0.614960795504476,15.207201301555802,48.20216577948829,28.82890198580571,-2.161463871640161,28.56808833682438,1,0.09096984842685607,Normal,24.42990542904439,63.35479819911913,19.863489280378936,81.32923481370032,3.422049441569666,Clean,9.07017186809475,Dry,4,Holstein,Male,Dry,202,Commercial,Confined,13.579987575965335,1,5,0.4702167235538066,0,1,Unknown,23.288811374714815,3.4484973002134414,1,216,Summer,1
38.746420984588575,0.34349174560976836,24.714698693490263,57.21294945685148,18.82650172537207,0.21049017881875282,23.156705935093363,2,0.26324365627324664,Poor,22.475030032529336,86.35537303727935,12.677121284889665,96.52066796000125,6.867034759262637,Moderate,5.413568949708404,Dry,5,Jersey,Male,Dry,403,Smallholder,Grazing,65.34374521687708,1,5,1.5811216105375479,1,0,Negative,4.139537079352134,1.747995364222609,0,12,Summer,0
38.18322947920304,0.9765412363277954,10.35343779739297,46.339583805802356,26.665576370753634,2.150282060820679,27.652803044713956,2,0.37133335842734616,Normal,24.265851469445707,75.53336532939383,26.70339476135211,114.22083168448445,10.344396280474285,Clean,4.187389175981343,Semi-wet,8,Jersey,Male,Lactating,44,Smallholder,Mixed,5.963686470398432,1,7,5.117397867299391,1,0,Negative,17.821311797499693,1.1483528077195344,0,7,Summer,0
39.6138744463618,0.2906428037819714,23.244669991210497,44.04888352299234,13.24744964481584,0.6986346388957136,23.171489117685173,2,0.8518641745141499,Normal,38.29716067549308,86.84227981422481,13.09309151566908,50.125012751849965,11.545397256033182,Moderate,2.0638550267483184,Dry,4,Brown Swiss,Female,Dry,424,Commercial,Confined,33.338745976695115,0,5,1.0817874628726118,0,1,Unknown,10.429563519135373,2.1471371153379164,0,170,Monsoon,1
39.023346026210795,0.522880801889273,17.102724116487583,41.66962380946239,23.41081179619713,0.06351056873766897,37.349769740634684,0,0.7925487412932214,Poor,34.50214014867321,72.99855022793389,30.616741258500756,121.10639192353632,3.2934063221849765,Moderate,9.764554225261094,Semi-wet,4,Jersey,Female,Pregnant,44,Commercial,Mixed,97.84625453218865,1,6,5.365497535708956,0,0,Negative,6.174853932500582,4.491017991756721,0,352,Winter,1
38.07765230740413,0.7903079878676851,21.438339489374226,41.89609008622435,10.09187235132454,-1.6527254704428433,32.74234645921282,1,0.44275428575061826,Reduced,26.15254014596398,40.35538735439298,10.329781044253606,121.27119321252765,10.23157228072736,Moderate,8.594506265143554,Semi-wet,7,Jersey,Male,Pregnant,333,Commercial,Grazing,12.092037420812263,0,4,3.2145270922407185,1,0,Positive,8.360978321456306,1.512103633347641,1,317,Monsoon,1
38.58579679314984,0.7636435424219563,18.319205936234933,29.521984436909687,20.39717508434947,-2.272653782851556,31.123074979769676,4,0.7245750577523875,Reduced,33.42401849935624,53.27925986738388,16.01705884295851,94.45378064924998,10.245811229652748,Clean,6.924476677482632,Dry,6,Local,Male,Pregnant,57,Smallholder,Grazing,59.74240324409884,0,2,4.287219174683187,0,0,Negative,4.828856389258053,7.633726595266847,1,64,Summer,1
38.17462904796915,0.5381829095151458,22.558222144101876,47.64254763607339,24.64212396326748,0.9550751633763788,35.41565921336862,5,0.568649636179005,Normal,24.137575967274195,85.2886288860187,23.667132752729152,84.34064457479518,5.8897812155256695,Clean,8.64433803122769,Dry,1,Jersey,Male,Pregnant,321,Smallholder,Mixed,7.060538596592725,1,2,2.721848370109157,1,0,Positive,19.752874579873154,2.1387684278859065,1,284,Monsoon,1
37.870320161421404,0.4772193343621746,16.450552141788755,44.596660897859564,18.874188692613426,2.0592208611624194,15.879661512860647,2,0.3408418550780681,Reduced,31.772593059632285,72.17227604838723,23.1600521138976,134.23085646703586,3.1002962414545414,Moderate,8.482313842007551,Dry,9,Brown Swiss,Female,Dry,478,Smallholder,Mixed,66.94012115293623,1,4,5.59385622934551,1,0,Unknown,9.91161323751327,6.7522354649444765,1,349,Winter,0
39.255706528518985,0.5180899028422965,13.60551829928875,52.45360724077876,15.697374227464195,-0.8582749857172571,31.528827708055957,4,0.7258743434952848,Normal,20.105406450630166,89.08236182851374,7.340873360154305,128.4587482031228,11.90008006756898,Clean,9.454806241806601,Dry,5,Holstein,Female,Lactating,495,Commercial,Confined,27.86621529605461,1,6,1.4379499907978188,1,0,Negative,22.56524503628518,6.641142221425684,0,347,Winter,1
39.84564998428208,0.41142101052691143,23.682017149084253,45.9352349643861,27.076710815775602,-1.9085922614245265,20.136125294173766,0,0.683499154466378,Normal,28.782451458917574,47.798200960914784,30.38775836572845,148.3276088517724,8.555930305288186,Clean,5.088541466882999,Semi-wet,10,Local,Male,Dry,388,Commercial,Mixed,30.997560145759483,0,5,3.4346005815395086,1,1,Negative,23.226879275306285,1.559028731662874,1,180,Monsoon,1
37.86085945570852,0.36426635096543986,17.546077416471434,43.37296298430908,21.379223260918458,-3.887254145823528,27.956465809206033,3,0.619094442193602,Reduced,32.09734962514744,54.83739165532597,22.941948002893255,87.1930805338952,11.821956950415805,Poor,6.438817936687526,Wet,11,Brown Swiss,Male,Pregnant,119,Smallholder,Grazing,33.78025352952179,0,4,0.41469607797886443,1,0,Negative,23.21207415010017,5.830571357155444,0,106,Winter,0
39.03778154201434,0.586431758047112,18.886233894496844,36.288069699923696,19.062576117815972,-1.6711472654938064,26.129754445196713,6,0.6179555210432506,Reduced,25.366832990312055,58.118382975851816,31.095786461215052,140.68326048570984,6.836555156846584,Poor,2.7890241897619674,Semi-wet,2,Brown Swiss,Female,Lactating,407,Commercial,Grazing,20.51568146256092,1,6,2.8825634531284487,1,0,Negative,4.5813623077173,6.680853776763428,0,150,Summer,1
38.30961445852691,0.41482700485408586,22.93900765617918,45.721532368217616,22.25137552692566,-0.3704852637485603,31.970419672581688,0,0.6829819923269768,Reduced,30.067078511241867,56.32789090836553,31.029067346836054,58.74018858929523,5.951929999367287,Poor,9.722523405751785,Semi-wet,5,Local,Male,Lactating,166,Smallholder,Mixed,94.1657385070998,1,5,5.836286111757058,0,0,Unknown,8.966879333330603,7.132155213332618,1,266,Monsoon,0
38.407724769741186,0.4299693319178001,13.87217903162226,52.38237230816162,37.820014851673534,2.198684861255101,29.369123733765733,6,0.3845455126425382,Reduced,24.19221242613158,52.599576507494035,21.377560711250933,91.14660662508523,4.471854759704538,Poor,9.881016554259999,Dry,8,Local,Male,Pregnant,465,Commercial,Mixed,90.58318423953502,1,4,0.5287891476558044,0,1,Negative,8.138851765510713,7.65484703136238,1,135,Winter,1
38.34456364545668,0.7254048507796458,20.381963590557028,33.566610089161394,28.921017098689262,0.8097005383494527,36.07070304167073,2,0.8690758150677024,Normal,28.517718235014655,62.17328578783889,32.32344371934313,96.5374118748659,11.835720017720195,Poor,8.312673983449614,Semi-wet,6,Brown Swiss,Female,Pregnant,299,Commercial,Confined,87.00152299838909,1,2,3.040338178008419,1,1,Positive,22.22160890059901,7.475775983420159,0,191,Summer,1
38.181605538192116,0.9748298653599139,15.640420974148437,45.874737536807395,28.975442009127043,0.25762810706012945,24.38861703440432,3,0.16230784549646082,Normal,24.592278710694753,72.11490616846856,30.45223396440368,94.08743162034582,4.532572694622736,Moderate,5.632967865186695,Semi-wet,8,Holstein,Female,Dry,489,Commercial,Grazing,10.644554674678798,0,4,3.6138378689208253,0,0,Unknown,2.9889300068030162,2.833527931401181,1,242,Monsoon,0
38.7291129767669,0.6829097604475001,17.471322577422512,47.33042951529484,24.613277913954185,-0.8001794919516965,32.254686337799704,3,0.8838854632391541,Reduced,31.09568907035009,55.5628461443348,33.74368833685313,112.50981884311238,2.2376275621805037,Clean,5.972534007314861,Dry,5,Jersey,Female,Lactating,74,Smallholder,Grazing,23.344483850675424,0,6,5.590475142556416,1,1,Negative,14.53815459642073,2.5074195997093054,1,87,Winter,1
38.20142993015338,0.26158357365197304,18.289115861537155,37.819352163817356,22.998911635462882,-1.0747485758839346,28.97333930139299,0,0.3422818430319944,Normal,20.67816171922457,43.984996165712786,30.51495195678219,67.02078388381689,7.124684135884778,Poor,5.482935463902856,Wet,4,Holstein,Male,Lactating,428,Commercial,Grazing,61.222585931175935,0,3,1.7844852111577085,1,0,Negative,12.163567129080931,3.481478122204929,0,195,Winter,0
38.8622740954679,0.2604668910832536,11.999112554212257,39.12143695092,7.6235062700175025,1.9084713962619457,18.188258379570684,1,0.12503161560862253,Normal,21.923912804435616,75.42662634465816,29.636115530034484,136.6452171726252,5.770504930509154,Poor,4.3464850921778435,Dry,10,Jersey,Female,Dry,91,Smallholder,Mixed,97.03710013898277,0,5,3.017643816879141,1,1,Negative,23.45419943268086,3.9875470112710243,1,88,Summer,1
38.66985713433052,0.9611385766764529,14.884651828718262,47.306108487662144,17.926117921221206,0.10110781113758421,22.488301248861802,1,0.6000274026791299,Normal,33.52854451607663,62.95082778906343,19.080814420307345,105.17640185396394,4.6138250342926455,Clean,6.222331244390133,Semi-wet,3,Holstein,Female,Pregnant,262,Smallholder,Grazing,60.481738230468395,0,4,5.923175113337177,0,1,Negative,23.155891379514088,2.2541376269226716,0,361,Winter,1
38.556631171880156,0.43783263224586694,23.404291569652557,33.66578981707377,19.116553520785153,-3.353901037881533,27.100731798866992,1,0.37598666907040523,Normal,14.702626343942633,67.82411530450315,11.360931811337831,140.42095480132645,8.346081164811734,Clean,2.4275605560045346,Semi-wet,2,Local,Male,Lactating,146,Smallholder,Mixed,32.710176167483596,1,5,4.614114008097638,0,1,Negative,10.751967814758684,1.1456239701820288,0,116,Monsoon,1
38.155461802775044,0.27365358886598035,21.544764754339184,48.499237152493926,10.7506476157148,-1.2103094718458642,34.67375469935037,2,0.8154997271035193,Poor,23.794957282307536,62.770032858195755,32.32126199226458,50.263164402148476,5.642686148978223,Clean,9.935096495497348,Wet,9,Local,Female,Dry,487,Smallholder,Confined,81.74041112301305,0,1,4.862487466668357,0,1,Negative,11.151602769313177,5.424398171650413,0,332,Summer,1
38.353937201659,0.6792356697203052,17.74944169069106,36.046456263408004,15.055505258707399,-1.48732404765744,30.782338345342687,6,0.4307854685287673,Normal,26.289598738554393,84.5178751727455,26.67647559338227,112.99881135929965,6.022508883168729,Poor,5.3924010813131265,Wet,1,Local,Female,Lactating,340,Commercial,Mixed,13.543054989956648,1,7,4.683067652954459,0,0,Negative,9.844302664682616,1.8068058813887573,1,277,Monsoon,1
39.15323473549546,0.6989190226322128,18.972493834051573,55.62853693033216,10.114981174464196,-1.0193960137661973,20.994995056715716,2,0.6685625255621098,Normal,28.76503906316467,67.937249858319,13.452435925955609,91.24578468548329,2.230456038940443,Moderate,9.418932672296851,Wet,10,Brown Swiss,Female,Dry,273,Smallholder,Confined,88.17418834546477,0,5,3.0913561414592974,1,0,Unknown,19.150959258636743,7.36174761545071,0,273,Summer,1
39.00055031257463,0.7188038560949506,16.82302997745417,68.378277453883,21.770056985815764,0.6443659904276278,27.158102631717043,3,0.3082579895048255,Reduced,24.61096762899893,86.16384199258749,15.229871682669275,100.50990617494575,7.890709285530575,Clean,7.794171685280029,Semi-wet,2,Brown Swiss,Male,Lactating,87,Commercial,Confined,97.46767901195292,0,7,2.6061244048332846,1,0,Positive,3.304165249478749,2.657636023310217,1,356,Winter,1
38.11346685312087,0.4139216222860331,23.426333543311927,36.392431982981805,26.912595825092897,-0.36116732269137414,40.10683869275818,2,0.2094523750253401,Normal,21.371196300399678,65.52876707780001,25.58235535571662,124.38045107802853,3.2207102984704274,Clean,4.319543334911472,Semi-wet,6,Jersey,Male,Pregnant,415,Smallholder,Mixed,96.76526539497127,1,4,1.5288790651749127,1,1,Negative,3.6713787217906466,1.9826468067722738,1,9,Summer,1
38.75959938325754,0.21208854737158003,17.198589688823343,50.342078623746744,28.64064711174597,-0.31529811050549306,28.667340009045148,7,0.3880490309488238,Poor,33.13140206708853,54.62940811201409,19.33451925061013,72.71517483366895,4.138048588954218,Poor,3.7764209453968194,Dry,6,Local,Female,Pregnant,172,Commercial,Confined,14.769656341579541,0,5,2.795801043711183,0,0,Negative,17.207934181116045,1.956186143095732,1,242,Summer,1
39.150832274023074,0.9720122955635775,18.92736836853939,37.732580951179806,24.488706772475446,1.7702097419878549,26.036046549565626,3,0.6068078346024335,Normal,32.26628897331796,57.77212935880983,7.444476855391048,70.4899435214388,9.171178206126381,Moderate,9.965403470098849,Semi-wet,1,Brown Swiss,Male,Lactating,168,Smallholder,Mixed,54.96075068295995,1,6,0.12301419406830383,0,1,Unknown,1.3837955291745443,2.6710137037249715,0,214,Monsoon,1
37.69835683132718,0.400714436552882,22.58412057656826,55.4095417379779,16.219621952808588,-1.2446916346800325,30.950437844537323,1,0.6569467392113518,Poor,25.103550932069325,66.10646467923928,9.24343837236971,120.3007817737143,5.13242726183911,Clean,8.177010840432285,Wet,8,Brown Swiss,Male,Lactating,422,Commercial,Grazing,58.491902964484254,1,7,0.5826659372417098,0,0,Negative,16.43368462104622,5.091243419962364,0,224,Winter,0
39.026016115427964,0.740821030442038,14.890514060616374,32.34741590914785,10.407609048880243,2.596299288831024,32.58035847749182,2,0.5782066652980183,Normal,18.046644939447397,66.49947189025043,27.369460505369336,102.13657589441802,3.6321019743838097,Clean,3.9972917931947274,Semi-wet,11,Local,Male,Lactating,245,Smallholder,Mixed,19.491859042027926,1,3,1.7235456162482927,0,1,Negative,3.960008698041772,7.837377418509456,1,187,Monsoon,1
38.302425744632494,0.7653038959029677,24.235156737987577,49.805867584277124,11.458787803590988,-1.2069613870566291,25.262989915119647,2,0.9880557186241089,Normal,28.53084049382229,74.36688507744745,14.857085854454926,73.36390980616903,7.774241470624808,Clean,2.539560385418085,Dry,4,Holstein,Female,Dry,345,Smallholder,Confined,54.67773472268762,1,3,2.0017774516764515,1,0,Positive,19.082268317937704,4.147014083647828,0,325,Monsoon,1
39.0423592011559,0.6880059336635886,11.878154361026493,36.27011033110647,14.38610453647301,-0.06620270508114295,31.015448646228624,2,0.6910901864951653,Normal,27.90875270379298,51.22474360933154,20.229482852061174,98.40186346694153,4.149044949379406,Clean,7.57533236241103,Dry,7,Local,Male,Pregnant,199,Commercial,Confined,64.65375739730736,0,4,4.245104028855417,1,0,Negative,18.011684313630642,4.997584880701994,0,122,Winter,1
38.24204450607449,0.4503259153709186,24.518568524451194,42.930154109016314,16.66684181178595,-0.6218053931041503,26.026663019975146,1,0.9315196275969178,Normal,23.664706379971523,72.94214499827508,27.998644347605772,95.95584057771595,4.70978213958705,Moderate,4.424131654488611,Dry,10,Jersey,Male,Dry,329,Commercial,Grazing,32.89617447470593,0,4,1.029614502823111,0,0,Positive,5.191986874476018,6.819495405073947,0,196,Summer,1
37.61707073960129,0.41687700301125263,16.5092976641921,34.68974724852693,21.04150901205048,-0.014871299748558442,32.31596561097663,1,0.11793319489517451,Reduced,17.224684786392466,78.92940041903762,27.535267811181573,119.14444274153115,8.213393099778738,Moderate,3.770646501021739,Dry,9,Local,Male,Pregnant,438,Commercial,Mixed,31.56807665029501,1,5,4.774636959097987,0,0,Negative,18.40945228055395,3.005280834857608,0,189,Monsoon,0
37.72347453727011,0.6781346261621626,17.029205008698874,53.223504708957535,15.91501469123819,0.46688799260969344,29.018158947827704,1,0.06137292981347886,Normal,25.642228936147397,73.8295994733495,10.010450806618216,50.26611036192794,9.398617813639149,Clean,7.879499321194689,Dry,2,Holstein,Female,Pregnant,22,Commercial,Grazing,6.023849977798035,1,2,4.804809363573407,0,0,Negative,19.175303380457585,1.8490750439140942,1,261,Summer,0
38.728850967996834,0.8928765068893532,10.43995931526823,36.63019645560413,24.033855362009568,0.4507528601333148,30.891806962317354,1,0.31099470201195367,Reduced,30.832778979790717,64.09140549087954,7.951815931971059,108.67602657714829,9.39659685195577,Moderate,7.434090581234781,Dry,7,Holstein,Male,Dry,308,Smallholder,Confined,95.68255599244043,0,3,3.522224534175761,1,1,Negative,22.28792864873156,3.752202395582639,0,7,Winter,1
38.85583350103289,0.9573869831387165,16.180821130489228,50.519642593318274,20.60635898320316,-1.32967599593087,23.444898722994974,2,0.13658893837642394,Normal,31.585836678691827,89.5840325558417,22.7345687889527,110.56781505122754,6.822434118708304,Clean,5.851301398081529,Dry,1,Local,Male,Pregnant,220,Commercial,Mixed,80.36159280089622,0,3,2.948979113813807,0,1,Negative,17.66222720383111,2.890195041335692,0,359,Summer,1
38.157410024937356,0.28472464352300614,13.840773875892463,41.55901971737667,22.063274270446154,-1.884372016171356,23.072281695562843,2,0.5258685282282677,Reduced,26.779077014116567,60.24065795646081,27.248986217937187,124.55101371879198,6.542969110094354,Poor,9.541247462162985,Dry,3,Brown Swiss,Male,Pregnant,26,Smallholder,Confined,75.94491309044658,1,1,2.804393259675386,0,0,Negative,20.954826911446492,6.995972810955674,0,157,Winter,0
39.08315547526643,0.3238628900781759,15.569414618506109,43.855276282011374,28.84150331602723,3.554757686358566,33.67298382795637,2,0.5189812535232787,Reduced,23.88263291454762,45.32953072899146,9.471197659862312,138.9230466035449,9.876451842312573,Clean,7.4371069284599285,Wet,4,Holstein,Male,Lactating,380,Commercial,Mixed,2.1778919941850994,1,1,2.5232348706332797,0,1,Negative,15.66203397741925,7.834548846988587,1,28,Winter,1
37.70308796263863,0.9557890070264639,17.450756136844483,46.477559074001285,14.918609594797779,-0.9259765094008297,27.52362171168704,0,0.5750471664439502,Normal,30.672317326625432,81.07521077036715,16.158658619818244,94.01897971116888,3.9303472511251707,Clean,9.147356484959275,Semi-wet,3,Jersey,Female,Dry,174,Commercial,Grazing,62.4309104592098,1,2,0.5314496150143837,0,0,Negative,15.38687648495056,5.66237593120461,1,313,Summer,0
38.660352120811616,0.789228182667834,21.831166457891623,37.38175328341151,24.512227469754208,0.84881865800798,29.71020845259617,2,0.7452278808310727,Normal,21.314948146834105,50.61006094402091,31.10833987902922,84.25202243088845,3.522024475284592,Clean,3.5244235387977527,Semi-wet,8,Brown Swiss,Male,Dry,276,Smallholder,Grazing,18.06285354579099,1,3,3.932661282089516,0,1,Unknown,16.532911348575308,5.403205698932328,0,319,Winter,1
37.97339028014253,0.9063950598638184,18.830413405602503,47.10367113540887,21.916160629143562,-2.6114619657847955,26.16162743748088,5,0.9713297002123199,Reduced,20.22605741331392,75.6642786451221,33.32669424680963,60.23203775112863,8.646950660295097,Clean,4.37316728064711,Semi-wet,11,Jersey,Female,Pregnant,187,Commercial,Confined,66.1717531305297,0,4,3.463780013356949,1,0,Unknown,10.346082368424266,5.856658779590411,0,211,Monsoon,1
38.30889833531871,0.3621061073082745,19.230706613604454,60.30334564354411,19.999082314181827,-0.6194190798570152,33.39236064408186,2,0.8782586914391465,Normal,26.557697770738198,48.948814135756294,18.62209282849053,83.6835844893233,6.095069343892553,Clean,2.836161069549826,Dry,7,Jersey,Male,Dry,421,Commercial,Grazing,62.11554909754254,1,3,0.09460502789375491,1,0,Unknown,6.257196662973193,4.007493807366293,1,49,Monsoon,0
38.72843920278985,0.6700686968875216,13.61792244461775,37.219052141672854,27.31153792519576,-0.3907990759736644,24.353140119822054,2,0.1183672395755816,Normal,34.73223507857463,40.84386954289697,7.385478020924991,56.848466444440774,9.09998460570181,Clean,4.436639982976283,Wet,3,Jersey,Female,Pregnant,182,Commercial,Grazing,85.19253576639112,0,7,1.216174592868536,0,0,Positive,10.50623798370003,5.215958869352048,1,268,Summer,1
38.18375198082963,0.7609116755339789,14.47698364158908,56.71810143273845,27.274084927342045,0.5092226048917488,27.186392560594705,2,0.33851368877065724,Reduced,34.919760833357365,47.989930189451286,12.73089368607132,130.2820205341455,4.56600223463236,Moderate,9.774226633651043,Wet,7,Jersey,Male,Pregnant,356,Commercial,Confined,25.543409531480098,1,4,2.6179457460334543,0,0,Negative,14.647975027169256,1.03445750678824,1,173,Monsoon,0
38.46926667346211,0.7440895083575783,25.194900073405247,59.980976334877845,16.321055224069433,-4.283681211487909,32.71595687621879,2,0.2558230250480419,Poor,20.41111081035193,58.8494348287911,11.98909760946599,130.70061478458365,5.248718810667669,Clean,9.702849968738406,Dry,2,Holstein,Female,Dry,314,Commercial,Confined,2.7461778954252503,1,7,5.407846511662637,0,1,Unknown,16.870122827037676,4.200866622450482,1,358,Winter,1
39.30377568552867,0.5265213526933585,15.059195860947014,36.83845010971956,20.907036496852456,0.04921091961749596,35.03780619498559,2,0.1768173577797928,Poor,24.8137105839014,45.33091235648992,12.168911616231709,91.7237657294778,10.966776491853906,Clean,8.083090836407926,Dry,11,Brown Swiss,Female,Pregnant,399,Commercial,Confined,91.41108793759251,0,7,5.941672625345538,0,1,Positive,11.5041833083058,2.9927496527350703,0,211,Monsoon,1
38.35386487828611,0.21231591335304678,24.62483300822918,30.44945394909448,23.68727009550439,-1.9246121830518392,24.8574442538399,4,0.5447248766557845,Normal,39.169478900267706,49.8839542117841,19.8164511613775,75.96412338764908,6.216565268215882,Poor,6.168386102263658,Semi-wet,11,Local,Female,Lactating,30,Commercial,Mixed,90.86360284798192,0,4,4.507957829034748,0,1,Negative,8.592539950165728,0.8988525805841947,0,301,Monsoon,1
39.201415267239085,0.6663408454434105,17.027755204476534,48.01960900171765,20.361959511864494,0.28651856679238574,39.758103891735296,4,0.5532644020327305,Normal,23.557908390333942,78.23131388421965,22.496769550747135,61.80200754522718,7.909534697203844,Clean,8.246238390337961,Dry,3,Holstein,Male,Dry,376,Commercial,Confined,45.58595410487594,0,2,4.49605059290841,1,1,Negative,6.678494426479672,4.585822308691989,1,65,Summer,1
38.022175887205435,0.402481231343687,18.009151744574016,39.52592477233127,25.51012799372679,-1.7544937952572444,29.8794501621617,3,0.22724482788806133,Poor,35.09869541192157,78.49418039885654,8.675287660398059,135.12371660218463,3.066821941183095,Moderate,6.4278956097097595,Wet,7,Brown Swiss,Female,Dry,320,Commercial,Mixed,7.808805892712378,0,3,2.4916476723910175,0,0,Unknown,5.213577153711578,3.201923577822804,0,163,Winter,0
39.017882506749174,0.5602033969143123,22.28146064091972,63.68603219163002,23.687152107461653,-1.483224043888372,21.742430429147575,2,0.7118972503066855,Normal,31.880052821968782,80.87441135954884,31.68068019585003,137.74952783854053,3.788291721927587,Clean,2.028068037371547,Semi-wet,10,Local,Male,Pregnant,478,Commercial,Confined,49.79689888344847,1,5,3.425701433822911,0,1,Negative,11.9565082567466,4.929603911105644,1,111,Monsoon,1
39.56494117239474,0.9660648120670539,23.087569687754627,45.34807540499832,32.99536744213607,-0.6104414155899023,30.21431229153981,1,0.7329142991695052,Normal,32.95429054835637,82.05776182737962,23.599214698433446,76.62896145898141,2.3588772882264424,Clean,6.012376591548924,Dry,5,Local,Female,Dry,150,Smallholder,Mixed,52.401422077677985,1,7,1.3969026587400089,0,1,Negative,17.2469896313278,4.348850512087573,1,159,Winter,1
37.21701329992363,0.5192282541139478,17.55674975888365,36.97800591964821,12.818325184421274,-1.7784942044047929,25.702004713099253,1,0.020979994833933313,Poor,24.77072100583423,61.02179473068777,22.91755190804016,112.17605484677637,6.2437081176166656,Clean,6.79138756808842,Dry,9,Holstein,Male,Dry,224,Commercial,Confined,82.17254717733124,1,3,4.428911938777853,0,0,Negative,20.086508036053186,2.5716474229896233,0,246,Summer,0
38.22186284671772,0.8718412853315414,16.447027785913846,33.528404889882886,21.265384061515615,-0.9133016701030323,30.60441092309906,2,0.39575770372231656,Normal,24.91869868225175,83.37748303467643,34.61836995152852,75.86536647903887,11.88920004495024,Clean,4.1259868600240335,Semi-wet,8,Brown Swiss,Male,Lactating,455,Commercial,Mixed,71.71014443661954,1,7,0.35870791816500813,1,1,Negative,8.942175633389898,4.549875912090551,1,292,Monsoon,1
39.046243276308324,0.3508324845994009,17.776318205911146,55.899049590908305,16.548984930926853,-1.9900636528149729,27.742862514037974,3,0.8901406412016211,Normal,22.446919011477167,66.29684375070215,23.84431932479376,72.51266271435787,10.73873152651466,Poor,3.6263485139332925,Dry,6,Jersey,Female,Lactating,335,Commercial,Grazing,7.080457592859024,0,3,2.5034776251525104,1,0,Negative,15.056778165506193,3.340805837134363,0,99,Winter,1
38.57817276837421,0.7379683984200232,19.35183011292847,39.28816025915813,25.624644732634266,-2.9497556775480915,28.44564214114087,2,0.5203186082438382,Reduced,30.99415717136742,63.52985584680041,32.86877447903555,52.12080506314153,8.32908914940507,Clean,4.19047275844521,Wet,4,Jersey,Male,Dry,111,Commercial,Confined,70.53376109201375,1,7,4.988169279452641,0,1,Negative,11.987284514241876,7.408370569278854,0,189,Monsoon,1
38.92268752402279,0.9816055635511549,21.565214747479022,45.43828799460428,12.296968659726733,1.3269355786440393,22.530439740483125,2,0.3476278014389943,Normal,18.817456626974085,75.92681644978879,13.587709170793753,107.71594175860625,10.610964919574661,Moderate,6.989021996142926,Dry,3,Local,Male,Pregnant,333,Smallholder,Confined,13.573946853128682,0,6,5.879157563840842,0,1,Negative,23.224030057924047,3.3172497684624704,0,12,Summer,1
38.33760888797051,0.28151448069834945,18.016919435976607,54.55802745112481,24.07787626134932,-2.1440730392358924,33.940367384298156,2,0.25367615159513013,Normal,26.18299774626052,50.69092056799536,12.203884710394927,64.99415431855572,7.941693563524231,Moderate,3.16851291948442,Wet,6,Holstein,Female,Lactating,457,Commercial,Mixed,8.947202704948742,1,1,4.179351678684721,0,0,Negative,21.295036115024654,0.8011243390894656,0,247,Summer,0
38.751953872483746,0.2066559537817536,20.475545192092614,40.157416480691694,18.219709411909953,-0.4680213314119753,21.063235797093807,4,0.24335451991828227,Normal,35.17235949153665,79.47486884137359,20.495560604733594,51.237118286693196,5.687688803341377,Clean,7.7626264106359955,Dry,9,Holstein,Male,Lactating,130,Commercial,Grazing,39.86071314348884,1,2,1.1835938429560928,0,0,Negative,21.29228935103697,6.226795646328478,0,210,Winter,1
38.60659365876476,0.5468662341060915,24.553438929083764,44.540711712598394,17.595028803273916,0.9293366222406774,21.347410627570028,4,0.09976803385080635,Normal,29.972700037094743,61.47329132831016,20.258268429099985,60.485116433681725,3.735464011011153,Moderate,5.381398567692876,Semi-wet,5,Jersey,Male,Lactating,309,Smallholder,Grazing,7.736360683417553,0,5,3.4264412467783565,0,1,Negative,14.32162507724896,7.727625419246369,1,220,Monsoon,1
39.40066923699589,0.2741003864410938,19.525238449059138,44.8343159017748,13.321010778755877,-1.1224161537740647,30.20416209488492,4,0.8172264190930921,Poor,32.01319266148104,46.36477070018802,11.794509484516906,81.37691915878138,8.530487417602242,Clean,4.826782873642604,Dry,7,Holstein,Male,Pregnant,266,Commercial,Mixed,82.92689937849971,1,5,3.3630775432824436,0,0,Negative,11.047149561460769,1.7703786507511239,0,269,Monsoon,1
38.85265250598073,0.7987074797409852,19.246611424019115,51.83324511516092,19.209544322793963,-1.4377488496183068,37.61706548306782,4,0.08665740539417122,Normal,18.77977181922575,45.96559567584838,25.98966970699843,116.91631901117117,3.930512763907454,Moderate,8.457850333442824,Dry,7,Holstein,Female,Dry,431,Commercial,Confined,46.31291850066823,1,5,5.794589753386342,0,0,Negative,15.992713695325278,7.795875280081087,1,40,Winter,1
38.902561597245125,0.9316389310788471,11.924356699639729,50.907443355103254,28.507003181745553,0.13935713300113223,25.88444141761356,1,0.2922947658618158,Normal,22.029585027507146,48.24533719233501,5.889014577100799,70.26230533321251,6.174284172000602,Moderate,6.048505995492213,Semi-wet,7,Brown Swiss,Male,Dry,80,Smallholder,Grazing,58.70037556621178,0,4,5.041120260290424,1,1,Negative,4.672006137027637,5.128953928938248,0,73,Summer,1
38.45287382032652,0.5472167781670071,7.477079452683746,42.79886268745172,21.848867898823123,1.476900734090728,32.2058339362238,1,0.04567573856635321,Normal,32.920782396611635,84.52863671218913,25.71891417648358,138.75905625316716,10.25801842155263,Clean,5.027204489527425,Dry,9,Brown Swiss,Female,Lactating,469,Smallholder,Confined,57.68645235042133,0,7,0.29406881676750407,1,1,Unknown,21.308373000180875,6.8553936608186286,0,359,Summer,1
38.407436265556505,0.4069693137243528,19.553502916920674,45.636490614965176,25.766082507246846,-1.9539728976297033,34.440041061181276,0,0.7813865697237005,Reduced,27.628912340198227,89.54689111295238,18.715336583699006,78.848841038295,3.292293025617285,Clean,9.025237724484835,Dry,2,Local,Female,Dry,396,Commercial,Mixed,97.81097863499583,0,2,1.3205591668176224,0,1,Negative,7.238353559083702,4.046715018166507,1,56,Monsoon,1
38.44046508730823,0.5475226552052879,17.620703074876513,41.282209884765116,31.987850931797652,-0.4252217480261584,32.888106623764415,1,0.03928368222679046,Reduced,21.801791306499158,57.84868996006418,25.670225325352373,83.122628942365,3.290214190567951,Clean,4.946013057595806,Dry,8,Brown Swiss,Female,Lactating,129,Commercial,Confined,91.57825069463057,1,1,5.051543519014887,1,1,Negative,20.01867906312231,5.168911860741401,0,318,Winter,1
38.93667128542698,0.7787582542800009,15.940869300341031,30.223875930805555,23.582533508935455,-2.798741892450991,26.132750264957913,2,0.3083011038682084,Normal,30.131930165501462,54.60719261026488,19.31241891924557,71.79771799519773,4.244024155915973,Clean,8.872002263546964,Semi-wet,2,Holstein,Female,Lactating,469,Commercial,Grazing,84.91280587853683,0,4,5.83483214988679,0,1,Positive,7.86552388680651,6.807933961178738,0,57,Monsoon,1
38.44740931150785,0.20724332926429678,18.97412081674538,47.57600857398129,18.647202567625957,-0.789801505523285,21.453719696835552,4,0.573297370086664,Normal,24.33220526124455,50.93854862971686,34.320013486540844,75.38053370718384,7.5191730712229905,Clean,6.033589587700466,Semi-wet,11,Jersey,Male,Pregnant,440,Commercial,Mixed,38.326922691313484,0,5,1.7680332290016667,0,1,Negative,13.006449591779253,7.871000334989811,0,143,Summer,1
38.87386491413785,0.6715631915877578,17.758385083212367,63.92191760833067,24.80351329109674,-0.14869297319288685,14.75471460597187,2,0.4095613602934438,Reduced,39.68779555328018,81.19082385836228,15.040548533093535,57.41351145531418,4.517234782599131,Poor,3.664056779640058,Semi-wet,1,Jersey,Male,Pregnant,419,Commercial,Grazing,14.50997005049841,1,4,4.144372902003962,0,1,Negative,18.76235556796354,1.8859796264887234,1,349,Summer,1
39.94524047918727,0.6906333479099033,22.511121002535596,36.16280859308937,18.734223122114248,-1.4819369626325984,26.42295700322564,2,0.28227106724910045,Normal,29.995156401275477,50.460374120943804,34.47718811007165,79.47705787161895,7.0319793725500075,Clean,6.90254550488867,Dry,10,Jersey,Male,Lactating,475,Smallholder,Confined,59.18670025070754,0,4,1.8468110735987957,0,0,Negative,10.05599488085545,7.2405996536914765,0,54,Summer,1
39.22267482205902,0.7101505975167484,18.344443473035913,37.26970290397297,18.973463900216984,-0.8854877507378471,35.068524211373045,4,0.27518907242754165,Normal,22.386940822665917,86.20450649651349,6.949218274369261,135.9617459600623,5.019826110596871,Clean,4.28258821015969,Dry,6,Local,Male,Pregnant,251,Commercial,Confined,44.03160751100662,1,7,0.24658082503624734,0,1,Negative,9.234086834299116,5.5045392451485435,0,144,Monsoon,1
38.504385880699296,0.39361766398470177,15.01230685971933,36.29272228356258,12.880643202286091,-2.312340152461175,21.255004091428397,1,0.7977903060062493,Normal,31.405100920278258,73.36751894856414,25.512823242726697,118.84245413956134,7.062422049084056,Clean,3.177241057409561,Dry,2,Jersey,Male,Pregnant,144,Smallholder,Mixed,22.552665241262638,0,7,4.976882503034089,0,1,Negative,21.42106068199288,7.601458551572581,1,212,Winter,1
39.42072835329837,0.7712421787025014,21.960664955837156,52.24591778723123,27.557544946506354,-0.08438208292775959,32.20125908511259,1,0.9739780950872451,Normal,35.07384158421873,84.85638958345973,18.626576203547366,137.52682038656167,4.7763144900173025,Clean,2.692234971182236,Wet,5,Brown Swiss,Female,Pregnant,222,Smallholder,Grazing,9.769211526111777,1,6,4.433097510048445,0,1,Negative,2.584906834436555,2.885801048119072,1,232,Monsoon,1
38.45515477618707,0.27311318906542115,17.13147570021519,49.4848545419644,19.683984546103364,1.3835413733247248,22.299084819688765,3,0.3480410704487934,Poor,26.970228112125774,67.70049271970731,29.664128765891007,60.48590143793567,11.800123756085652,Clean,3.933578686379536,Wet,1,Brown Swiss,Female,Dry,448,Commercial,Grazing,43.60932973273922,0,5,0.31981951321729674,0,1,Negative,20.355288508871975,2.3194545539999845,1,80,Winter,1
37.47712527889329,0.35941626917344066,20.10614673468923,43.414623075835436,23.09258947489517,-1.8457158046556954,28.636435458321028,1,0.039145513609016525,Reduced,23.16033426701476,74.53399310912484,28.68848209150994,95.56166308421591,6.927179011419678,Clean,7.89243713601753,Semi-wet,7,Holstein,Female,Dry,290,Commercial,Grazing,65.08677203214471,0,5,0.8727729522977146,0,0,Unknown,22.348564393859313,3.2414259606062013,0,208,Monsoon,0
38.09514821344956,0.9019760373235857,16.0903571752288,35.81980938361035,15.784228428360162,-1.1340076498285743,32.24674968493011,2,0.03656577790910842,Reduced,27.221607593333932,70.97290503288538,29.006305486278123,72.9254872980115,9.4364343410824,Clean,8.703993779005941,Wet,1,Local,Male,Pregnant,279,Commercial,Mixed,62.53898137372344,0,1,5.997196926009782,0,1,Negative,13.952701998352037,7.133744790793118,0,127,Winter,1
37.57752484738449,0.7909785205812532,15.400692458010255,45.92376791639924,24.615685778292836,0.5538193696812728,24.043027378969434,1,0.7592134152107181,Poor,23.93601481769419,81.55977281618985,7.8421579790755915,122.12155905561481,9.005465588982052,Clean,8.893766767855372,Wet,8,Jersey,Female,Dry,42,Smallholder,Confined,77.39214398210903,0,2,3.9045677539978403,1,0,Negative,17.007323595536,3.947245246681975,0,183,Winter,0
38.489091909575215,0.2109964432090762,18.336672920742785,29.353778726641956,17.4283525711895,1.6181360789841042,29.022908084181484,0,0.552369821609127,Reduced,25.708425317132082,81.79304055929406,29.670970995838843,147.02378247258906,6.905593748143612,Moderate,4.161186189679549,Dry,5,Holstein,Male,Lactating,219,Smallholder,Confined,46.65546269243583,1,3,4.8025848448913395,0,1,Negative,20.813299274521935,7.636067596467332,0,123,Summer,1
38.71105102751373,0.3987010082958402,18.05131457417474,46.43426566857493,21.149747669789054,-2.439784718313397,25.509451979648027,4,0.7835926574173304,Poor,20.055783158852662,69.48964999225626,11.421204723312828,131.53594790502876,4.388620616679252,Poor,7.287783463562735,Dry,5,Jersey,Male,Lactating,99,Smallholder,Confined,32.163957526054475,0,3,2.3317515093774643,1,1,Negative,11.01714114039644,2.317550709375525,0,178,Summer,1
39.70586238736517,0.3715251863945317,19.919308141467333,53.71524386087934,27.266956187434754,-0.453177106123924,32.23089195362906,1,0.6974970102885748,Normal,31.37607487581693,71.62538246648862,5.7704079157710435,53.52781667510064,7.107182779128649,Clean,3.842832479319436,Dry,3,Jersey,Male,Pregnant,291,Commercial,Grazing,53.87004170319981,1,6,3.109480036502408,0,0,Negative,21.212122170338326,2.1540663364215393,0,241,Monsoon,1
38.8961564242585,0.4166450624295781,16.92541698676103,32.48800863366322,26.744555873395175,0.22469623347928752,29.411903010907825,2,0.9075063492653965,Normal,21.25360469648588,86.0937960248915,11.532161590532342,81.66596946442341,8.809716237204345,Moderate,6.982096911745923,Dry,2,Holstein,Female,Pregnant,363,Commercial,Mixed,97.50060597693988,1,3,3.7192898665460685,0,0,Negative,9.562010909170978,5.588042601184762,0,116,Winter,0
38.568539682714686,0.39804781622390917,10.65456086491841,29.674817231703365,21.867819564898358,-0.35308458594327197,28.339046046575604,0,0.8858242910466235,Reduced,30.04080964716119,86.49332419824847,19.37855314099498,52.85796904505236,6.5991927056321185,Clean,9.097687944333575,Semi-wet,6,Brown Swiss,Female,Dry,72,Smallholder,Grazing,4.509053804631713,1,1,4.836123510178205,0,0,Positive,8.048842587638,2.687475168774559,0,327,Summer,1
39.197643348710095,0.2500210365942766,16.268904465646447,60.794378916948595,11.39121380375969,-3.915188100315631,37.35009976085186,1,0.7883273956211774,Normal,25.479499430904255,73.21248919475909,27.263340797342963,54.01669669309855,2.819251073627416,Moderate,2.327149460816651,Semi-wet,4,Holstein,Female,Pregnant,285,Commercial,Mixed,52.866580323194334,0,4,2.033438439832686,0,0,Negative,23.613612450098955,1.468661300832732,0,230,Monsoon,1
37.37331881459527,0.5671524132774564,21.175273868575264,38.88240360495415,39.956863420363845,0.5516350139631578,31.973836854209814,1,0.47518916004214373,Normal,28.114507268777025,40.38771390865818,11.55897442498561,57.951530416441386,2.1798322955808396,Clean,9.881805341803249,Semi-wet,10,Local,Female,Pregnant,437,Smallholder,Grazing,32.926450237570215,0,5,4.033576760498051,0,1,Unknown,1.7164039229326848,3.319537476659608,0,348,Summer,1
38.84136873486514,0.7861867798289321,16.810495683027575,56.35947845943822,32.47515382163881,2.0790045266359662,23.857888803242265,0,0.30812640760385246,Normal,24.626477454975923,45.22056073769705,8.39022644270814,77.63269289705619,5.278768084678385,Moderate,8.616703019667561,Dry,4,Holstein,Female,Lactating,421,Commercial,Mixed,10.53502389223613,0,2,4.653946877087272,1,1,Negative,8.34989832812521,2.4962432836020256,0,156,Winter,1
39.162519116332184,0.6853853797739491,17.01446638994181,43.460023348021686,26.33604894932979,-0.02500737324574487,27.484816595213427,0,0.5070267874446399,Normal,27.981085556680902,82.89712658872081,24.379017650718268,80.42027676381312,3.502239260933119,Poor,8.093296930349588,Semi-wet,6,Jersey,Male,Lactating,72,Commercial,Grazing,43.46705659641111,0,3,4.830795389588206,1,0,Unknown,11.546651445898725,3.597360311632839,0,160,Summer,1
37.8128482525321,0.7382973348784638,21.94550602362375,43.38045183058672,17.480777310454176,-1.7466590799413948,27.544607289522034,4,0.5020716073198236,Normal,29.163240173144924,44.235705818540076,34.51694109080053,90.04535132348883,11.061902459259956,Moderate,7.530903149694328,Dry,2,Brown Swiss,Female,Dry,291,Commercial,Grazing,64.11641299828665,1,6,2.995446915342967,0,1,Negative,8.150338296292729,1.898832469314216,0,88,Monsoon,1
39.38625242592416,0.2649193428289913,15.152107090964309,49.38412699496645,21.318447029788214,-0.9696908695464246,28.48191743575127,1,0.6102755488893377,Normal,25.24568013617272,50.67595904275332,23.026109062568544,90.49310944662962,3.7583267008492487,Moderate,8.162191111311028,Semi-wet,2,Holstein,Female,Dry,403,Smallholder,Mixed,52.81655672438163,1,2,2.8401828864458913,1,1,Unknown,7.489746497396698,7.677371753962178,1,8,Monsoon,1
38.90309784449665,0.9611925681414297,11.828787127028402,36.1600114325356,18.739477421340897,2.4548696014833893,43.14705565964497,0,0.1860975677829041,Normal,18.352281013166184,51.52733401108259,25.731720923702653,127.1409011843181,5.942827140115661,Moderate,9.956762848324367,Wet,10,Brown Swiss,Female,Dry,247,Smallholder,Confined,2.9176470264389964,1,7,0.6271969845059917,0,1,Negative,9.525656726222598,6.512367143666072,0,300,Monsoon,1
38.450827251659526,0.87079346707442,17.357475521898024,46.32497143495645,29.58313563457833,1.164943811290838,30.22511135626598,0,0.6556198804449888,Poor,28.685076893006865,70.01173848899523,21.8350233123926,64.14032435788998,9.120775120714814,Clean,8.161530376900325,Dry,10,Brown Swiss,Male,Pregnant,465,Commercial,Confined,57.91174644884014,0,2,2.986350364894051,1,0,Negative,10.155402975740728,6.806759481691115,1,96,Monsoon,0
39.07966911966378,0.8440722547965303,16.063304195005053,41.185105851759076,23.575017345111004,0.760039927576494,15.784584579371344,4,0.4566009242058158,Reduced,28.95414609099686,68.83163989418821,28.470453326855118,65.77406158042577,10.15421660016061,Moderate,4.812806277346616,Dry,4,Brown Swiss,Female,Pregnant,199,Smallholder,Mixed,23.20025838007108,1,5,4.2116005979432085,0,1,Negative,2.64689362831474,2.7334346833903935,0,28,Summer,1
40.06241571468264,0.858387044033414,14.135014720986984,31.795065565949685,17.295016849841005,0.33461887530156403,24.743206169698208,4,0.6202048319408592,Reduced,19.836299962845665,54.470876171020016,34.274132606283345,112.6589051672234,6.7771315317813094,Clean,6.911374823468026,Semi-wet,6,Brown Swiss,Female,Pregnant,390,Smallholder,Mixed,34.147655504098125,1,6,5.523527922858522,1,1,Unknown,18.830565300583928,6.9256902437108705,1,124,Monsoon,1
38.8091197530351,0.946168406506209,17.298486176405238,48.37482074726399,19.17546940525131,-1.1917056682864586,16.40576747502515,2,0.23960482291954566,Poor,22.094606088035423,50.380568278422146,21.323876882125546,107.17421521924967,3.8113500960839213,Clean,4.695384129278686,Wet,2,Jersey,Male,Pregnant,332,Smallholder,Confined,31.22047432591287,1,1,0.7511975111854594,1,1,Negative,4.869677397431948,4.930879439913451,1,195,Monsoon,1
38.848932351780206,0.6354031728909582,19.966022588987133,42.36692193122084,28.72712885541943,-0.5008567709836529,26.021210457724962,2,0.43439489387735497,Normal,25.261013198228095,78.22660149287378,17.503715352281773,65.40047054821125,4.708952235758531,Clean,9.760523546053367,Dry,7,Jersey,Female,Lactating,219,Commercial,Grazing,85.85133077748355,1,5,5.813311809794667,1,1,Negative,1.943495590094261,0.9254850262499765,1,135,Summer,1
38.424383460275855,0.3602256142941007,17.962845753728736,43.429751715552925,31.60058708092287,-0.3168841035177738,16.07613862164143,1,0.21020121445252027,Normal,15.525686522347167,86.7728077802988,30.810291834803795,135.22644268539193,6.189684476411472,Moderate,9.201117862605603,Semi-wet,11,Jersey,Male,Dry,211,Commercial,Confined,4.757301763635446,1,6,1.4044343167312072,1,0,Unknown,14.578720663790321,1.6494607873582297,0,134,Summer,0
38.19009337832113,0.693426886282033,19.22792429074495,32.89839056585842,31.16998938091747,0.6243614740966659,22.77045717358943,1,0.8753051567568016,Normal,30.539530588300725,42.64028399582193,34.09185031279971,82.90594141012073,5.6459458932558295,Clean,6.540961819702628,Wet,8,Jersey,Male,Dry,487,Commercial,Mixed,34.799675202369244,0,1,1.0551955450014163,0,1,Negative,16.37765364829596,3.8447193896954936,1,45,Winter,1
39.198201489926554,0.7943051949343511,25.253630794061692,60.914003677628045,26.542192390323866,2.063378341400355,18.875670822195282,1,0.4879610450415376,Poor,24.55597331696457,46.65902313524314,8.875449226087039,86.69673485444862,5.486727571696565,Moderate,8.250190035947593,Dry,9,Jersey,Female,Lactating,42,Smallholder,Grazing,39.48163368618015,1,6,0.6871060734059844,0,0,Positive,18.48642077664486,3.4533873004931737,1,14,Monsoon,1
38.186349704454685,0.7903339146832205,16.628484553769745,53.76714186386116,20.48425078718418,1.477507205189692,30.304961067804864,5,0.22498141557381213,Normal,28.44285237610996,72.10819943528537,22.345128964216336,92.04600808345884,3.3185380175666426,Moderate,9.277495543774112,Dry,6,Local,Female,Lactating,59,Smallholder,Mixed,61.8834263483692,1,4,5.940818640451541,0,1,Negative,3.0190393429292532,6.464588999316235,1,173,Summer,1
38.742939742331636,0.617159219333504,19.113394538578678,54.641558841719785,2.5509170480252763,-2.329076533694061,28.00323617577327,0,0.041208695741546286,Reduced,21.68864365327493,80.22207258357128,28.773799776379924,82.27018707389357,11.133102521709498,Clean,3.9488021092524743,Semi-wet,2,Local,Female,Pregnant,417,Smallholder,Confined,78.89648484796406,1,2,3.366111076012514,0,0,Negative,4.949674714264722,7.052520581980576,1,187,Monsoon,0
38.41340553194093,0.25476697546686244,15.963146549603461,41.94555297558318,23.78296014284933,0.13599245335157306,29.817773844992388,5,0.6757386646535418,Normal,37.087442592986434,79.55943343881998,21.000182154691725,105.74550522726264,2.2975660641771505,Clean,6.635854855430437,Dry,6,Holstein,Male,Dry,355,Smallholder,Grazing,72.76651376649738,1,3,1.623599870001164,0,0,Negative,5.193300431580658,6.986978551890251,0,83,Summer,1
38.98738789544784,0.49689035074410226,14.614561120452109,27.708171104965796,21.9890274469354,0.9051450177518456,27.372691668588843,1,0.2146447139897557,Poor,19.897052795051152,75.98415765413446,17.27590904578846,88.86477231581985,6.400021278757512,Poor,5.853730554020387,Dry,8,Brown Swiss,Female,Dry,249,Smallholder,Confined,75.26221032916196,1,2,1.905205131191483,1,1,Negative,14.653726342476595,3.314668381343806,1,174,Summer,1
38.900197263172174,0.936613286770686,15.66036938632892,64.52917382489511,22.839892577928122,0.7282904952169531,19.63421349877349,1,0.9895821923187783,Normal,24.507632215079255,84.3713977249046,24.656894634062617,75.94347259452876,11.803214925030867,Poor,8.172730838743531,Wet,10,Local,Male,Lactating,37,Smallholder,Confined,19.238701630345247,0,5,5.701627061877092,0,1,Positive,21.46359251315596,5.268309148331406,0,315,Monsoon,1
39.32252396655474,0.6675591278059408,16.084965713913245,44.38902491994132,22.323384082199237,-1.1438506450811292,31.081128215528413,0,0.5337003734151716,Reduced,32.99541869852609,50.86744397854064,13.10384283540045,140.44748677107742,8.597239388241022,Clean,5.0326601706706295,Semi-wet,1,Jersey,Male,Dry,241,Commercial,Confined,91.17372737452814,1,6,5.399810786492658,0,0,Negative,17.24782214126591,4.228184339745839,0,345,Winter,1
38.39399016068715,0.6306655546045707,19.437903190188504,37.51200203979946,14.042427028305058,4.171163823652543,39.53334736161672,1,0.2889769962480321,Normal,21.25292263152651,45.36454732459735,15.474012288151082,80.83507401401548,5.5541066373308325,Clean,7.671837117665533,Dry,11,Brown Swiss,Female,Lactating,183,Commercial,Grazing,41.41486794610098,0,6,2.0999014917783203,1,1,Negative,8.238270802085438,7.166894376600832,1,293,Monsoon,1
38.53807503882398,0.4150828115057548,27.396303146803028,49.16801574483114,25.344451341107114,-2.1156268434966785,30.45527547163928,2,0.6576774337926303,Normal,27.455092317358147,70.76814850456842,34.768299766440336,119.8488925468822,3.460975844531699,Clean,5.223944712093902,Dry,6,Jersey,Female,Dry,442,Commercial,Confined,1.110903095068827,0,7,0.3815127248910568,0,1,Positive,20.62268426630263,7.167289361589606,0,82,Winter,1
38.11274177053062,0.49475913593326315,15.135826254896639,56.67120788003297,25.7932978841911,-1.824782669999075,25.444452404094605,2,0.27521992343808555,Normal,30.134215305910285,81.11379457617161,24.09396003123486,84.72267703568963,11.63872605645761,Clean,2.888598917156034,Semi-wet,11,Jersey,Male,Lactating,379,Commercial,Grazing,66.80961820848626,0,7,5.0011344425512565,0,1,Negative,16.405253009541997,0.9040418691581427,1,65,Winter,1
38.43342404395434,0.9162768713225355,16.33349877753815,44.76949443914534,26.094032692357956,0.1503926218923644,19.43159694336733,0,0.8202742939097465,Poor,19.467649201838782,69.10217892402866,31.18781894933224,93.52199868774719,2.139863618731497,Clean,2.8569714528665378,Semi-wet,1,Holstein,Female,Pregnant,188,Smallholder,Confined,60.4002799044515,0,1,5.486532748080815,0,0,Negative,16.83428203096738,4.791051120819364,0,353,Monsoon,0
38.92638029582692,0.7331704380214685,17.747507947555007,57.78575167939374,27.67946202144032,2.9752045824457802,22.55159817544021,3,0.3082360509299419,Normal,23.65672319428326,88.1498743729453,29.233055391114306,73.59435234013316,8.813875706131434,Poor,2.952450596425499,Semi-wet,6,Brown Swiss,Male,Dry,20,Smallholder,Confined,12.595763508917933,0,4,5.025199911721919,1,1,Negative,23.019283228637807,4.275997228609938,0,41,Winter,1
39.15419316998722,0.8299096214018664,19.583195394838988,55.82999938516868,25.62430986952974,-1.4542922760562562,30.718237939432353,3,0.9882477323959092,Poor,27.950815972377548,79.77822306958947,24.568176631820723,125.23296193872542,10.801374714453273,Poor,2.260159007457294,Semi-wet,10,Jersey,Female,Pregnant,356,Smallholder,Mixed,95.98676054093389,1,4,5.477875669373187,0,0,Negative,22.858386749688986,6.27794115241824,0,339,Monsoon,1
38.146700805493424,0.5634763384541241,19.05420324781914,34.23618812597942,19.539823530766533,-0.5987425484704885,34.43870816079625,3,0.6051447854452936,Reduced,29.26660249875766,75.03959004546304,30.221872473763195,123.72032514262531,2.251604898862422,Moderate,6.263785372774176,Semi-wet,4,Jersey,Female,Lactating,367,Smallholder,Confined,56.156443081271505,1,1,3.45541218589618,1,1,Unknown,9.87047187145367,1.968560455643332,1,97,Summer,1
39.2217635520634,0.7041977755649265,23.136383175792467,38.262098943405235,21.574978912503457,1.4159405095235391,29.565197048331857,1,0.8444111489426633,Reduced,22.888509438803226,43.01286454358668,13.614754863007128,52.223994580810015,9.251748640905012,Clean,7.375221455869879,Wet,3,Holstein,Female,Dry,273,Commercial,Grazing,46.926398630898625,0,1,5.037953136554921,1,1,Negative,15.624204922504918,5.71248724888318,0,271,Winter,1
39.51338271528297,0.398706886994566,8.294431717859167,54.575371632797676,22.54674920352026,-0.22679323233160026,32.7993237382359,1,0.07281546957842222,Normal,36.20283687569055,45.387111936584105,24.11349346436895,56.01940403012918,11.98837761254735,Clean,3.0138272146055165,Wet,3,Brown Swiss,Female,Dry,218,Commercial,Mixed,39.81222220374079,0,1,5.663471400891421,1,0,Negative,5.646466818943786,6.039572758015715,0,237,Monsoon,1
38.94806094193422,0.7643686642267891,8.45228051921731,17.87387436189562,22.646196694639713,-0.7019057817954435,32.246069464163455,2,0.3482994173861882,Normal,29.40471819137768,79.24188162955971,22.718104685719428,142.23764547449395,8.396424685733493,Moderate,6.894864001772896,Dry,4,Local,Male,Pregnant,231,Commercial,Grazing,20.985137839361645,0,4,5.339419414077826,1,1,Negative,10.473981840969351,0.7005951165166192,0,343,Winter,1
39.826077487534846,0.5420810669626699,16.016487311959402,43.50544306835011,27.98930593583038,0.6484493528300801,31.039206348315506,0,0.7374870861661497,Normal,30.883261215962204,49.911896278851465,23.672588023800344,138.88268472378508,6.146789478433988,Moderate,6.781920626063296,Dry,3,Brown Swiss,Male,Pregnant,189,Commercial,Confined,95.28128092119522,0,7,3.5230569144601525,0,0,Unknown,7.28849856003304,3.7345122728697255,1,167,Monsoon,1
38.235726480537856,0.5540364118517964,22.389200750174837,30.691687983753283,25.862012518134947,0.20877698534438965,24.049158428432463,2,0.6550590173405827,Poor,30.589945706541474,41.441758803949526,10.058957814403257,100.60871927785303,10.744007193562819,Clean,3.176752411174899,Dry,9,Jersey,Male,Lactating,171,Commercial,Mixed,70.21586390756697,1,2,4.4791861199670855,0,0,Positive,9.44939385931596,7.842099126286236,1,194,Monsoon,1
37.95320717801315,0.7194578596615053,11.737407873577615,40.23446198566475,34.46406063741972,1.345658178455187,29.043541071850914,2,0.19424312143375777,Poor,19.183462979112967,85.53803428734824,13.317291199942053,99.33573915583365,7.541792464226283,Moderate,5.232660799690106,Dry,4,Local,Male,Pregnant,392,Smallholder,Mixed,56.76037489252672,1,7,4.32781772243686,0,1,Unknown,16.53434636480975,2.7545338488575544,1,333,Winter,1
37.63276785065744,0.9490244971751414,5.969470641224971,42.01179910970796,35.23881387930803,1.737203333598045,22.90973317670717,1,0.35620293050970986,Reduced,26.42614966427744,84.5402686850617,13.599749563776173,131.24241743837925,9.494408467899401,Moderate,8.041085678167871,Dry,1,Holstein,Male,Dry,84,Smallholder,Mixed,63.120020179673894,0,7,4.817787809765973,0,0,Negative,5.8356390783711465,7.133991473839485,0,284,Summer,0
39.59762658689351,0.2512050772868968,20.284717624876833,41.41755622092492,22.47789749568355,0.26050459000804255,28.10457371774861,0,0.2634434074875409,Normal,26.918813490186448,50.92419136157459,23.058384877182895,63.8450146884879,7.877789918185049,Moderate,2.134048204416092,Dry,4,Holstein,Male,Dry,37,Commercial,Grazing,84.04204584522627,1,7,1.3730984541485025,1,1,Negative,5.147566521791938,4.901675102213215,1,140,Summer,1
39.092619393812434,0.859794589877606,18.97462889481086,39.477387478873915,-1.0199332907562173,0.2375990880674635,29.985181186401473,3,0.613370169761843,Normal,25.72820372913844,79.01031290364773,34.17640641319358,115.3699121345959,2.382910924879493,Moderate,3.1755830711871056,Dry,1,Jersey,Female,Dry,109,Commercial,Mixed,63.57202809814763,0,2,0.013068647343467577,0,1,Negative,9.724783284534055,2.7240821692026143,0,269,Winter,1
38.66664919745373,0.43390648832975454,13.639166372802281,34.02856350371186,29.4209947967636,0.12116647342920028,38.07270284432113,2,0.34456822945877497,Poor,28.037290067992053,42.39898306058275,33.62202653546444,97.59829944872595,4.1314498820534755,Moderate,9.966626994597956,Dry,10,Brown Swiss,Female,Dry,33,Smallholder,Mixed,11.459072897137368,1,6,3.059397572071507,0,1,Negative,3.2571725103140903,6.769903135172764,0,3,Monsoon,1
38.8679811757919,0.5551355636051023,14.05784159711628,67.91911266818687,18.757741966077674,0.5336958349739314,20.14160815379421,1,0.3090542420003498,Normal,16.463508526314705,54.25290019116315,11.815686589690896,124.3331029315623,2.787635739867496,Clean,7.868359177192477,Dry,10,Jersey,Male,Pregnant,38,Commercial,Grazing,69.72951588249187,0,7,4.59330513880998,1,1,Unknown,19.719556132895818,7.929962812690234,0,63,Summer,1
38.024706571620975,0.21753066302000718,14.121025121461303,63.67462004161351,17.19109646901396,-0.11724404319280413,30.889045785947832,1,0.2073779804363417,Reduced,27.64042944104982,71.18334541283124,14.145357292003176,53.01027913119904,3.0668776238322297,Moderate,5.713042233754046,Dry,3,Brown Swiss,Male,Pregnant,101,Smallholder,Grazing,56.486937589276934,1,6,0.7507345336253146,1,0,Unknown,23.04546762068805,6.0650436880181795,1,29,Monsoon,0
40.1674511877701,0.44083686226745045,18.44214126989576,33.37934179743717,19.609328350063798,-0.2009127234834342,36.887419549741566,1,0.4090271209146483,Normal,25.483422628374342,78.15894980791927,6.0818567683750135,109.27255497239386,2.15405493588072,Clean,7.038411296733002,Semi-wet,4,Holstein,Male,Lactating,268,Smallholder,Grazing,96.63441076623722,1,4,3.1967234104037603,0,0,Unknown,19.430745244261615,0.9597044131993333,0,64,Winter,1
38.77753270918514,0.6021049941041043,15.494738895267972,60.821167513035675,19.32014171911236,1.5949406812408635,32.55308659503278,0,0.19550259019655358,Normal,16.41979441833952,40.519959439409476,16.964467695781824,105.67282152155576,6.2116497901415295,Clean,8.769767764787796,Dry,4,Jersey,Male,Pregnant,128,Smallholder,Confined,73.37192146728239,0,3,1.886453904623712,0,1,Positive,13.222385410994539,0.8930795096264486,1,94,Monsoon,1
38.76563687676294,0.24494086187795122,19.976255675902078,41.00534509527147,25.673618860632356,2.0741742705325645,32.99767265695025,3,0.9625695873776323,Reduced,29.112114110888182,56.3104306636872,30.04022365041091,134.08483295891853,3.786516317541651,Clean,8.738436684429093,Wet,9,Jersey,Male,Lactating,26,Commercial,Grazing,34.40029159802616,0,7,5.029441425725711,1,0,Negative,16.505142691656538,4.18666654543747,1,332,Summer,0
39.13545997433922,0.5928765835065322,6.581493348382436,46.2918747333171,12.643385325242647,-2.4613294169501314,31.526169411206872,3,0.1545018114953034,Normal,21.09401862746811,50.7172780031837,32.472552169584205,117.68362975550278,10.556965204939717,Clean,4.597611483689657,Dry,6,Local,Male,Pregnant,339,Commercial,Grazing,13.539785140777605,1,5,0.6015241170522949,1,0,Negative,19.528302815037677,0.5455019489564621,0,341,Summer,1
38.988605539042034,0.9416885030867419,14.572592539488802,44.36726040103084,15.533675525250391,-0.1849682723891464,35.7900069386525,2,0.9133047149587763,Normal,25.097393772062556,89.93902028743618,12.094894387038309,138.01603583956376,9.500375375406604,Poor,5.9303313803617925,Wet,3,Jersey,Female,Pregnant,21,Smallholder,Mixed,48.22805924694089,0,4,5.0873642535807155,1,0,Negative,2.5692531598098145,5.569613297934935,0,126,Winter,0
38.83433041456748,0.2843145744862442,13.4957841563558,38.40251358746034,24.0589513251845,-1.233041650167852,21.47513099132579,2,0.42847309815658197,Poor,25.728002152444176,73.54911161926175,12.973834204665177,138.72733216425587,7.73176994815496,Clean,7.104440771989149,Dry,7,Brown Swiss,Female,Dry,282,Smallholder,Confined,67.93542808117829,0,3,3.6646032211304647,1,1,Negative,10.616851973564549,0.622267429260936,0,322,Winter,1
38.22571532673282,0.8115525824604035,16.97463728651003,54.838523436061465,25.737664182479847,-0.6664571997291084,19.68444000417852,1,0.37786599156172207,Reduced,17.76905312771464,60.28357264398719,11.625494495262611,90.81640008997178,6.8902134535039545,Poor,2.5751753321168325,Semi-wet,11,Local,Male,Pregnant,47,Smallholder,Mixed,17.7275517906924,1,7,5.5166680956987175,1,0,Unknown,4.306949967598134,7.797987957745108,0,178,Winter,0
38.9828810142816,0.5277368427007941,15.847808966039446,46.25886530576658,25.849249869616074,0.40377431460298213,27.961995157208463,6,0.23131980090484883,Reduced,18.3282533300559,43.78263009903425,15.503107027237363,63.74341337518131,4.558686405759758,Clean,9.566372795126018,Dry,4,Brown Swiss,Male,Lactating,367,Smallholder,Grazing,64.94442742885165,0,7,5.613760076875309,0,1,Negative,3.087088617428032,7.104743617170675,0,208,Monsoon,1
39.82921469788502,0.7241389716194704,21.191375119583068,40.234485767807584,17.277782326400207,0.8041575573137028,15.033027378569741,1,0.6357563343675191,Reduced,29.726877933893398,69.93351287534819,29.14278195771634,113.02836558221881,6.749514658749855,Clean,5.461934605298984,Wet,7,Local,Female,Dry,356,Smallholder,Grazing,82.56117580129059,0,5,4.853264289665062,1,1,Negative,18.4563803635786,6.615337708567047,1,352,Summer,1
39.50725202769299,0.40818927838818353,10.56265291335977,31.954105561995274,16.13040610440256,-0.36818966541701736,35.38387482506807,3,0.6855280150108364,Normal,23.98090920889608,72.08507354680322,24.405724096533802,137.37460984085104,8.412292758644108,Moderate,4.966898618063415,Dry,2,Holstein,Female,Pregnant,305,Smallholder,Mixed,15.705017838458435,1,2,3.1806609284714202,0,0,Negative,20.73562961350188,6.593091222009598,1,220,Winter,1
39.65591197598364,0.32759381003308663,18.181965905323008,36.064049862808794,18.960190997272484,-3.0700105020842043,35.32429117297265,1,0.46757096225241745,Normal,25.035466911469218,80.82029637515676,28.578227535911,57.49533441947607,9.822288601927756,Clean,9.256802891598607,Wet,7,Brown Swiss,Female,Dry,273,Smallholder,Confined,70.57857036076844,0,1,0.8553539681271942,0,1,Negative,2.927304168005355,6.757813155174033,1,145,Summer,1
38.39327059414129,0.32837009141698115,20.23334569284682,28.58619884397903,23.43923651370835,-1.6475683708642694,25.399896669492843,2,0.05570689569342413,Normal,27.364208023178332,54.428842645968174,22.490933190059184,105.79232730846641,2.816820662595934,Moderate,2.9462931900248375,Dry,8,Brown Swiss,Female,Dry,104,Commercial,Confined,6.825763359981485,1,6,1.3525432626788116,0,0,Positive,5.112441691614155,3.7569198578003484,0,121,Summer,1
38.106237107844855,0.25639355651451573,25.42658974624782,45.122235484151695,30.912864215635295,1.144749505300249,25.77537642003694,1,0.9185101506885499,Normal,18.20891998397729,89.07140402400482,12.731992341774404,61.49995266598239,9.0846468874555,Clean,2.314086379096868,Dry,7,Jersey,Female,Dry,220,Smallholder,Mixed,0.79500828867336,1,5,2.506511211205575,1,1,Negative,6.07888639699245,6.438924941704466,0,56,Summer,1
38.624527847940215,0.3485173639209944,16.0729361156261,33.033344077156045,9.715376885375498,-4.310639633052397,27.56591514909597,0,0.980329132876381,Normal,24.961472818848886,61.973286965697476,11.839825406376324,52.6995991755202,9.427298767612854,Moderate,7.480019298402191,Semi-wet,6,Holstein,Male,Lactating,311,Smallholder,Grazing,3.2634686328065654,0,6,4.374128495059738,0,1,Negative,20.70992124554072,3.2536273449395714,0,114,Summer,1
38.73343494737322,0.7313755079911746,19.29783441741007,42.34439487481459,20.6756274582498,1.5811407275229998,28.31212390263772,2,0.431043415211835,Reduced,26.446904607255924,54.79718773297468,5.270021175912493,117.96353539408335,7.589722009248565,Clean,5.080023744840833,Semi-wet,4,Local,Female,Lactating,391,Commercial,Confined,63.15045776431909,0,1,3.2691254182658804,0,0,Negative,22.012086190857122,6.862897725668637,1,211,Winter,0
39.35651491108257,0.9053524894748064,10.784548829750541,58.70101853610371,14.003929353848777,0.581844985966812,28.763043515165712,1,0.6136608074093272,Normal,35.82267562039081,57.42246670007289,28.429464106222174,118.18496118721639,4.143191957032013,Moderate,8.115806470640846,Wet,9,Local,Female,Pregnant,297,Commercial,Confined,97.33620526841875,0,3,2.6298125937723005,1,0,Negative,18.594426743598703,5.134746580952259,0,7,Winter,1
37.684521222171114,0.8513005484729295,8.432175182747905,56.992995729215856,12.086543935879062,1.774264122295033,31.34939264126982,2,0.4502986262437467,Reduced,22.39854174667932,65.9793026483562,30.41363678494153,110.0658044996362,7.39184587501175,Clean,2.548356892214044,Dry,1,Holstein,Female,Dry,354,Smallholder,Mixed,77.13722521397526,1,6,2.8652061682754217,0,0,Unknown,19.31666537959603,3.1875876873528926,1,296,Monsoon,0
39.61773019167637,0.7481074478995873,21.3790975031268,44.677231058973824,27.8017398720689,-0.4978537803214407,26.964241881949132,1,0.3218796508861206,Normal,30.94439790562106,86.83507822535637,28.04847798885249,135.9222803901797,7.027048818153103,Moderate,5.070057148283091,Semi-wet,5,Jersey,Female,Pregnant,97,Commercial,Confined,25.440926004049736,0,4,4.44891941031898,0,1,Unknown,8.881850527794713,6.0910487430952545,1,257,Winter,1
38.60519526085261,0.28834549072888216,17.97775882540772,44.1291527385685,25.267747446996033,-3.292108136034358,33.65915982086676,3,0.07731879285780763,Normal,26.99102701158208,76.75793989597003,7.2320617318547225,58.08764397934784,6.757100963867962,Moderate,3.882601696368898,Semi-wet,11,Brown Swiss,Female,Lactating,430,Smallholder,Grazing,7.168868650084804,1,4,0.20613860803280937,0,1,Unknown,10.391238639560731,2.3211821354070734,0,170,Summer,1
38.44387135803155,0.4313499570367599,22.71405075919369,63.79874549421008,24.696601095683572,0.44554396225974696,30.67568666275182,1,0.45606773039729886,Normal,21.322049601391882,68.85548247318911,27.866648815095978,60.526026169875934,6.606399154671841,Clean,7.916852263572778,Semi-wet,1,Brown Swiss,Female,Dry,229,Smallholder,Mixed,61.6654128992981,0,1,2.65578562214145,0,0,Negative,7.4512531606531756,7.7349795408150275,1,164,Monsoon,0
38.0927373748439,0.4478455002579752,12.506388444121004,50.20756120358711,27.52615503838596,1.7119796860575118,24.358219324764185,2,0.8183845563594515,Reduced,23.835294016255546,48.14051939899309,6.373023594508079,136.45354379794472,3.108255662915197,Clean,3.8173608834189716,Semi-wet,11,Jersey,Female,Lactating,145,Commercial,Confined,0.3228885152251171,1,5,3.436218934615045,1,0,Negative,23.042742894796156,5.485588671910712,0,295,Monsoon,0
37.707085996880544,0.399965557118097,20.07960855811501,41.721935401234774,19.121686619403185,1.1870827082701314,36.01067600682458,3,0.017031461088003574,Normal,31.331321808138615,47.467665544543586,8.167791971191734,100.3276719886263,3.8289248485736476,Moderate,5.663562678194839,Dry,10,Local,Female,Dry,29,Smallholder,Grazing,79.25856242720477,0,5,3.5322801687736947,1,1,Negative,17.73609763169218,3.5090155876173568,0,129,Winter,1
39.19390235037715,0.6120045277677786,25.475271362175413,30.739818828795478,19.40417490199883,-1.194037225232053,19.850458083265078,6,0.5821076831802223,Normal,30.88497743298877,65.1098456906782,18.214261187980018,77.30528088382373,2.9733208845134236,Poor,8.551020409093695,Dry,11,Jersey,Female,Dry,259,Commercial,Grazing,24.312052575892228,1,6,3.7121226283861604,0,1,Unknown,8.850952191080173,4.630461380292217,1,240,Winter,1
38.74399078031305,0.6284430519037381,19.678822433429062,48.93873218164743,35.114383700335445,-0.06985838680602996,27.44700513507114,4,0.8807721087266889,Reduced,24.39860169871562,76.43543523008246,19.2844102677452,123.81569779852873,4.424778276679844,Clean,9.323124283715757,Semi-wet,1,Brown Swiss,Female,Dry,297,Commercial,Mixed,29.921707597491743,0,3,0.32069637219324365,1,0,Negative,4.120532142499111,6.031761129808893,0,216,Summer,1
37.92602346015537,0.4855087801368882,19.106326022364193,53.293237725828625,20.520573674442552,-0.999254403169886,33.80150440645281,2,0.217549430014358,Normal,28.718623569438726,77.55060863775552,29.48355909856089,139.4403722604402,4.63476782730673,Moderate,7.780846349326222,Semi-wet,6,Holstein,Female,Pregnant,426,Commercial,Mixed,34.39789870734865,0,4,3.3476874553824967,0,1,Negative,5.480623259342579,6.479916113479725,0,191,Winter,1
37.922952736761836,0.48303132698914886,18.034224323297398,38.683484754863564,26.410792678324547,-1.428899696284058,23.66156137052713,2,0.1832558646890622,Normal,21.814926516083197,51.29571919381292,25.385806761227315,118.96032862029622,4.450758614930454,Moderate,5.433827292263629,Wet,6,Local,Male,Lactating,327,Commercial,Grazing,76.35529417182867,1,1,3.3032964137513425,0,0,Negative,5.693923237968462,7.81219023021744,0,74,Monsoon,0
38.498529180425926,0.8628444783248652,11.716474171496351,47.912027551380326,22.03828924577989,1.2330828567697765,29.85733388060291,0,0.7722766257019431,Poor,26.117209733918674,45.004975642362666,9.599605358936488,129.19325966784493,4.109290681856034,Moderate,6.575886997941865,Wet,11,Jersey,Female,Lactating,189,Smallholder,Grazing,26.574187155070906,1,2,5.129123113095833,1,0,Negative,15.140655383464892,2.0671808010730994,0,331,Summer,0
39.70141291517364,0.8314342786557485,23.42229174284139,41.36426705084971,10.91044881952951,-1.9962984668977433,31.26003758199429,2,0.2550864311192933,Normal,24.852034376208476,59.223049462689474,11.78440349686404,78.24972401951925,9.35422045484789,Poor,7.517519577219951,Wet,7,Brown Swiss,Female,Lactating,188,Smallholder,Confined,28.447089388705106,1,6,4.560462531328117,1,0,Negative,21.767995852482418,4.283290078292842,0,358,Summer,1
38.54424518918184,0.44623666534459655,15.556569440779736,43.159676008009974,9.73222597719239,-1.5407246458724189,22.836856792112567,4,0.19198426756064846,Normal,31.658886327625638,85.90862716220371,13.570255647760604,78.87753594105425,10.185653995981179,Moderate,8.999461012592946,Dry,10,Local,Male,Dry,323,Smallholder,Confined,54.09919381536803,1,4,0.18736000057763236,0,0,Negative,20.979588255564142,1.1859327735256913,0,342,Monsoon,1
37.79811422812914,0.9310307550986074,20.017933025532066,20.121779424376687,18.526094680360572,-1.856038450208578,27.56513368243579,1,0.37798925056923505,Reduced,29.314212895348852,67.26836263346911,8.710179123645752,136.41238803546324,5.271092165725698,Moderate,9.108591878082333,Dry,9,Jersey,Female,Pregnant,344,Smallholder,Confined,46.30005286291653,1,4,3.335492184095664,0,0,Negative,2.6035031290428456,1.1170559356219587,0,312,Monsoon,0
38.552554161548436,0.962252013602005,11.747862773714985,42.782185962838646,28.336607510019935,-2.43537128494857,27.06097701874474,2,0.39250201227021797,Normal,23.619663833151897,56.004988341588714,13.62934659077692,111.48628486552153,5.051288916844489,Moderate,9.447755931906777,Dry,6,Holstein,Female,Pregnant,454,Commercial,Confined,95.55696888343763,1,3,4.145664611504206,0,1,Negative,17.308305799897653,1.2824946981382426,1,257,Monsoon,1
38.5363658581514,0.4613940336240327,13.282161341968878,54.693693024080545,26.729749939816024,0.019621437763905125,24.689572889006243,1,0.874101063016566,Normal,24.117533315357548,56.18188341695608,26.85794466619199,73.41627516737364,10.44032349752508,Clean,8.485688791259058,Wet,2,Local,Female,Pregnant,492,Commercial,Confined,26.339658208067274,0,4,3.48085937102573,0,1,Unknown,4.856781419734487,2.446278140758659,0,41,Monsoon,1
37.08186801423506,0.4835399590344439,23.74034959688894,38.68597444433442,27.4844629853442,1.542254572722964,41.81004911230465,3,0.6184434719336769,Normal,26.854750237426682,46.60435226110925,12.24204410321849,102.41618154622122,8.23923901665791,Moderate,3.1743834875333343,Dry,4,Holstein,Male,Pregnant,276,Commercial,Mixed,9.18912432705088,1,3,4.05821530556335,0,1,Negative,8.138245894999324,5.722509232931165,0,139,Winter,1
38.667423080089314,0.604507322737567,16.61079084416863,45.52526368215316,16.07772292638211,-0.47731513436789846,23.421361879327144,4,0.40596145633958935,Normal,26.193565831628995,63.6611868053079,30.060789411811594,118.58604714722493,4.934383247890575,Poor,7.981116267089945,Dry,9,Brown Swiss,Male,Dry,491,Commercial,Confined,54.09814745892215,0,3,0.6999359089136801,1,1,Negative,13.507553898554882,6.9585098173130735,1,262,Monsoon,1
38.5614392818748,0.9528966500269389,23.81310190417018,37.4404929330808,31.695234940733883,-2.45862170084625,34.0295817644073,1,0.5343879642857668,Normal,25.602382516480255,79.56813392574192,19.085509853756236,71.8549081250788,9.136122925865822,Moderate,8.516738988505741,Dry,2,Local,Male,Dry,372,Smallholder,Confined,18.451957867238143,1,2,1.0154512280680277,0,0,Negative,20.341118547012687,3.7699671352127972,1,192,Winter,0
39.11772381888805,0.9010555465138492,17.68707736376593,48.60441676292773,16.210640198881695,1.0599168096130414,25.64319389871315,1,0.9539652333252742,Normal,25.24022635372137,88.42793457636706,14.688072837331665,115.49064082077359,5.445928102331673,Clean,9.02297142141107,Dry,7,Holstein,Female,Pregnant,269,Commercial,Confined,41.36267002758917,1,6,3.496423407892667,1,0,Negative,6.445146761816799,4.664024281727493,0,237,Monsoon,1
39.80937365696721,0.28205437006687184,10.632408908168571,42.834768024638265,23.276946392019813,2.328552631052457,21.48018286668831,2,0.11321467660989537,Normal,33.895934896923954,65.07974999789877,17.37254313646619,54.21448498177678,7.865556143421731,Clean,9.398535156942607,Dry,4,Jersey,Male,Pregnant,203,Commercial,Grazing,18.719794356532727,1,7,4.804113484163373,1,1,Negative,21.098096379200328,2.047752512292332,0,209,Monsoon,1
39.375939017728655,0.5141845946171331,21.56827039892688,35.60758459317993,21.93788626055358,-1.1693634862198918,28.616885458930412,3,0.20771552172469143,Normal,24.740398584507467,48.36074579213442,26.284902217804742,80.36916230041612,11.926340299878015,Moderate,6.073278508147579,Dry,10,Holstein,Female,Lactating,248,Commercial,Confined,88.09698887250748,1,5,0.1559336290983282,0,1,Negative,17.89904551862039,6.433109067835475,0,78,Monsoon,1
38.538666785667104,0.6426969517998176,15.640430728977568,58.32551467665128,20.95675707811248,-0.9178314000765775,31.894560306325005,1,0.9625287065865553,Poor,28.499906013812883,74.14751999014322,20.503781097379708,117.39718117261148,5.015943752160332,Moderate,7.240741560994484,Dry,11,Brown Swiss,Male,Dry,346,Commercial,Mixed,32.744963231900336,1,7,2.617441440241211,1,0,Negative,16.508052716825077,7.162655848191293,1,352,Winter,0
38.036084454755,0.6025059780412321,20.794755254068175,54.28932013532215,30.03155282977364,0.5734909451250914,33.52305745039407,3,0.9573248485272041,Reduced,39.1133443776951,77.83956713726477,5.218359919251742,64.93490654899016,11.305260007083332,Clean,2.0764222129357526,Wet,6,Jersey,Female,Pregnant,427,Commercial,Grazing,77.48675053417479,0,4,5.952322472536652,1,1,Negative,4.056809746092991,4.141976134675769,0,260,Monsoon,1
40.24401588194992,0.35509045434951414,18.100843470160328,38.950932360718255,17.769336879004236,2.2328106216775767,37.373590663930415,5,0.17716542126477264,Poor,22.76755534987561,43.58498747115511,32.66971539755225,72.21990306424989,5.206524142846981,Clean,6.582268541539472,Semi-wet,1,Holstein,Male,Dry,418,Smallholder,Grazing,94.86033931142315,0,3,4.594474580931924,0,0,Negative,11.907195845428665,1.7065570553786886,0,251,Winter,1
38.7355310604087,0.8870534169345239,11.827527088228518,49.97788309417778,13.902368465728433,-0.9797512185878392,45.6714777396106,4,0.14510881712529822,Normal,27.963586717448667,82.50695648156145,6.979880090055551,137.90932903583894,7.402867043748234,Moderate,5.785587048591517,Semi-wet,11,Local,Male,Lactating,222,Smallholder,Confined,94.05505801770913,1,7,2.7011190220061057,1,1,Negative,7.327965000337476,0.5382624067681153,1,47,Summer,1
38.70835757514777,0.7415526263974699,18.657179061482275,50.374120028203805,22.119972917238517,-2.1986746714973076,29.50308522253358,1,0.4210851343386198,Normal,28.222323716756218,81.46611949979287,33.15864046443157,117.43210994316084,6.599837895990399,Moderate,9.698448357558394,Semi-wet,8,Holstein,Female,Pregnant,191,Smallholder,Grazing,52.48010966499814,0,3,0.5882425642904294,1,1,Negative,14.527287349480385,4.523083670100956,1,349,Summer,1
38.685524947734,0.870326699881443,26.7848925686112,51.42301235011176,19.60103959428084,0.7471279094086096,24.021446957047672,2,0.04971829248796911,Normal,26.94451473946908,63.6270527019559,5.84458470860164,99.89187102566737,9.831595623439362,Moderate,9.213674388821817,Wet,6,Local,Female,Dry,100,Commercial,Confined,98.3255106379999,0,5,2.1550954152297415,0,0,Negative,16.492786012639392,4.23226874890924,1,298,Monsoon,0
38.81885085646071,0.8870114234795778,19.971945834057838,28.057441040049223,42.26429751449588,0.998602109713449,30.717245960769347,1,0.6549035322851401,Reduced,27.205532420400594,68.02112593079342,28.12938004872345,71.08933921274523,2.6109269948199483,Poor,8.380831435467085,Wet,11,Local,Female,Dry,68,Commercial,Confined,65.59372183764403,1,5,0.926572598223905,0,1,Negative,2.5034508721598536,7.443564822566793,0,101,Monsoon,1
38.613383752845635,0.7986846829325918,17.769928987978147,55.06606541032628,26.05904485863985,-0.19080282434715973,26.40272229756105,2,0.07749602166174219,Normal,22.605077346363576,75.67040318554595,21.040241245498645,84.14096565822581,8.271223040686639,Clean,2.4559534761621338,Wet,7,Holstein,Female,Dry,234,Commercial,Confined,12.848893670119644,1,3,5.52467361704669,1,1,Negative,15.816300496486816,0.7736322615776815,0,291,Monsoon,1
38.35580279587186,0.5513684809997739,22.301373607827593,39.30301037074268,19.543956548688254,-1.037199889486176,33.55579677911338,1,0.05802962709428072,Normal,28.794221912969004,73.83740625314297,20.17178541812318,107.43304982873592,9.60666944348823,Poor,5.216230738266666,Dry,6,Brown Swiss,Female,Dry,196,Commercial,Mixed,88.83769430582375,1,4,4.113866301523636,0,0,Negative,12.456651332892141,1.6171364544193565,0,153,Monsoon,0
38.37188463525577,0.6884374040123397,18.842673860812443,41.42172066558733,15.66333058487748,1.2915680964880696,20.21701422180567,1,0.48518693620884923,Normal,17.81382392605144,40.826798909660454,7.183355076320136,65.53125939046684,6.721448513821192,Moderate,7.568337777556481,Wet,7,Local,Male,Dry,471,Smallholder,Grazing,46.868924175357726,0,6,5.134185106709181,1,0,Negative,20.289907773216857,1.9826494003207114,1,115,Summer,0
38.6803480378704,0.3282923248957945,18.838136921051177,71.37881752260199,10.718269536587291,0.5920540068219464,42.210007254402626,5,0.9577866361101015,Normal,35.98918633910501,46.12176519242429,12.162350310137489,98.17440798981889,3.0529260653780534,Poor,2.2372859485142484,Dry,5,Brown Swiss,Female,Dry,114,Smallholder,Grazing,15.269428779393401,1,4,5.384787140784054,1,1,Negative,19.24506017930848,4.603434707151162,0,307,Winter,1
38.373945137319744,0.7389163339799263,13.63349931136359,48.01873380721012,15.848685485575402,-1.3526532753552394,33.13628856865308,1,0.4267959360631596,Normal,35.56519641541861,48.12952778906229,28.32641951195576,90.89743941380223,4.448050134848131,Clean,3.886510334022409,Dry,3,Local,Female,Lactating,137,Commercial,Grazing,79.14217554092727,0,6,3.6413390098209346,1,0,Negative,10.498359551954662,2.6355216522959233,0,268,Monsoon,0
38.272292530393706,0.3434026045914246,18.935392103158392,41.13677524552824,22.68965063055479,-0.12635790304149275,17.89597589322301,3,0.3564811586605511,Normal,25.35384083421514,77.78379445360494,31.737794897674824,97.66873414276182,8.796723701008638,Clean,9.100057520945029,Dry,6,Local,Female,Dry,117,Commercial,Grazing,62.44030075776045,0,4,0.039590259130749095,0,0,Negative,23.45270754650075,2.042592645024005,0,142,Summer,0
38.76385813661514,0.7551596724081255,22.141773665667777,22.94705627244094,30.563971909568615,-2.22756129803697,23.745826586110166,3,0.9979567155022859,Normal,32.25875849979688,62.004178144619004,20.873560431589386,60.55608212802994,10.954373855003151,Moderate,3.038246138395394,Semi-wet,10,Holstein,Male,Lactating,93,Smallholder,Grazing,88.21209716107036,1,5,3.3364324104047203,0,1,Negative,14.498890825424729,4.3581159917969305,1,288,Winter,1
38.54701366954749,0.383678528603175,14.655751391599901,58.897641339463554,28.730134854327513,0.8288356846568803,32.89648626468363,4,0.5319689607791834,Reduced,25.53315442351504,67.27513131934126,15.600301890877862,60.64970870450286,6.216086070004886,Poor,2.4109880347091535,Semi-wet,9,Local,Female,Lactating,56,Smallholder,Confined,82.73224633231429,0,4,4.814970007878305,0,0,Negative,23.163838072869034,0.8048989631347854,0,306,Monsoon,1
39.60239579314962,0.294041040120176,23.697983284987792,31.547903291913975,23.374568989878277,-0.5933503540742839,35.058064337028725,7,0.37524140689024854,Normal,27.049050141357284,78.63437184477421,6.798296241926325,146.41109527463215,7.604120350782592,Moderate,6.644686050277354,Dry,6,Jersey,Male,Dry,349,Smallholder,Confined,32.01104261560984,0,7,1.8869383183233543,0,0,Negative,17.54307166177064,7.814317868122534,1,68,Summer,1
37.10941811496419,0.3322275921143659,17.633175903419495,34.96561096500496,20.06099400578509,-0.8535662485771056,20.36657423660822,2,0.3858608133416018,Reduced,23.595323055252944,57.04911345320454,25.465355781990212,147.93677337247686,4.28385036726862,Moderate,9.571716923422242,Semi-wet,9,Holstein,Female,Pregnant,445,Commercial,Confined,25.6314564999371,1,6,5.566509143834522,1,0,Negative,10.373671811110416,6.957639627015807,1,285,Monsoon,0
39.35490411115348,0.20159370817525624,14.448921953845836,41.68647700912151,23.612874138472925,-0.24931172772865123,32.278155102597694,4,0.19495949603351048,Normal,31.098860173757693,77.44451136593865,13.353398320588479,92.61646579118182,6.122133140368715,Clean,8.676997919269109,Dry,2,Jersey,Female,Dry,206,Commercial,Mixed,73.38285482294945,1,4,5.980915167599423,0,1,Negative,6.376903448607066,2.5397099890480446,1,31,Monsoon,1
39.44765111549858,0.7749916942828243,21.99052830768098,59.164117917002926,18.888172015092543,-0.13953845100462828,16.31596076402846,2,0.5122230574475389,Normal,24.09355521737794,62.114963731477985,6.650411449764404,128.89954536508372,5.367898077704915,Moderate,9.798180037767644,Dry,11,Jersey,Female,Lactating,403,Commercial,Mixed,57.33128644466514,1,4,3.295577402071595,0,1,Negative,11.704402129064162,3.0212763496713704,1,24,Summer,1
37.45596586055511,0.7859208392467034,16.852823057046923,52.732399866657595,32.31018397458325,1.1423950923483408,27.463984807173723,2,0.4388550281680058,Normal,30.92577428974866,58.859009388710334,24.975551872958665,115.57914269230768,8.555255479715235,Moderate,8.028185229569996,Dry,1,Local,Male,Dry,478,Smallholder,Mixed,6.987481018313213,0,5,3.187446671689753,0,0,Negative,22.529108547089674,2.3442363445459797,1,11,Monsoon,0
38.494387443551794,0.6119466799306076,21.038059549944432,43.4216249015974,20.86485891234952,0.6866357969878323,34.67228105261924,2,0.2707952963474134,Normal,26.78978116017845,56.651863202737005,19.57159380601275,61.6916854618389,11.84698951675111,Moderate,5.4989581926765725,Semi-wet,4,Brown Swiss,Female,Dry,498,Commercial,Mixed,18.163779929545655,1,1,3.931135889178655,1,1,Negative,3.9952174289454145,7.462992913192732,1,127,Monsoon,1
38.47713548040253,0.32909024084430694,16.832965470965853,48.08292063638821,21.48197285051964,-0.43461391818920403,24.690905619382118,1,0.16054008660175978,Normal,26.91376855844502,88.24724077461914,5.358864491051718,79.66786573346978,10.133034519856862,Moderate,9.572931516718992,Dry,5,Holstein,Female,Dry,285,Commercial,Grazing,15.13534468103217,1,1,3.3980327869323825,1,1,Negative,11.587289376699763,5.398978790039315,0,286,Summer,1
37.85549298316931,0.2668434700085518,17.760695425880385,38.99614307128894,8.705065449875992,0.9455022245784928,18.958466205171916,1,0.3112388686675537,Normal,19.543388577357998,78.59867053544895,8.327721173190412,81.36514086445204,3.921645849261852,Clean,5.413066227626494,Dry,10,Brown Swiss,Male,Lactating,254,Smallholder,Mixed,58.97968828579987,0,4,0.9627356951872146,1,0,Negative,8.978265743958733,4.408841062420448,1,275,Monsoon,0
38.23330998744548,0.2153031731498296,19.974240817337165,46.39653689565351,20.827390920863415,0.40110588053741963,28.877288778265356,6,0.5086833276877293,Normal,27.299260152971648,41.00979703867647,25.976057877378324,109.57744348592239,7.776785933067669,Moderate,4.800756930753955,Wet,7,Holstein,Female,Lactating,377,Smallholder,Grazing,8.576226316755397,0,1,1.6266532633504696,0,1,Negative,20.947290013936716,4.314497101566502,1,164,Winter,1
38.03365449272051,0.3325985415721766,19.163588230360023,45.73336744778137,27.018904827789648,-0.8398994544290557,24.37168680018713,2,0.058333272284801674,Normal,21.270794301610923,87.87077432591008,6.910139991973656,107.997671231447,2.664117149484016,Clean,5.585567342139471,Wet,8,Jersey,Male,Lactating,328,Smallholder,Grazing,20.770093689182257,1,4,1.2107326861735284,1,1,Negative,19.493336428208874,1.7444047657287813,0,262,Monsoon,1
39.75136226605417,0.9126844279865174,10.017872878193046,54.687698956813534,15.593664537768728,-0.3870772373547289,31.777350196395012,1,0.15374402858395597,Normal,27.307972207918443,78.77198148633366,30.978891945289707,142.35086937027557,4.469154868426355,Poor,8.511791635059716,Dry,1,Local,Female,Pregnant,445,Commercial,Grazing,54.5376495813608,0,7,0.43275259510784725,1,0,Negative,13.699180831561904,7.719848614152639,1,130,Summer,1
39.26140703588848,0.39322947336134545,13.515025039622433,54.67178122438949,17.495677993043124,-0.42233433326468117,22.68804140669164,1,0.9476572669690954,Normal,36.69884131618345,47.45873572271278,14.33978832259798,129.00363139762737,3.722176760603904,Moderate,9.341548398791106,Semi-wet,6,Local,Female,Pregnant,411,Commercial,Confined,13.305680990918267,1,5,0.8423348664962194,0,0,Negative,10.54656762912904,7.359480787016719,0,231,Monsoon,1
39.4629330569965,0.4834170617737725,21.717639939163263,49.93977382205645,26.756266106401988,0.5578920147613025,23.3641786620814,6,0.542855351031339,Normal,20.0522321044147,43.81690627056586,7.659994113092738,135.68476646029737,5.355455376394629,Moderate,4.861456879677404,Dry,1,Local,Male,Pregnant,350,Smallholder,Confined,24.827181579607917,0,4,5.833963340297539,1,1,Negative,16.736144324593155,7.643157898059397,1,275,Monsoon,1
39.13300323842594,0.28427638758506657,17.47145364439381,41.37652442453898,13.14005665889168,-0.7505339220824627,15.87398607474254,4,0.06344930366003787,Normal,26.265472874806623,55.409704682972674,27.79272134504196,139.12286136110095,8.788139690442136,Poor,5.6979796522581,Semi-wet,8,Brown Swiss,Female,Pregnant,359,Commercial,Grazing,90.67910338329511,0,2,3.3298816514453584,1,0,Negative,22.920894286935074,2.6819915538196852,0,240,Monsoon,1
38.02256893726967,0.3778890437985363,15.905074788914312,52.41822294390126,28.346806045251512,-0.78561377963245,29.019668266308898,2,0.693087758769573,Poor,23.822511295999288,71.20907646730309,20.732817033590713,130.12766725549804,6.993933169168267,Clean,9.186618586435063,Semi-wet,1,Local,Female,Dry,427,Commercial,Mixed,69.71175184723853,0,3,0.7554206154566692,1,1,Negative,3.3267169637947354,4.074863955621694,0,40,Winter,1
38.38528784023214,0.615379656624164,12.565703938970103,44.08031533796954,18.807136658961387,2.753135964150938,27.034570370340408,1,0.06180287007903473,Normal,21.798408511273372,70.82733445747337,14.199200971378929,83.28812610571077,11.329092598292178,Clean,2.3763493162293514,Dry,4,Local,Female,Pregnant,326,Commercial,Grazing,30.68814279732409,1,5,4.278571502685338,1,0,Negative,21.673031147765098,4.3919462523002935,1,146,Monsoon,0
38.993624736736756,0.686202146476522,13.681054714896607,34.18085631286867,19.668590677052784,1.2096032226206563,20.869691975559576,2,0.738874227046373,Normal,23.043792613013117,53.79250625746103,17.182950250078036,71.50129713345001,4.127488398485086,Moderate,8.27094955291081,Dry,3,Brown Swiss,Male,Pregnant,90,Smallholder,Confined,87.7355122354281,0,6,2.8607274703993926,0,1,Negative,7.767301348402495,4.172560077639301,0,361,Summer,1
37.96672331466483,0.3962818513329689,9.91280544015221,40.96712208089061,15.256729569246435,-1.3409009966377086,29.162792282602553,0,0.7499627217200269,Reduced,34.35411436348971,62.28374893287089,5.642371868144776,107.17673380210469,5.642091462539402,Clean,5.633742065874713,Dry,2,Brown Swiss,Female,Pregnant,463,Smallholder,Mixed,25.028480826996446,0,2,1.34802719296555,0,0,Unknown,1.0969866802973967,0.6439212089735966,0,292,Summer,0
39.127799058103435,0.24618572738009378,17.594877125193868,45.84526983784325,24.2682775625673,0.6564114909132974,34.16242180386483,0,0.6510789757492527,Reduced,35.682430019209825,50.59450778568677,24.88095612618287,118.95683164533187,5.298525767924695,Clean,5.01214680839737,Semi-wet,8,Local,Female,Dry,168,Smallholder,Confined,58.90827103145968,0,2,5.661422227897034,1,0,Unknown,18.043043281591554,6.748619728240591,0,312,Summer,1
38.55580476110512,0.5128262953019189,15.606249677675812,54.10215783664745,36.75923191017628,-0.022474901517234164,26.7065923394863,5,0.7322045446193497,Poor,21.76827532621892,42.528934258336875,15.973210668903336,88.65679689631658,4.3596362595992995,Poor,5.575370334694712,Wet,6,Local,Male,Pregnant,383,Smallholder,Mixed,36.8494337644248,1,7,1.3472589493676868,0,0,Negative,19.13377551825616,6.099091331418069,1,308,Summer,1
38.47510751547024,0.3873626967410673,14.133648436058738,43.16471827842847,26.68898343676379,0.38732676289014073,29.60900169893184,0,0.08796578101305774,Poor,29.00454607310955,65.84852337134393,26.421127091843893,134.83386499645104,11.931707691262446,Moderate,5.349525404012638,Wet,4,Jersey,Female,Pregnant,456,Commercial,Confined,75.21494093589222,0,3,0.585538653946964,1,1,Unknown,8.009452379291762,4.060986533556092,1,310,Monsoon,1
39.1265759809221,0.3756431385838416,17.727506299328187,32.90801288760394,16.814288428356786,0.0060119868476568306,29.639867497510984,0,0.7267805523552676,Reduced,22.40503343221876,57.34955671260191,23.845134378576414,146.05665928179835,5.872255454430544,Clean,8.052948945502447,Wet,3,Local,Female,Pregnant,281,Commercial,Grazing,37.15873559379346,1,2,1.2346366719909219,0,1,Positive,18.90428588819747,2.5055144951330703,0,312,Winter,1
38.96655798689163,0.9678902421707642,19.455882523410953,45.56741683296819,28.813723512948854,1.5844639682278536,20.774021036926236,4,0.13668831972388296,Poor,23.60838140304635,67.1441216148965,24.53762557729214,106.93957261373521,11.405089804995985,Clean,9.423580177953244,Wet,6,Brown Swiss,Female,Lactating,306,Smallholder,Confined,24.88616726725884,1,3,5.471569990656685,1,1,Negative,19.354423114937358,5.262326848645911,1,118,Summer,1
38.483420300508556,0.6930403887405793,26.37279172883978,46.134560400565526,20.099922724394503,0.3184305169771688,40.33951492424558,1,0.3395059072718438,Normal,16.75384140232736,87.32536612352258,28.78678133013297,95.65920622162183,5.9047347385298945,Clean,5.931646603572629,Dry,6,Holstein,Male,Pregnant,159,Smallholder,Mixed,60.770460746771015,1,4,5.146774834791704,1,0,Negative,16.531989851640375,1.5371907289694047,0,114,Monsoon,0
39.39559788201855,0.6455027545376768,11.952466321747146,46.85837628902753,30.246909888565355,-0.2931330473214311,25.174901019266297,2,0.9427452535006329,Reduced,37.659142338995146,47.168515584766055,23.934742351287532,134.2887116942518,4.040916787406609,Moderate,8.66187028626009,Semi-wet,5,Local,Female,Pregnant,376,Commercial,Confined,74.53404417167675,1,5,5.365947739307661,0,1,Negative,1.8887310613741337,7.9795828399823705,1,20,Winter,1
38.05136200344006,0.5326200828186576,22.637524173202088,54.1987151595443,26.840058412986178,1.363285865474526,31.936697211161626,3,0.5028754776591401,Poor,32.49159283476847,40.09810091554777,17.561777877256773,52.426954698938665,3.1920633068271114,Clean,7.855556285697909,Dry,3,Holstein,Female,Pregnant,416,Commercial,Mixed,53.636368818544724,1,5,5.4970735665655885,1,0,Negative,16.350627533521948,1.4400502640418826,0,229,Winter,0
39.06956136416656,0.5431554667441154,21.89240624406029,55.18923240089899,4.341150607169602,0.14992756163180804,32.6152916633743,3,0.9674264320830138,Reduced,23.741575380875847,43.84391066410626,16.697826852039068,62.901261583424805,10.555631931755052,Poor,4.645446284451815,Wet,11,Local,Male,Dry,324,Smallholder,Confined,71.62882856899611,0,5,0.46499203474596107,0,0,Negative,22.445334026581776,0.9384080824555983,0,1,Summer,1
39.05586075478103,0.6327240030704646,14.883629042493197,39.057891276183334,15.975522202269836,-0.017782131006413265,27.16242923730549,2,0.08892245888673755,Poor,28.42419650593245,63.13541480508145,8.587463202945674,134.5657659006268,2.320976404850782,Moderate,6.698510516212381,Wet,10,Local,Male,Pregnant,50,Commercial,Confined,42.20162053645726,0,7,4.267992514850994,0,0,Negative,15.267249830291016,5.093065509627928,1,279,Monsoon,1
38.514272136411606,0.7571438456288859,18.812943818344124,38.838565419510566,27.66631133701234,0.27103390372917174,31.64077015035781,5,0.4775565995631801,Normal,25.000091699958613,75.34660149011617,28.383302394687252,123.20285856479924,11.643945883392814,Clean,7.334525400125556,Dry,9,Jersey,Male,Pregnant,284,Smallholder,Grazing,79.54461450599076,1,3,3.9871273540319314,1,0,Negative,9.439239639763452,3.9755867928001045,0,294,Monsoon,1
38.895679813345275,0.7617168769454636,16.16946700264954,34.59801289044527,22.909943632870107,-0.34041353504954974,29.474915330898334,3,0.06240232027687065,Normal,31.7297607051794,69.03818016585944,27.833253252638652,91.61366982043259,6.181912117855484,Clean,2.1879949751237042,Semi-wet,6,Local,Female,Lactating,174,Commercial,Mixed,58.50246795445461,1,3,5.957450273887194,0,1,Negative,13.960074311657477,5.892503716456173,0,20,Monsoon,1
37.94933185416882,0.3373551261643597,18.742754321674955,51.988156702804766,15.857464313752896,-0.18615951050679666,19.494161456635563,0,0.6302102623992848,Poor,25.293719898393537,64.74473036868736,12.388951012565704,138.88518577244048,4.473743510843571,Moderate,5.1676444097939225,Dry,5,Brown Swiss,Male,Lactating,135,Smallholder,Mixed,19.624998478466726,0,2,4.28804532563317,0,1,Negative,23.842355520387326,1.4597543604830423,0,260,Monsoon,1
39.254416211524145,0.6000902016613017,24.0365240536182,59.488201083377156,18.198462907037126,-1.0800418831428091,26.00636379249947,5,0.07870700136851638,Normal,26.026126794000422,57.698156554620624,30.88045738094434,85.14582876453872,8.174461322153626,Clean,9.941105406779656,Dry,11,Local,Female,Dry,456,Commercial,Grazing,89.07517031004873,0,5,4.752188470469861,1,1,Negative,11.869389121151574,3.2280928721202153,0,243,Summer,1
38.58905871813421,0.5295664760272816,20.422424930525253,41.849180720910766,10.562580279463717,-1.3267508294358181,24.32469458587563,2,0.17536780254037732,Reduced,23.689733889046362,55.49870857657505,22.670097733718848,113.38453578669174,3.329129918361863,Moderate,7.0980514165607485,Wet,7,Holstein,Female,Dry,228,Smallholder,Confined,83.68239579294404,1,2,4.289918873081035,1,0,Positive,20.355666058432174,4.257750215990647,1,102,Winter,1
38.38636618768858,0.8964215730155074,20.03443349293377,42.58569435275007,21.469760274841622,-1.6978555797236592,25.229529751923238,3,0.2588303100692805,Normal,30.019465061808052,58.814308755249,19.360605271837017,113.4334470325916,2.7214557356635574,Poor,4.673952554334209,Wet,1,Local,Male,Pregnant,134,Smallholder,Mixed,96.39122091728211,1,4,3.723490727308122,0,1,Negative,4.186287356833626,3.852434653350629,1,197,Winter,1
39.32940553550213,0.7051351369747012,16.27876272018143,59.66782556898976,35.264138356094584,-2.287974930195614,20.175980932980174,1,0.7487438516644832,Reduced,38.04664177232033,70.58174770045356,5.5248890487648765,68.43318926142362,10.277833519095669,Clean,4.0001923152058225,Dry,7,Brown Swiss,Female,Lactating,70,Commercial,Mixed,56.900851637068726,1,2,3.3181405213610766,1,1,Positive,2.299060789627747,4.87275173561772,1,191,Summer,1
38.27739378567435,0.6260032531327855,12.06377334030266,50.05557853215008,26.829600344393953,-1.5195760420768347,34.758602300476184,2,0.16396211881807476,Poor,25.57870472714766,48.387697793276814,16.482235575929487,78.4851736164058,6.246707746253268,Clean,3.6758528168060502,Dry,1,Local,Male,Dry,91,Smallholder,Mixed,67.57409840972446,1,5,5.815562565661789,0,1,Negative,9.973400181586953,1.2631262491992108,0,346,Winter,1
37.85492322218187,0.2923157137431339,17.166127157838368,49.36235704801055,35.14250200713054,-0.46140055170038846,37.61195592768048,0,0.8466320532930678,Normal,25.521350645645985,78.56810415273128,24.22012304706989,141.60069226960857,7.18254912104532,Moderate,5.21313127172166,Dry,9,Holstein,Male,Dry,430,Commercial,Grazing,86.35792362293124,0,3,5.618052332630981,1,0,Negative,4.16876936833913,4.277934694655735,0,129,Winter,0
37.76602249588566,0.6845103114587292,22.82643261945566,33.09083494026273,27.29438253873988,-0.04532362633154449,33.86801785599045,2,0.13190393883080087,Normal,26.87429701227068,68.76266200465551,7.6924351306515035,68.3414853793417,3.7669600887506487,Clean,3.5461255248608765,Wet,6,Local,Male,Lactating,147,Smallholder,Grazing,5.2591332093166905,1,2,2.6271009833155574,1,1,Negative,8.602133159534176,4.6607514233539336,0,128,Summer,1
39.06360597080739,0.29376312454418674,11.89132857364141,51.78728069279419,28.16487606011615,-0.6069448447214607,35.62317534488286,1,0.035244449070156336,Normal,28.30104496979397,53.45781888057138,18.787019266626448,67.35746218476245,2.614242445269423,Clean,3.0814894564282254,Wet,7,Jersey,Male,Pregnant,443,Smallholder,Mixed,91.22046333888896,1,2,1.704923249950094,1,0,Unknown,17.454839889930774,7.107666102328674,1,114,Summer,1
37.93174238850224,0.4697652604526017,13.77964252729322,35.708636594902416,33.844472126470144,-3.7335552351910373,25.932190977951063,2,0.3950454189696678,Poor,25.505114474620125,65.05764814056418,34.803078540847885,97.9615473733874,5.677761326518468,Clean,4.912506275415671,Semi-wet,7,Local,Female,Lactating,268,Smallholder,Confined,27.116342089129077,1,3,3.0544161581611604,1,0,Negative,11.24622297213457,4.783071390013554,0,207,Winter,0
39.75287650919062,0.31427357185146554,18.50507094493627,33.65979814065042,24.263579556053358,2.161879536643513,24.18245899008378,3,0.9794416419712951,Reduced,25.0386932148785,88.13893438425832,26.496159116272025,59.219736823784096,7.061462523800894,Poor,6.855997541166347,Semi-wet,1,Holstein,Female,Pregnant,337,Smallholder,Confined,5.7043681691610555,0,3,4.476687533270502,0,1,Negative,8.387927829147097,4.604716362730363,0,336,Summer,1
37.45084235526977,0.7536589176194952,14.06138086061095,41.53228423233288,20.876636070958718,1.4297201843355727,23.32847771912973,2,0.11034222778877723,Normal,27.412620706645626,41.0245764572597,21.40612662504813,139.46261889843734,9.65430621878028,Poor,3.1711934566890267,Semi-wet,2,Holstein,Female,Pregnant,333,Smallholder,Grazing,23.76069868407559,1,5,2.4056863176251144,1,0,Negative,21.50459018385227,6.5905836362437515,0,343,Monsoon,0
39.71787382097403,0.3650016910689221,14.82990621153915,39.1420727655131,28.19594509973207,0.4686397768256931,31.864389537743335,2,0.10171844403962904,Normal,18.244657072188616,49.97613204506146,20.990986548172298,60.01491383124711,7.0105200023546335,Clean,2.3547461909028806,Dry,10,Holstein,Male,Lactating,162,Smallholder,Confined,58.635996337161046,1,4,3.2233857004960624,1,0,Negative,1.2168629838445997,0.9874812813283877,1,105,Monsoon,1
38.82661048032158,0.5134874985504208,16.305605673087292,42.78400305614961,30.72304142273131,2.661236008829902,29.3623783188649,1,0.7511665107956239,Reduced,24.26299528618859,62.4190119951639,6.312952467745832,111.65574768407944,9.825070176859029,Moderate,2.2770625445095325,Wet,3,Jersey,Male,Pregnant,186,Commercial,Grazing,4.784699874170739,0,6,1.7922354611125741,1,0,Negative,19.722651979178924,5.359716194387978,1,214,Winter,0
38.64197213287777,0.9165398220950229,12.537530383239403,30.590183654750813,19.120212143726746,-1.666046176225566,27.536669730409447,2,0.3121616939935653,Reduced,16.99503417417286,71.9219860889914,33.71943312223809,83.9781856445318,3.1543277967431385,Clean,4.1390740194877464,Semi-wet,8,Local,Female,Dry,89,Smallholder,Mixed,0.07647663224981116,1,5,2.566226210364986,0,0,Negative,15.289182201798392,6.588533304279948,1,197,Summer,0
38.373048547914635,0.36345310671917624,14.103512615134527,54.58816306467672,17.670585505959824,2.6314376809390065,35.770891265172054,2,0.7172816172257169,Normal,24.536640806806624,50.61141331427426,32.84532980855129,130.4272885471034,2.639627720439516,Moderate,3.521058324130413,Dry,9,Holstein,Male,Lactating,499,Commercial,Mixed,63.93626731324085,1,2,5.743772393434005,1,1,Positive,2.0684813398892103,1.209467831728377,0,171,Monsoon,1
38.93948166861124,0.6062440511670233,20.813711667149235,56.27686294516429,22.833136194585283,-1.647821115125822,30.429648122892058,4,0.20001058944336336,Normal,22.258699206959772,86.57019741880981,25.472141320263397,108.98107457675385,3.588609641434516,Clean,6.3140428823212185,Dry,11,Jersey,Female,Dry,27,Commercial,Mixed,45.33873474377012,0,5,1.2891502150404364,0,1,Negative,1.785544583401581,6.586793485583561,0,261,Summer,1
38.677419178545094,0.5354173289328177,12.770520871076144,25.52657525859186,26.98899320158997,0.1581068879370348,22.968054174876492,1,0.4600719941981629,Reduced,30.134908323984167,72.12860062123211,7.970349490446499,88.83061410794382,9.720121268887286,Clean,5.645761496407196,Semi-wet,8,Jersey,Male,Pregnant,182,Commercial,Grazing,84.43302510152691,1,5,5.932406592315079,1,0,Negative,4.953713906657931,6.403669452965719,1,322,Winter,0
39.361981129209916,0.2144992328365838,11.60851146202065,54.7845780566655,26.788546291969368,-2.1107559877013067,23.914547025185833,3,0.2652898777489179,Normal,23.32392810798733,83.87159744782153,11.235016902483146,148.38729845448108,9.593302308387013,Moderate,4.598132914712149,Dry,6,Holstein,Male,Pregnant,82,Commercial,Confined,25.754728685861604,1,3,1.2932393001007092,0,1,Negative,23.480335074473263,0.5070734679902098,0,266,Winter,1
38.768536589197225,0.8342064908582503,15.479900081864422,36.894713701783736,13.454994398874405,-0.17795885668344982,32.09195979552487,1,0.4515282148790869,Poor,25.172436818596143,56.465896512515926,10.517286076267556,56.62309884655306,3.4136780451064146,Clean,8.668342673207686,Semi-wet,2,Brown Swiss,Female,Lactating,306,Commercial,Mixed,28.070760432514863,0,4,1.9154158913866142,0,0,Negative,2.97130509406639,2.3461783992523104,1,164,Summer,0
38.79018105687713,0.2552367250516798,20.92782201003938,53.56975536982786,33.46963640237993,0.379249746997583,34.25039711592758,2,0.7690970925853038,Normal,16.260749218371334,81.44769671533147,20.587354553036565,107.77863032306767,2.3098865825067976,Clean,6.039575943972212,Wet,2,Local,Female,Lactating,253,Commercial,Confined,7.754640390916656,1,6,0.5229898938529971,0,0,Unknown,17.99368242230739,1.6344366327241366,1,238,Summer,0
38.481832672671686,0.5794040167815628,17.212312768012442,44.315535073335845,18.1530104236189,-0.43203549670183206,31.310081393535818,2,0.7620099404776617,Reduced,32.1119775173759,58.91096084497231,11.234116235059567,148.95683115440448,8.852819362121652,Moderate,2.7322399366727934,Semi-wet,10,Holstein,Female,Pregnant,237,Smallholder,Confined,53.851167992794224,1,4,4.512572933511434,0,0,Negative,10.236619610017655,4.335033790205491,1,163,Summer,0
38.665832625767365,0.6485426359511599,16.14167568753753,45.28775564080998,20.409610018668523,0.8708161661352063,39.381332487232484,0,0.5157722876737236,Normal,21.568000566991905,52.637588623060246,25.874016846325947,119.09526432130171,10.552817832429774,Moderate,4.366114832589562,Semi-wet,7,Local,Male,Lactating,445,Commercial,Grazing,36.590438989377375,1,5,0.10580691479474447,0,1,Negative,6.442850027019891,7.355049558326467,0,23,Monsoon,1
38.884681061335236,0.7027411652916697,18.17743519006243,43.14902350578781,16.58407384007308,-0.05147832576911404,37.81004299438851,1,0.928371843721051,Poor,24.586645640290104,85.58276695818965,21.35689657908167,123.9769631642193,9.541076955101822,Moderate,9.786714129572733,Semi-wet,9,Jersey,Female,Pregnant,363,Smallholder,Grazing,33.97078484857256,1,3,4.72704541895145,0,0,Negative,14.225103384238192,5.020298291550862,1,190,Winter,0
37.67389896440603,0.7509053034463005,11.017170268561392,57.12129204233486,38.18997301562253,-0.9836220925662638,30.646215009104576,3,0.263784102448274,Normal,30.89048482574095,44.610923783942724,5.529745311279664,53.209114457948594,4.0279898061507815,Poor,9.815818566064115,Dry,6,Local,Female,Dry,390,Smallholder,Confined,45.76326742181135,0,3,3.4627996812274486,1,0,Negative,9.468319640480429,5.0135224782803665,1,303,Winter,0
37.89108874673658,0.4026179068181721,19.97882261510013,32.60411987474971,23.452424021727804,-1.0502199767035088,22.968516043110988,3,0.24031135111923307,Normal,30.909216566217857,87.14443980282022,27.321717111069546,52.13631630969624,7.837678972253356,Clean,4.037373084376954,Semi-wet,1,Brown Swiss,Male,Lactating,272,Smallholder,Confined,84.96873767887041,1,7,4.492602763521784,1,1,Negative,8.134192508572802,1.4213647706102548,0,165,Monsoon,1
39.14595845641363,0.2079830213267595,19.533740125614578,51.078403387350086,16.894149515910613,1.0163706589235446,20.140074929609394,2,0.6138064011754337,Normal,21.44595688122228,62.92576029338028,10.664862099618455,53.61101119821928,9.573657206255412,Clean,3.337889030359311,Dry,9,Local,Male,Dry,213,Smallholder,Mixed,10.518859586562934,0,2,4.698722784483936,0,1,Unknown,6.5113122587648204,5.497844827520683,1,240,Monsoon,1
38.80251926287677,0.7787549298839296,16.362766103617115,56.013301648895506,27.183541299774674,-1.1806130447104513,25.67570952991171,1,0.6212970342167891,Poor,29.6347310951716,89.63127367429308,29.74655359042031,149.17239021762322,4.558287045470395,Clean,5.965505169737955,Wet,7,Holstein,Male,Lactating,316,Smallholder,Mixed,52.35936275201628,1,1,0.74629348476617,1,0,Negative,11.529798934641885,7.162404343595206,1,40,Monsoon,0
38.58960999818839,0.6285252794780629,22.02369804718567,52.16340080540411,26.6148146758602,1.1731044557274053,32.51928067849694,1,0.04654003956497399,Normal,21.2563568589535,66.97973268675145,15.651363113689369,147.95197607408514,7.27720801369453,Clean,5.8517193453347724,Wet,3,Holstein,Male,Dry,276,Commercial,Mixed,19.64350036947835,1,2,0.12834812065576862,0,1,Negative,4.900914667962482,3.7201072134123363,0,16,Winter,1
38.71106035983924,0.8688941625657991,13.490015604187846,68.24698914323417,20.873637858520695,1.6340676892478962,38.95988247587162,0,0.6077777123868976,Normal,28.1615502243116,77.87440860411516,15.158590399449093,83.45089257642618,5.144604039737703,Clean,5.281101498152137,Dry,2,Holstein,Male,Pregnant,349,Smallholder,Confined,21.239119735624957,1,6,1.0125988911682446,0,0,Negative,20.594796699928157,5.613259350132809,0,197,Summer,0
38.908549023217006,0.8571106903205554,22.511635973014275,39.71053237275301,27.043640276700298,-2.703070793519195,30.5046822064648,1,0.37443615734901436,Normal,23.07871407014698,40.3535508169002,5.3545200733463165,79.09818162658289,4.255754173270211,Moderate,6.234857819951624,Wet,3,Local,Female,Pregnant,261,Smallholder,Grazing,25.6735212038933,1,7,2.304405278269985,1,0,Unknown,14.610083279692233,2.711983352429225,1,267,Summer,0
38.37614419181438,0.8746609342303067,18.617974662381005,54.57304822593531,17.048248235014814,1.499389580951552,35.01233676538742,2,0.7474425253205591,Normal,21.924437318593476,64.83334099800825,34.631869487690516,64.59587455178442,11.695893267708525,Clean,3.8575630281456066,Semi-wet,2,Holstein,Male,Pregnant,490,Commercial,Confined,45.94016927270614,1,2,0.43989865164240394,0,0,Negative,2.4462742750321795,2.516744096110269,1,51,Winter,0
38.233017164758614,0.5880757279836322,16.653789640487307,43.939093646585796,19.042490350304487,2.8906340476670485,26.528155082873187,0,0.8081056645452729,Normal,27.17624378699226,76.87267358090577,23.360130175155913,82.91402991647584,11.125819603869264,Clean,2.9194347323494974,Wet,11,Local,Female,Pregnant,308,Commercial,Mixed,49.44000493074559,0,2,2.740437424682258,1,0,Negative,11.512002112355447,1.8881978199724974,0,221,Winter,0
38.817507153058614,0.46690271666949257,17.920505458526755,57.33406076352669,9.938700072603623,0.1780056418028927,31.736614751365302,3,0.5521538195470366,Normal,23.38242651159102,79.14135099792244,17.68190498557972,87.01499305472703,6.456677309514871,Clean,6.56369166781148,Semi-wet,10,Local,Male,Lactating,127,Smallholder,Mixed,87.15112616315541,1,1,1.71053623911608,1,0,Positive,15.480578093574191,2.311270507651521,1,238,Summer,1
38.112976333430986,0.833246562073096,17.570940936756234,44.923110042786305,14.056293494682624,0.6986262779422334,32.940140976863034,2,0.0017050315022650864,Reduced,37.0929016230576,47.9024291300799,7.8986421338401716,124.82828167590337,3.367780610639764,Clean,9.460783974259,Semi-wet,2,Holstein,Male,Dry,56,Commercial,Grazing,89.21121406377665,1,3,2.183009854852552,1,1,Unknown,20.817041847138245,3.0706884285115823,0,336,Monsoon,1
38.94495165342869,0.5610352904234039,22.881131585670868,41.1212421813753,32.845784834024116,1.3555079865537378,16.12243434488483,4,0.6363658101666421,Reduced,23.911116919431194,60.948547519138934,25.974441924530506,136.62935529197347,9.279073033206487,Moderate,3.101994212962383,Semi-wet,4,Brown Swiss,Male,Lactating,399,Commercial,Confined,58.66642030440817,0,3,5.642204494492994,0,1,Negative,1.5400320338982592,4.7504606729909025,0,345,Monsoon,1
37.6784498374573,0.3467537571227476,13.693283490115945,58.06072203871629,31.848571766333887,-0.6132234727685335,25.51936718574094,1,0.7488812796659343,Reduced,21.040217566774626,60.95359790596694,13.481914099758166,124.6735119741388,4.557011301282203,Clean,7.638517793851699,Dry,6,Holstein,Male,Lactating,332,Smallholder,Mixed,28.14041556538661,0,4,4.345624332858469,0,0,Negative,11.494334835699343,6.3549098455320525,1,323,Winter,0
39.31749338239539,0.8839792156491795,14.949923043413607,40.0843806098107,22.394731891893777,0.07342033530680453,33.698202305667216,4,0.24898326623151423,Poor,22.50570913946189,45.182040424952795,34.64842455126587,114.64751010955725,3.685178058380945,Clean,5.50317349904308,Dry,3,Jersey,Female,Pregnant,30,Smallholder,Grazing,81.84369909095696,1,4,3.9489599244545834,1,0,Negative,17.234340436648715,2.671723579007512,1,195,Winter,1
38.98355848944783,0.9060479014178779,22.14521156828992,30.872742410994437,31.977588683139025,-2.171299294434664,29.64681001381939,2,0.4646460011407888,Normal,26.9130963353918,62.15227538457333,33.51642077447969,126.59000780887979,5.815290177381846,Poor,4.351812717830432,Dry,9,Jersey,Female,Lactating,103,Smallholder,Mixed,79.28819935364811,0,5,3.9213912146290237,0,1,Negative,5.510940097028327,1.7608371254447472,0,65,Winter,1
38.85361784058833,0.5730478049121361,15.617860259264564,39.83153116826171,21.03955308035017,0.007952542795676476,20.8209097110944,1,0.9657266234117883,Reduced,27.55992161594061,80.35464793480027,27.05890036408366,123.84974791518053,7.2984980916673905,Moderate,8.824873747139407,Dry,5,Brown Swiss,Female,Dry,237,Smallholder,Grazing,79.79534326999699,1,6,3.3322859468989456,1,0,Negative,6.090955264965389,3.873220601655983,1,12,Winter,0
39.289614590367314,0.26055978184783,21.602132309326365,51.19032946588533,20.53953818459255,0.5471679934668123,13.419265745635862,5,0.29811555339410345,Normal,28.547608747826978,55.00903688094935,34.13215790848907,97.57496937303948,2.9744032982041464,Moderate,5.651933556297456,Dry,5,Jersey,Male,Lactating,257,Commercial,Confined,1.6367583502369443,1,5,3.077882613001246,1,0,Unknown,12.262496546347894,6.421360191075623,1,302,Summer,1
39.69928466667755,0.5102608719335451,24.797743932034837,58.920387515870914,22.339063890793337,0.574244534389704,25.80531552818796,5,0.22315325104174077,Normal,31.557544934425984,61.62872609469416,8.169015873612885,83.58514024613578,7.717464730485266,Moderate,6.666496112543921,Semi-wet,7,Brown Swiss,Female,Dry,66,Commercial,Grazing,75.38638580067996,1,5,5.292915317588779,0,0,Negative,21.34337651949037,3.4199927819378235,0,352,Summer,1
39.30862203901088,0.8428301275700827,16.392819892233465,46.11129375296512,21.25047042805861,1.3981370853963708,27.570485842636725,2,0.21085479047801015,Normal,18.64547782907809,88.04793425310713,13.397460816096356,78.27807168775996,2.153483747626215,Moderate,5.544450295519435,Semi-wet,9,Local,Female,Pregnant,469,Smallholder,Confined,85.27194571309145,0,4,0.4500115657419399,0,1,Unknown,10.160239537026676,7.349558617707849,1,278,Winter,1
37.59547546120102,0.9214192228369831,20.725449306301222,58.181970672340256,20.708822058638916,-1.3622032672032935,22.69646230102993,2,0.5588008343539963,Normal,31.78581220111201,41.58540379457811,12.597298663735373,117.93554595127816,10.918690605930866,Clean,2.649996653356423,Wet,1,Jersey,Female,Pregnant,364,Smallholder,Confined,60.50329383099668,1,4,1.731120063592504,1,0,Unknown,12.14318778990133,2.35936012660761,0,332,Summer,0
37.93225381995858,0.3627781939980767,13.385230874640566,31.418250785224064,28.860388642897316,-0.9989101350102447,28.858509622167965,3,0.9497871013080065,Normal,22.430482680019853,69.5760883947678,7.1603797537790745,145.93041244452252,11.207416892788666,Clean,6.7592374952014875,Dry,9,Brown Swiss,Female,Lactating,398,Smallholder,Mixed,75.12441979382038,0,2,0.6247628258508815,1,0,Positive,15.622439961267197,6.187354102363681,1,38,Monsoon,1
38.325108853382595,0.25357888962021724,21.018933192271238,40.56736535182097,22.900813923737218,2.6432610189870327,31.038320483397367,3,0.6086901292003547,Normal,29.008264618598187,77.17180458888146,34.16679793914368,108.105471893563,9.330707735118516,Moderate,5.35072780030497,Wet,2,Holstein,Female,Dry,151,Smallholder,Confined,77.61702068289195,0,3,0.06631711833406495,0,0,Positive,8.148044119131448,4.0081883246680565,1,167,Monsoon,1
38.7156546301265,0.901880362506271,18.79769594394707,42.11424882845899,26.274890586602826,-0.4254925606455649,32.024123024357394,2,0.30332312023765995,Reduced,35.60552048301601,78.04412170155892,6.799222599406816,141.2526502472266,6.665494085741776,Clean,2.6940528485410375,Semi-wet,3,Jersey,Male,Pregnant,230,Smallholder,Mixed,50.6583405717689,0,4,0.0832024286706734,1,0,Negative,20.942977598204266,1.3034443215829121,0,230,Winter,0
39.010595412281475,0.5115239511831002,19.89215312864086,43.8544057252748,28.188283151663985,0.10005068096849196,13.864486450406066,3,0.6385697780674541,Normal,23.008688958804363,75.79690124420222,30.700667119829887,51.42293709729475,4.548962705633112,Clean,6.7664938753518,Semi-wet,5,Jersey,Male,Pregnant,224,Smallholder,Mixed,81.36207162153188,1,1,0.14405868721286952,0,0,Positive,23.12276979557112,2.6080423855628165,0,105,Monsoon,1
38.264553712107926,0.6334087714140506,15.41771171185842,45.84094388250197,24.3291147739284,-0.30051506258783156,20.11428941315128,2,0.6248422975977874,Normal,22.801613769119065,76.32257217342182,28.044842737305178,129.44706467360058,9.441120907113966,Clean,2.07896745631382,Semi-wet,10,Brown Swiss,Male,Lactating,102,Commercial,Confined,79.2290973501076,1,2,4.090425154518385,1,1,Negative,15.957069606043387,6.936674965942142,1,85,Winter,1
38.81206005868625,0.9744526496406072,11.35566633773131,51.909109573921924,16.178372044550567,-1.4325212394575335,26.172264109871588,0,0.5969251357296542,Normal,21.87858691952049,42.95063328365249,16.27601262414378,135.36026579600798,11.317972019520637,Clean,3.6681631060367383,Semi-wet,4,Local,Male,Dry,96,Smallholder,Grazing,91.61043569633351,1,7,0.6684296445534303,1,1,Negative,15.684952304626435,0.544161738432672,1,190,Summer,1
38.246770240588006,0.2532517823313783,20.01300825899802,40.5519316182951,13.882804666215767,2.235293816337709,31.43303878622478,2,0.159426206888302,Normal,25.310060373570593,66.70683095681665,5.56422087889397,113.09938379436957,3.5853370489743956,Poor,8.248556295241698,Dry,5,Brown Swiss,Female,Pregnant,458,Commercial,Confined,92.13736321187017,0,1,1.214454496195447,1,1,Negative,16.49166797048036,6.172562653356473,0,92,Winter,1
38.333089318204834,0.7186544059616764,9.746387390082182,46.39028686953126,22.89268380884383,-0.9915521178809086,30.935404081300213,4,0.6345667993449942,Normal,33.32689320493003,79.1484535828628,5.182877149456085,143.40609993617295,6.65821989297698,Clean,2.3034193988698757,Semi-wet,10,Brown Swiss,Female,Pregnant,159,Smallholder,Confined,52.97145830119809,0,1,2.5139044008181832,1,1,Unknown,5.459632155345307,6.585548944885081,0,155,Monsoon,1
37.85600334189107,0.2592843380598937,16.73059803102986,44.54877109675948,20.972462171050392,-1.8909282855603948,30.831219687260056,0,0.43016445251449964,Normal,21.428482076842336,44.703252451866476,11.119815220817697,108.99129928812997,5.152616360359282,Clean,7.17345678444111,Semi-wet,5,Jersey,Female,Dry,147,Commercial,Grazing,3.149384007553757,1,3,1.615501526299692,1,1,Unknown,17.844565858790215,1.3987812411107625,1,305,Winter,1
38.14606005233346,0.5003751427732004,21.76472746567988,35.7411009610885,22.52434857352073,-0.8761104159541275,25.69949234818641,4,0.01859205862303337,Normal,24.53123304069217,40.60249611934339,19.81629740101379,74.05369025267493,5.567417890459099,Moderate,9.597655569658592,Wet,5,Brown Swiss,Female,Lactating,85,Smallholder,Mixed,1.9106906448747352,0,1,4.900185813541185,1,0,Negative,8.980478630841677,7.716421010670601,0,15,Summer,1
37.8889892366302,0.8430516361547575,18.767590943492145,43.863333109185646,21.90367576450848,-3.2025590025883,26.034199376140236,0,0.5397644871474951,Reduced,31.878694723877203,80.7280915799829,18.73729934555454,71.57172294481943,6.057577813229325,Moderate,3.369539665384054,Wet,10,Holstein,Male,Lactating,440,Commercial,Mixed,93.89267016062286,0,1,3.7407245207601987,1,1,Negative,23.84711131723434,7.042180562393988,0,289,Summer,1
38.114476048213604,0.5467777862045076,25.79337057915925,43.563404701028816,37.5014419609994,-1.1769311974747727,23.630024389469554,2,0.9892667452184176,Reduced,30.119756589382995,75.61471937832445,22.558777296947824,105.58362666927152,11.517963443713384,Moderate,5.336894881676597,Semi-wet,10,Brown Swiss,Female,Pregnant,261,Commercial,Confined,33.73610858950793,0,6,1.9998516266571489,0,0,Negative,18.29985618473982,1.8389847490204847,0,96,Winter,0
39.33218507796471,0.9977458831223605,22.100436610327094,43.34919434996954,14.018642466151972,-1.6521928967784898,32.60916476863509,0,0.34973959084398354,Normal,24.50142164167147,60.61032084572213,28.158779289822863,140.6483930496211,4.586371678680937,Clean,6.603981578967986,Semi-wet,10,Holstein,Female,Pregnant,170,Smallholder,Grazing,37.75332030583438,0,1,1.9066976895994516,1,1,Negative,14.426630495814774,2.3109275898657557,0,302,Monsoon,1
38.13036066670084,0.6472474279572817,15.384406446697694,45.31759456581451,10.060322381073252,0.7261429463909865,22.477067273562533,1,0.9655592183186582,Normal,25.94540294851261,87.0198216287086,16.32063844580617,57.2367945755077,6.926758390935067,Clean,5.603326709870754,Wet,5,Holstein,Female,Lactating,74,Smallholder,Grazing,46.99080294020154,0,1,4.102162332056242,0,1,Negative,21.981419383382914,6.638434339406966,0,226,Winter,1
40.27942923890244,0.4569297221087628,18.109253519405755,45.75673540613386,23.994261001117657,-1.2101213593398086,33.100218371137416,2,0.09620574166259455,Reduced,31.579265291570415,78.32990473257357,9.81091086527952,110.43905122109109,11.514874716617904,Moderate,6.963021489454138,Wet,11,Brown Swiss,Female,Lactating,166,Smallholder,Grazing,26.5798997201204,1,2,1.024019811938463,1,0,Unknown,23.31092501811419,4.597799164995671,0,118,Winter,1
38.99599074052853,0.37608906072380255,17.810517189822257,40.6770482089267,19.741464672470826,1.1317059033682728,29.247119428825876,1,0.7324501158673062,Normal,34.9088185148074,88.39304708032887,29.00146750485272,126.98034729820246,6.760568902183174,Clean,5.232780201335985,Wet,2,Local,Male,Pregnant,86,Smallholder,Grazing,59.041419481171395,1,2,1.6832741487071115,1,0,Negative,19.815713426723352,7.4192598767202815,0,199,Monsoon,0
38.81090167421693,0.4804164274289295,11.671292946615491,57.727147339712644,23.896407218379707,1.897725989603982,27.72973312926908,4,0.11432999466283533,Normal,35.50506205268362,86.46576297737337,14.980720439936325,61.54020696235691,10.635995219214534,Clean,3.1880330321753636,Semi-wet,11,Holstein,Female,Dry,491,Smallholder,Confined,78.46203915962508,1,3,2.1206025291952795,1,0,Negative,18.401736874074867,7.843557667807644,0,141,Winter,1
38.184985331891276,0.49802661900764067,14.238404334062587,33.305193707969835,25.503298133704007,0.9717630044313987,24.0597376013412,2,0.2735715735552742,Normal,33.899007765939565,64.06468014896535,13.606456933800521,61.67696907120129,2.587647743252809,Poor,2.7123548785956455,Dry,1,Holstein,Male,Dry,170,Commercial,Confined,25.734163704079414,1,7,2.7278741566753664,1,1,Unknown,2.3951055581235896,3.0758085596042544,1,181,Summer,1
39.120185927645394,0.2549709421791688,15.756956372080559,37.79029891530104,29.704628171073384,-0.523082433290115,19.866748833015244,0,0.5708408353221244,Reduced,23.6497015706733,77.7354489321783,27.92936115287706,86.61279966695881,11.53030418463236,Clean,7.955545249417155,Wet,10,Holstein,Male,Pregnant,23,Smallholder,Mixed,74.30612577708978,1,3,1.1431909341156334,0,0,Negative,17.23836831195322,1.2272901785169865,0,167,Summer,1
38.35461730425734,0.49565935954141854,9.855117988576254,72.79963624223555,12.95664507769637,0.011671745058389416,24.114083461731727,1,0.5927796939767489,Normal,36.09313886017784,73.45956944038196,33.02418314249434,77.38811735497168,3.8753114702605087,Clean,3.9089915961752384,Dry,11,Local,Female,Pregnant,37,Commercial,Grazing,67.20191432585503,0,6,0.9433979986818062,0,1,Negative,8.72235857818647,5.7763616525899675,1,115,Monsoon,1
38.77320588878722,0.57139081579138,18.189973873006572,34.6200864501077,18.65969261285702,-2.4874774102160897,26.019958788250683,4,0.7752113172341712,Reduced,23.305617518221936,80.57226050462458,32.448838460322705,69.83141588936897,11.799350347312842,Clean,8.779602502133788,Semi-wet,8,Brown Swiss,Male,Pregnant,31,Commercial,Confined,52.55834628056628,0,1,5.939760495098449,1,1,Negative,22.38799656899188,7.423405274987417,1,316,Summer,1
40.23605072296128,0.7781902017910438,17.003712621387837,31.462453252902414,24.572567553284582,-0.40066905878185954,13.78585413051249,6,0.6153114072274393,Normal,18.744347631844562,79.3844201125496,9.123272775715357,69.86941736113452,3.755768652585484,Clean,7.944217950574723,Dry,3,Local,Male,Pregnant,275,Smallholder,Confined,32.54420970460341,1,5,5.479188148153342,0,0,Positive,15.07055284832544,1.7365844661625138,0,106,Summer,1
38.642364060165214,0.7253835877772865,11.308424394753704,52.34476745001218,26.62278157412336,-1.4906577021002496,26.815869067992015,1,0.5936147043805607,Normal,27.561807678719273,47.66159850166134,20.09474460407899,63.06690324248358,6.443659477949742,Clean,2.3956254747388934,Dry,7,Brown Swiss,Female,Lactating,54,Smallholder,Grazing,87.27744596449202,1,1,3.1417093595695462,0,0,Negative,9.525029576013182,7.890391067797937,1,4,Monsoon,0
39.38956399577141,0.7670125241833234,19.616851461109327,24.22880146226126,35.160697301730316,0.8414895717239483,33.546144208156036,3,0.9123530869891383,Normal,34.38108259014867,51.686776590427314,7.786108511845202,111.08540130819524,5.086144915725445,Clean,3.6096889365098814,Dry,8,Holstein,Female,Dry,430,Smallholder,Grazing,40.27960717120263,1,1,4.593301881043544,0,1,Negative,8.796497168351252,1.9690236882726724,0,245,Winter,1
38.278094144924474,0.2066909455014857,20.86349097876384,42.64726090027561,27.734223826683202,3.6591285838667105,31.403307432603235,2,0.4521607522091572,Reduced,30.318123591606152,53.28657885887837,33.829278767191994,118.8125603584087,6.332314210950441,Clean,4.335941252476306,Wet,11,Jersey,Male,Dry,62,Smallholder,Mixed,37.46630682242264,1,6,4.04402265352925,1,1,Positive,13.761121851387458,1.1470669798153195,1,348,Winter,1
38.679006905701826,0.3741339196644289,18.908137915459555,66.45824925076488,21.659268424682338,0.549732453960714,25.022764745550955,0,0.22526577869505504,Poor,26.63144742934937,80.92492796085052,11.456836576305182,120.29362268790446,4.505247399255255,Clean,6.755857990608321,Semi-wet,6,Holstein,Female,Dry,97,Commercial,Grazing,64.13708514377689,0,3,0.4506859609207925,1,0,Negative,12.304452652130893,4.217734843001534,1,277,Monsoon,0
39.76248038138131,0.7293474307198853,16.703727299164118,29.550640778465997,16.65738548234403,-3.1867102234319997,28.281617790491367,4,0.16178858502363025,Normal,28.456815579918857,80.53708519645944,10.922887242973243,103.23539761386061,11.653174124276418,Clean,8.478616002521111,Semi-wet,6,Brown Swiss,Female,Lactating,370,Commercial,Mixed,92.03316576991686,1,4,3.107384642690513,0,0,Positive,9.9901258661786,6.541794580943398,0,140,Monsoon,1
38.32381976532734,0.5871914945437977,20.365768607007418,25.180355142612868,18.614260883685883,-0.7418452893715595,24.663012583468003,3,0.3999945968094998,Normal,29.660660039179973,64.7667673469721,31.666570190194385,145.29062696655666,5.0572498407309165,Moderate,2.482666041267385,Semi-wet,11,Local,Male,Pregnant,342,Commercial,Mixed,50.80179187207041,0,7,1.1035164873110774,1,0,Negative,5.79443505722799,3.1578138009167325,0,77,Winter,0
39.78746913479816,0.20425078053467677,20.720881441906766,30.008187980423017,18.44378306225736,-0.016263611938318018,28.892564400014177,0,0.7127527551936957,Normal,27.73783647277447,69.04161296259606,34.035516653658945,138.05327775900656,8.53274912064223,Moderate,3.9968716150384873,Wet,3,Holstein,Male,Dry,472,Commercial,Grazing,72.26906635544304,1,3,3.504349886919642,1,1,Positive,19.318863770559428,2.988808166153243,1,50,Summer,1
39.124651161273285,0.843595713945458,19.229614278878753,53.98359568346986,25.931401771082562,-0.06896386210960445,37.24064694246419,0,0.0425434849299009,Normal,25.523213236559027,81.34610764842,25.9289677788577,145.763114266628,3.374474895987885,Clean,5.009678099037767,Dry,9,Holstein,Male,Dry,339,Smallholder,Grazing,45.688302489600844,0,2,0.3707488611841532,1,0,Negative,10.968451249888583,1.9783348736570736,1,141,Winter,1
38.36251993446344,0.81824765863227,14.701550998260956,56.247767199858124,23.541984673514982,-1.2962196884131296,33.81099281574926,2,0.12905338650940612,Normal,23.296276905554777,55.62968003388716,8.630151010976746,88.87954781271779,10.243874848498837,Poor,3.4670172367053302,Semi-wet,3,Brown Swiss,Female,Lactating,368,Commercial,Confined,21.880765100683753,1,3,0.9774525198391699,0,1,Unknown,3.274602880575535,7.895594009450612,1,180,Summer,1
39.07944464343331,0.6387353303948502,19.106403062044723,39.87411203021491,14.058102574946926,0.1679376139554029,31.124765834156516,3,0.10611346010363942,Normal,27.561609343180557,42.508938845818165,19.575668316220217,137.77831599550245,7.4250794350951335,Moderate,6.362336780050793,Semi-wet,5,Brown Swiss,Male,Pregnant,378,Smallholder,Grazing,12.395232625838204,0,6,4.690307102601823,0,1,Negative,2.964283565002144,3.063990203524081,1,348,Summer,1
39.283532669776044,0.25317066062101773,22.781922603301915,51.83212404001069,19.384591185457403,-2.063751255379081,25.04269052569769,2,0.5852501530514588,Poor,26.387247845405184,64.12982191395835,29.498152821848112,126.28746994068838,11.794461245313158,Moderate,5.8240198348664824,Wet,6,Jersey,Female,Pregnant,71,Commercial,Grazing,13.632643649937915,1,4,5.059484383413336,0,0,Negative,6.476676253137948,5.498529764291344,1,208,Monsoon,1
39.07308597733032,0.8132120396260678,15.61348376555308,58.9025532751199,27.265285320708525,-1.6173630840276003,32.499630357669034,2,0.24286465053126627,Normal,27.01803676853815,85.68585719243359,22.174315511247357,83.99729030340131,6.234022168334351,Clean,4.531965136409279,Dry,1,Holstein,Male,Pregnant,36,Commercial,Mixed,2.1325715860515793,0,1,5.444763645234359,1,0,Negative,13.701278248371693,1.492857754920815,0,117,Summer,1
37.75786516806573,0.6669708701850912,26.391757356529723,62.873464144298254,24.109974129844353,0.7686964624055672,17.87873829176168,1,0.1662594283013965,Normal,32.22997228479508,79.52341304800365,8.97784564185004,60.65932585042193,3.954478749766604,Moderate,6.135095095362854,Wet,11,Holstein,Male,Dry,230,Commercial,Grazing,55.290227708811024,1,4,5.380359283555977,1,0,Negative,4.403500608351935,3.8731755476505083,1,149,Monsoon,0
38.26371769450508,0.8255679817263675,15.897476264058461,42.53664718820152,25.411867696076623,-1.7234948463197388,26.485879108054657,3,0.5927707197430223,Normal,25.761811225878404,58.33086515542429,10.156632485096836,118.26212498968077,5.460189994409836,Poor,4.846572514808911,Dry,9,Holstein,Male,Lactating,246,Commercial,Confined,13.110597937400447,1,6,5.442173689420779,1,1,Negative,5.945391865760944,6.468686961127234,0,183,Summer,1
38.5514888186691,0.8013975939166724,18.129628053360545,21.985282823300132,24.297530260343578,0.6073174082383859,31.5022685189437,3,0.7613099154523792,Normal,25.959344587277478,43.238568024141834,30.92425027504415,63.64523241218804,9.369656060934943,Clean,4.745552539738326,Dry,7,Jersey,Male,Dry,52,Smallholder,Confined,86.56983409410942,0,6,0.568253936300394,1,1,Negative,12.539174002645694,7.7775629338171814,0,10,Winter,1
38.655339942539975,0.8424016575662698,15.310057615974655,36.79121077590313,31.758584407653156,-2.2541956619840873,32.442527284286506,1,0.3321549164526644,Normal,27.949554497195738,71.8459752691255,20.810874910624502,79.37758070011121,8.59106520995876,Moderate,4.12316420285594,Dry,11,Jersey,Female,Lactating,347,Smallholder,Grazing,98.2897524668012,0,3,3.95693187108576,1,1,Negative,6.00848903736193,1.8300170081793259,0,119,Summer,1
39.07240325853041,0.6144064531236999,18.89308334368104,40.73195805064742,23.41625838294622,2.447238825687604,32.019306941294445,1,0.5782046056765962,Reduced,40.12929197658999,81.724539793526,26.17510321300137,100.03645764437873,9.783474076177251,Moderate,6.323503474515106,Dry,1,Holstein,Male,Lactating,455,Commercial,Grazing,49.58687267810753,1,5,4.206322515622949,1,1,Negative,20.735479984172553,1.2098764875574914,0,92,Winter,1
38.80662060055995,0.312259614554812,11.0311132294589,42.41061203421609,19.68386321277581,-1.361404883606082,29.768984135258165,2,0.09812441319946019,Normal,21.540518089789053,73.24742832273193,16.191875786991943,117.9882535148473,2.734702922042091,Clean,5.552923155618615,Semi-wet,6,Brown Swiss,Female,Dry,438,Smallholder,Mixed,44.967394595013275,1,6,1.609170212096574,1,1,Negative,14.570196853450776,7.906275722923466,0,157,Monsoon,1
37.898793384773946,0.736925978703751,15.815832804733116,43.1214059899128,16.505469753198636,-0.5354998577051662,26.8256501254967,3,0.93519103045757,Poor,32.459380031237494,61.253733238150986,20.974567487565245,142.6227657197305,7.803687753447865,Clean,3.57059827301779,Semi-wet,7,Local,Female,Lactating,423,Commercial,Grazing,34.80724754071729,0,2,5.957584531485404,1,0,Unknown,2.974009857783076,4.656371030070698,1,111,Monsoon,0
38.92811871060358,0.6963790280415765,13.631515198605731,56.188945979306695,23.497656749258272,0.29591989163560883,31.227855818958933,2,0.33689618531477283,Normal,25.50503325913621,46.167680658953564,34.313094211630755,109.32400448489966,11.321686770363048,Clean,2.1037300871855935,Dry,5,Holstein,Female,Lactating,356,Commercial,Mixed,63.802694550935314,0,6,1.7149712440601976,0,0,Negative,4.217373126400181,3.0906566787867265,1,30,Summer,0
39.0663514471703,0.7938025497592698,18.541353391569164,57.744284266875816,7.355775911349497,-1.0480249287516414,22.282833756482198,2,0.9975056931735012,Normal,26.695059067893197,85.53871220686774,14.891091109044142,117.14130996720948,3.0790191948157735,Clean,3.2074363249033553,Semi-wet,5,Holstein,Male,Lactating,320,Commercial,Grazing,60.80270920147171,0,4,3.449327452193054,0,0,Unknown,5.489002961563565,7.702088066076409,1,168,Winter,1
39.035874268758626,0.33590480484058827,21.97778950203563,43.28326346075217,20.894265989003728,0.015108941606956638,22.9319364202405,1,0.9785877558497821,Normal,20.43917935072302,53.797916287669146,25.243655825248233,81.00138501509781,2.943352589129789,Clean,2.342676811988314,Wet,7,Holstein,Female,Pregnant,96,Smallholder,Mixed,34.338212092725406,1,6,5.2341325340003175,1,0,Negative,15.487569773823724,3.426418244704311,1,177,Summer,1
39.34846843533278,0.3559801599202314,20.584024748458205,55.98484876051819,20.764960840471936,0.6630350867801884,28.37040805876178,4,0.7788234493358115,Reduced,36.4023142507409,51.21435182464796,10.175166715856893,118.72926164285388,9.166043645195138,Moderate,5.452790669107457,Wet,3,Brown Swiss,Female,Pregnant,87,Commercial,Confined,34.31666517365032,0,7,1.7351166838619054,1,0,Negative,3.4299592428161594,2.240028764987267,0,131,Monsoon,1
39.200353292729346,0.9123276137754628,8.51336255656443,48.57661366631089,13.813174878296314,1.240919848755228,29.039185856252484,1,0.020067095406966717,Normal,28.112679205697447,80.79883328048271,8.652196557809999,93.77901207300745,5.151824558442019,Moderate,3.8007748312988667,Semi-wet,3,Jersey,Male,Pregnant,69,Smallholder,Grazing,64.48038333165997,1,7,3.6390319173932504,1,1,Negative,1.9956634807335387,6.526277042683479,0,1,Winter,1
38.97550804753706,0.7999822387616566,26.16827861171152,45.64505972862572,16.430404968064025,0.9872461539594359,17.04630892861212,0,0.5434749203843633,Normal,30.29413622396601,89.06099693619285,28.50920333777089,135.69311828837738,8.58579210360907,Poor,5.3636426601977965,Wet,1,Local,Male,Pregnant,461,Commercial,Grazing,55.45461822303766,0,3,4.320088043918583,1,0,Negative,17.7545888123195,2.854733659264727,0,288,Monsoon,0
38.65790057312481,0.9265827909602584,19.181119762483473,54.06544157109964,26.85794518088945,-0.457715695704011,30.73087828569711,3,0.0868364204400115,Normal,19.50587543052319,73.00801293723802,30.32324629961497,89.24505139014744,7.453845130503599,Moderate,4.635598986960071,Semi-wet,8,Local,Male,Dry,177,Smallholder,Mixed,71.85554277383682,0,1,3.7602637669000947,1,1,Negative,11.996913506266486,2.914833569888564,1,295,Monsoon,1
37.70342343989041,0.8069722569311366,14.894003438028,45.72252048237916,23.384270494449776,-0.41994766106540343,32.63637026751636,0,0.8951380259615161,Poor,23.788657543445687,71.24052445122753,25.049350860482463,96.82720216565569,11.860666583399055,Clean,6.304118485492534,Dry,2,Jersey,Male,Dry,217,Commercial,Mixed,94.13923495041605,1,3,2.435789469613819,0,1,Negative,20.52224162478871,3.837422935804795,1,85,Summer,1
38.95777093147955,0.6777242447922416,18.628511675963765,65.57811177097761,22.610730002243965,3.3236628370375487,27.536288575202228,2,0.7896362526474029,Normal,29.062381695740775,55.97154346105313,9.745875126334251,93.25877569102579,10.89056416954874,Clean,7.790934630308807,Dry,3,Holstein,Female,Dry,277,Commercial,Grazing,77.95915609996673,1,6,5.668529300361712,0,1,Negative,19.235729719499915,5.697192491158866,0,130,Summer,1
38.82461261229787,0.723306189622299,18.70475929001077,30.61588833205441,23.838085203592136,1.2248336023739381,42.246797699703954,3,0.972340376595683,Normal,26.195111465676142,41.02067253425647,12.217638969276159,131.1122834307385,8.780727815617116,Poor,5.834511505070851,Dry,7,Holstein,Male,Pregnant,482,Smallholder,Mixed,30.434570803370775,0,6,3.6738597579804004,0,1,Negative,7.290677221412476,6.813226911941301,0,202,Summer,1
38.862947302317224,0.9113023391520081,15.332605132193745,39.84829100907982,22.55576552769354,-1.5827354844803205,23.902389362108885,3,0.6083829531497954,Normal,29.23339468234947,49.58989329113548,32.33527124285335,145.36991970119053,4.616746261031505,Clean,2.495744487513047,Semi-wet,10,Local,Male,Dry,396,Commercial,Grazing,75.91224338506773,1,1,1.3461614840412572,1,1,Negative,5.421963260089557,2.196290366211508,1,159,Summer,1
37.93395085450782,0.6630454036095524,18.7916666693683,43.7348110304605,29.457175377149888,-0.05001775435167233,25.83347701967878,3,0.522172804484338,Normal,37.51425010570344,69.2215218278286,13.66112146399269,82.7276300983274,4.619081621504695,Moderate,2.1400838513192637,Wet,10,Local,Male,Pregnant,53,Commercial,Confined,45.002452731221254,1,5,4.836775475156209,1,0,Negative,12.875119016460769,3.218656945391732,0,146,Monsoon,0
38.05136607575505,0.7059130594627099,15.570110849518771,49.394526904579905,22.740575090221892,-0.7027147081672889,25.629598563236744,1,0.5189738559443876,Normal,29.523066011598317,47.565823090802276,29.565815485913525,97.50279007620767,10.82243800568946,Clean,3.705849330220313,Wet,11,Holstein,Male,Pregnant,455,Commercial,Mixed,77.7656390687693,1,2,3.935270205306855,1,1,Negative,2.842394953218534,4.22126484647533,0,135,Monsoon,1
39.331891711999745,0.3251813728028805,16.38255202923991,57.67960487103089,13.250721317087498,-0.40300135088466454,27.542874332253895,2,0.3864483744543449,Normal,24.75627451565036,84.19179034656636,13.578118667312047,120.59262666932356,7.853410652753929,Clean,5.39974008976683,Dry,8,Brown Swiss,Male,Lactating,231,Commercial,Grazing,88.65712705504752,0,4,0.6570912104064066,1,0,Unknown,15.555820356786766,0.6920806291579674,1,261,Winter,1
38.676266907686006,0.5791369760928822,15.254883456979663,44.75601432763843,31.780779789246463,-2.044242736562132,26.027651122202254,2,0.46869006722914097,Reduced,23.743195841535208,49.407234392644256,33.18387707970304,139.53816220347312,9.892817820521023,Clean,2.3592402290181385,Semi-wet,9,Holstein,Female,Lactating,291,Commercial,Confined,24.993934912990223,1,3,1.668852682837322,1,0,Unknown,1.2801264798938532,5.728291716582185,0,46,Summer,0
39.10890041842358,0.7731176895664793,12.269314841041389,30.77770350493793,24.222041603973075,-0.8178848515789297,19.559136732370767,0,0.6354125831353503,Normal,23.173270160066025,66.10522265059508,32.43358738511009,99.37006968460207,6.498642065368301,Clean,4.621870438719112,Semi-wet,8,Brown Swiss,Female,Pregnant,399,Smallholder,Grazing,23.864501152995654,1,3,0.9488279059837259,0,0,Negative,19.471420050847318,4.744757524052432,0,184,Winter,1
38.71699102567828,0.41675415865309234,18.583345880861536,53.425138964550044,18.464477615229594,2.5173336597908698,24.720710222581147,0,0.9329476075562771,Reduced,24.86179898408207,65.60066228843975,6.297895208863639,60.889350822672725,3.030736366515266,Moderate,9.096205663161218,Wet,7,Holstein,Male,Lactating,446,Smallholder,Grazing,43.26249082741454,0,4,0.4360382317671101,1,0,Positive,21.48603607155616,1.5017031133594227,0,3,Summer,1
38.71785368369745,0.36180334441962797,20.34119774606535,52.54958766141964,14.479589690229888,0.6686144513132546,27.414275825355542,2,0.595884338256031,Reduced,25.072595700849128,70.19728150648253,28.112419606022257,86.86713835013217,5.326864582396261,Moderate,2.720152174817355,Dry,10,Local,Male,Lactating,83,Smallholder,Confined,5.1533873648016755,0,6,1.3811985146513464,0,1,Unknown,23.91260907622219,1.4774595146391751,0,141,Winter,1
39.2629702835856,0.45106144657953245,20.05953438430549,25.58141340620594,24.375485325748272,-3.9367421122271904,35.37143249237199,2,0.8571159423173672,Normal,27.594575331872804,56.371703485901946,10.083852807032212,105.03618854401131,3.6114919428836316,Clean,9.588132078156589,Semi-wet,1,Holstein,Female,Lactating,496,Commercial,Mixed,68.56859392769067,1,1,1.668829839310849,1,0,Negative,8.914468169103266,7.213866321264235,0,67,Winter,1
38.390373163069576,0.3932005023942668,21.279701010540936,44.96195866329201,21.296967970153748,1.6250852387469203,41.21345964023748,3,0.8627799113025006,Normal,29.641617282605317,83.67671005326577,11.458148777191445,91.75246059660326,9.818328164255023,Moderate,8.853374204072956,Wet,1,Holstein,Male,Lactating,174,Smallholder,Confined,74.9701079573361,0,2,2.799150996448652,0,0,Positive,13.924304232849451,5.624835977700969,0,72,Summer,1
38.75767246616459,0.3719301096291167,19.297360840059472,29.09858169319702,31.444880716194454,1.434444284363742,36.01284338710393,3,0.5188326758482592,Reduced,29.177269789013916,62.21507679875348,18.795356369944273,68.655572678807,9.005119896570902,Clean,8.65424924810831,Wet,11,Jersey,Female,Dry,340,Commercial,Grazing,34.5430005301891,1,5,5.81557800614618,0,0,Negative,20.848110412978002,3.41045459314088,0,178,Summer,0
38.42263482677698,0.5398806742944695,15.869098007132386,38.353489024979375,19.924556315999034,-0.7389279564596247,23.34772582196436,1,0.3474696414976216,Reduced,27.660558665540627,75.00767893682871,22.2895444924835,53.69894953432175,2.8841292238804064,Clean,8.909268087010329,Dry,8,Holstein,Female,Lactating,288,Commercial,Confined,46.52852530967259,1,7,5.659612700880928,1,1,Negative,11.62919710149496,3.035609913316404,1,115,Monsoon,1
38.43930226354061,0.9262708111068274,21.358655457724755,35.971910730372,16.9757152619052,0.8758953156748228,23.825142336243005,2,0.639573873332081,Reduced,28.00582794155758,71.79554304833516,14.77399156911476,118.74086660798949,8.21385398761877,Poor,2.6404021220238647,Dry,7,Holstein,Female,Pregnant,59,Smallholder,Grazing,59.03565871252287,0,4,4.522099133869469,0,1,Positive,8.572950267377422,2.8763993169824933,1,99,Monsoon,1
38.51449672591882,0.6056477173909747,12.569929840632259,53.09264698241986,27.37477730941557,-1.489098816225801,27.044028534943894,1,0.44587734191484274,Reduced,39.67836820639235,45.857804155985164,22.261500966626276,149.27371907771425,10.741355069947955,Clean,3.2093447518295743,Semi-wet,2,Holstein,Female,Lactating,179,Commercial,Confined,7.359784601550046,0,7,3.879068621135533,1,0,Negative,2.1229780634237345,5.409947339322162,1,76,Summer,0
38.83328026298023,0.35033630465225846,14.397314469950079,46.16830174172184,27.55169135630099,-0.905383574399536,38.70735333312152,1,0.0814408673219329,Normal,23.387843500286607,71.13196763513056,10.119751140234097,141.9206633896617,8.973642953999665,Moderate,3.0749794124886574,Wet,9,Local,Male,Lactating,342,Smallholder,Mixed,71.12975338654591,1,2,5.683636015432059,0,0,Negative,10.063688542829842,1.8406131889219166,1,280,Summer,0
38.412750827001915,0.2615773355046993,14.143199714307022,32.144089992439724,23.01190820566117,2.04781954100478,27.00745568690864,0,0.37780910043243365,Reduced,26.815734562511945,67.5351338990548,5.670129631431112,118.32709108608135,7.111119129844214,Moderate,2.8899344860110077,Dry,10,Holstein,Male,Dry,33,Smallholder,Confined,52.6701670749045,1,3,0.8546832161525246,0,1,Negative,2.814500594490517,7.905761995337382,1,358,Summer,1
39.453453675344115,0.7569249161103402,22.32022423655724,53.800659629573424,26.05814228604945,-0.6075950598045625,20.034955056775416,3,0.9940721380493249,Normal,18.073621151086797,84.9302031627953,22.136731650852894,134.15298085164292,5.118632849388873,Clean,4.621689756257834,Wet,7,Brown Swiss,Male,Dry,395,Commercial,Confined,62.42622822227224,0,2,1.9819831701370796,1,0,Negative,9.348909191667518,5.652915280541508,1,275,Summer,1
38.1632356186683,0.5062390115491102,21.771154056560302,30.661941760715855,21.77387727554657,-3.004597492932487,24.99293717828179,2,0.04851187002628721,Normal,25.085432072155186,84.04383182424516,20.522457798869567,75.57276184671932,10.870967495858956,Clean,8.64173506360422,Dry,9,Brown Swiss,Male,Dry,139,Smallholder,Mixed,72.38305808508831,0,6,3.319963193902014,0,1,Unknown,8.889736146538723,1.4534005957329772,0,247,Winter,1
38.58787701350319,0.8574647572682874,19.949220948179978,48.301137904709435,23.40319060605548,-0.29495483417200513,32.5423360109165,2,0.6966669119009267,Normal,22.50599564638368,47.54773937058232,25.68961892227775,112.24344360784464,6.228048821410199,Clean,4.015697149049834,Semi-wet,11,Holstein,Male,Lactating,333,Smallholder,Grazing,67.55587407731556,0,5,4.88360501310796,0,1,Negative,15.885157285533346,1.5352261353637604,1,100,Winter,1
38.436161365035495,0.7276086149126162,22.28771946084719,36.85989330708444,28.98994529538354,-0.31788258937153524,32.13964166137652,0,0.8411887050712471,Reduced,23.350720090308144,44.08425727933039,24.494661859034736,56.060421539896545,10.553935802337854,Clean,3.95377343193808,Semi-wet,1,Local,Female,Pregnant,367,Commercial,Confined,9.53215886856319,1,2,3.7427198108827664,0,1,Negative,9.419763434931653,5.3621996429797,0,82,Winter,1
39.56818673061224,0.8369931604330949,14.482868870352048,41.3432291746948,25.75191000412902,1.5975528540601893,26.798700001050065,3,0.6487259034753787,Normal,21.07117825755285,54.72961096054344,31.924591407018664,120.71839273124577,9.829998382181971,Moderate,7.407110059364906,Dry,11,Brown Swiss,Female,Dry,65,Smallholder,Grazing,78.25920761157946,0,6,4.85321512776458,0,1,Negative,9.835925238622186,3.3738070953053394,1,296,Winter,1
38.81793286590695,0.41755683153475903,19.39438047944392,50.04270748038384,20.98435337000425,-0.17849536673635996,32.10048804136018,2,0.56974823116329,Reduced,20.239393397118224,89.33064283421544,18.784058604846376,146.98723390242685,10.162269652808597,Clean,2.775400817093737,Dry,3,Holstein,Male,Lactating,365,Smallholder,Confined,61.00465818337363,1,3,0.9184503181167973,1,0,Negative,7.586065276777743,5.449683019041122,0,248,Monsoon,0
39.31910672368118,0.7538871379688465,17.499302286467344,50.21449399059529,30.114175275556903,-0.832373467160439,14.360966784719007,3,0.7075544169787575,Reduced,27.61154595493963,41.07868882031584,5.251084240788261,136.0797307217859,11.897975201616463,Clean,4.882239938895392,Semi-wet,10,Holstein,Female,Lactating,488,Commercial,Mixed,71.48808420070503,1,5,1.1564090843827213,1,1,Negative,14.983573071105438,5.918876607518809,0,127,Summer,1
37.808663776177816,0.41124958775497505,21.387528415539656,58.3696907355596,7.810867763250926,1.367584217846809,28.622975410196187,2,0.42934273729965566,Poor,30.551665433377387,73.64461197864384,23.919580447905624,103.44408747716373,9.487585158729644,Moderate,4.363410454753768,Wet,2,Brown Swiss,Female,Lactating,401,Smallholder,Confined,26.150172501208836,0,5,4.443391365675306,0,0,Negative,9.9550530723678,4.534400428373683,1,256,Winter,0
38.86023015952156,0.9512547835602334,17.53910306979121,44.17746300328547,34.31243986853161,-0.01881465124833459,33.16411252821178,5,0.09136173730887676,Reduced,23.142346494226704,70.42568669204886,25.253972888096552,128.87402193127767,2.340409357186484,Moderate,8.77840691303537,Dry,6,Local,Female,Dry,129,Commercial,Grazing,22.142721918425757,0,5,2.0898933134579494,1,0,Negative,22.817524621844438,2.424152950810747,1,290,Winter,1
39.23377847737407,0.7090994252266996,16.460228446359675,48.06450862963341,11.764245430655588,-1.3250340223485755,23.00282034907279,3,0.9623717543033817,Normal,16.861160384175065,72.32891402289084,20.64484968187909,144.38988099481645,4.054339349807449,Moderate,6.1160102210036795,Semi-wet,10,Local,Female,Lactating,390,Commercial,Grazing,82.60922778607862,1,3,2.616566352689383,1,0,Positive,21.515342906061026,4.633708397647435,0,217,Summer,1
38.74937039356526,0.4596094401402737,20.16363407424396,40.62262677595675,18.237443051366224,1.5324963408124266,22.98196878102227,0,0.4323007699841961,Poor,27.555432088484743,50.914294488537074,25.67914610723647,71.60175779392154,2.3519515032516454,Moderate,7.171788512975528,Semi-wet,4,Brown Swiss,Male,Dry,478,Smallholder,Mixed,39.03891849028602,0,1,4.749987220279813,1,1,Negative,6.4490901193042065,3.6639903864184262,0,124,Winter,1
39.33928822503921,0.4156094898338181,21.50467666876493,46.81989882622798,21.754494788829586,0.0904926467751988,16.801311083419147,3,0.6653892371680176,Reduced,29.34729414432521,51.33586728999249,14.707514397084582,129.3258512977378,3.899135699416906,Moderate,3.0322747056498818,Semi-wet,2,Holstein,Male,Lactating,238,Commercial,Grazing,57.534672240507824,1,3,0.4202173220477472,1,1,Negative,10.29136205599781,7.1775279512195,1,7,Winter,1
38.38962692993978,0.3527412680573148,15.326619220612793,49.394860480085114,21.12111597563103,-0.19561104998084347,37.539373568864164,2,0.5313104368892952,Reduced,30.36865244137759,61.53210410869123,9.464249095732375,76.98469579688535,2.6143951068611333,Moderate,9.43134608444728,Wet,2,Local,Female,Pregnant,462,Commercial,Mixed,55.15954723662168,0,1,1.0078769674897532,1,0,Unknown,15.595398948323062,6.05158493305089,1,75,Monsoon,0
39.54560846411135,0.7557127671149824,17.755697314590495,44.01690152545624,28.03846624015933,0.06686258711748161,23.6790761378706,4,0.054673071977554555,Poor,21.893659662081024,44.792890353347815,24.9366099186922,137.69474219396665,7.01617041186253,Clean,4.579617233000837,Semi-wet,6,Jersey,Female,Pregnant,140,Smallholder,Mixed,58.51668224530189,1,6,1.7748648776455143,0,1,Negative,1.375167499469172,5.142381016445558,0,38,Winter,1
40.079338874171555,0.37497249039834185,13.766237465433388,26.962495159075036,15.652980288338593,-1.8060025571248954,29.44625966717267,2,0.9527466009925385,Normal,23.970430141878094,43.73066045094701,12.35559287646586,59.83545056901455,2.282062131330778,Moderate,7.654710702745292,Semi-wet,9,Holstein,Male,Lactating,468,Commercial,Grazing,6.950642746649416,1,1,5.300960818097395,1,1,Negative,6.23047349135312,0.7979219358356294,1,227,Summer,1
38.48229686373621,0.6762426127419913,8.007755930028242,48.31470896330895,23.56460090489838,-0.991480664267506,31.623502248900248,4,0.7925372261143233,Normal,21.450635107555904,44.41797267430486,18.689477278526144,67.82184188698415,6.725790996152595,Clean,9.637009439324348,Semi-wet,6,Local,Male,Dry,308,Commercial,Grazing,30.247364561658564,1,7,2.429285240648764,0,0,Negative,7.555685334955983,7.926272099757602,1,301,Winter,1
38.43269848715954,0.4117080215402859,18.801838525654915,48.64561477355457,18.530727410681475,-0.19462609725082508,37.07240769484872,4,0.14909789446939492,Normal,23.303645646882615,68.64895856531288,19.748681918349458,122.06164634718017,10.98840907120012,Poor,6.06919089292802,Semi-wet,4,Holstein,Male,Lactating,65,Smallholder,Mixed,6.648053948641763,1,3,1.5126530960109978,0,0,Negative,10.255130209274025,4.7470355045476085,0,148,Monsoon,1
39.57203068627062,0.7295751558350949,20.435621425018528,38.19826523652049,23.7708458760245,-0.49199554253701994,27.076613356086188,2,0.9816488762882668,Reduced,23.051152733923416,59.88709284489469,19.31598651405165,67.4777503863249,9.485760125748094,Clean,6.060282069870844,Dry,9,Jersey,Male,Pregnant,357,Smallholder,Grazing,48.01609752686542,0,6,4.070564210567844,0,0,Negative,21.454182193173057,2.4423321498642063,0,223,Monsoon,1
39.64774328743843,0.8519517828324314,19.048267236346902,32.15612963927486,21.61136644121274,1.7086425742248932,24.76342123732949,2,0.7369013721717079,Normal,24.451082416644812,54.68083903286368,22.953474310398676,65.80543019030443,11.43955923651756,Poor,2.9379953884676153,Wet,2,Brown Swiss,Female,Lactating,400,Commercial,Mixed,90.20986804069891,1,2,0.18174081313079093,1,1,Unknown,3.215521787710931,4.936442442542043,1,217,Summer,1
38.38628398370804,0.8224201945157226,10.201753128982531,59.75879150503965,22.557613916097868,0.12610877909050516,29.03840589142332,3,0.47232165042830887,Reduced,25.742816237632532,55.790968982565275,5.883611267775766,105.5466877398872,4.266467737565204,Moderate,5.122204451385033,Dry,6,Jersey,Female,Dry,73,Commercial,Confined,38.9176183314279,1,3,4.650640587007141,1,1,Negative,2.5141605037350843,6.634219640489888,1,130,Monsoon,1
38.44788790974249,0.8086810647446254,16.596602279694103,49.91445510894402,18.700451005213928,1.0823558839546037,35.70448165925372,2,0.6113700565595732,Normal,27.57340579628255,50.364165292453684,34.69047484790264,133.49872377090708,7.310858164052937,Moderate,8.819719511052284,Semi-wet,7,Holstein,Female,Dry,341,Smallholder,Grazing,78.24497539306405,0,5,4.187356265113059,0,1,Unknown,16.28161980336708,4.539177624637568,1,37,Winter,1
38.5309292346837,0.3501779245538017,9.126608959795675,42.70918969078291,18.939616299423506,-0.18590696813622581,26.978964811595297,2,0.10673668201459752,Reduced,22.77238304207311,60.575266766096746,26.489314218157137,76.84674252746291,5.185794531658388,Clean,3.0808520567915867,Semi-wet,3,Brown Swiss,Male,Dry,407,Commercial,Grazing,28.724635893503013,1,2,0.3304996912234206,0,0,Negative,9.38336620827229,6.326666918032383,1,31,Summer,0
37.893329693379435,0.270707957587615,23.47880443061674,33.62967116852513,23.723635084164563,1.3844327256191846,22.270785510495543,3,0.560411510015611,Reduced,26.301315589131143,50.15290345999837,17.76163345396288,134.1138182705485,6.938197956920341,Clean,9.34003304448526,Dry,4,Jersey,Female,Dry,73,Smallholder,Mixed,85.62657720368057,0,4,2.9881730845599463,0,1,Negative,5.087573408633107,3.597783032947148,1,239,Winter,1
38.14880883210948,0.7591590627899085,13.655781671527656,36.781851715786544,27.662293034536265,0.3962916348597309,18.755453150107826,3,0.0736610720170594,Normal,22.46587334949039,74.90230211496663,10.73990090870733,130.79533965459746,7.570758295842885,Moderate,7.338475315093254,Dry,7,Local,Male,Pregnant,389,Commercial,Confined,41.95031088744642,1,6,2.424902493000884,0,1,Negative,17.14153389788687,4.9247208979062655,1,42,Summer,1
38.09751553994876,0.49467777103548105,23.021614437839585,58.02590396786232,18.410323994812913,-0.17986927191730984,20.67221569236865,2,0.5448552571193019,Reduced,18.22390012799523,46.19662563269681,7.4053196733006885,107.91054009593356,2.3618613047586514,Clean,5.367678680472308,Dry,9,Jersey,Female,Dry,23,Commercial,Confined,35.52174156508971,0,4,0.9488352729597518,0,1,Negative,6.587632378370466,3.6668768533291276,0,262,Monsoon,1
38.239321460937525,0.5458769811226778,21.783478574736584,46.37661940868046,16.78739473256254,-0.2199246334385293,33.18634898443999,2,0.5526956887627854,Reduced,29.703056019809765,87.41210422904231,25.165712618783658,114.65627536872701,4.332561352149831,Poor,6.371987348205258,Dry,5,Holstein,Female,Dry,420,Commercial,Grazing,69.74796045377958,0,4,0.9242685844259746,1,0,Positive,14.009714858666758,4.458473013172529,1,110,Monsoon,1
38.67918906756793,0.22491927423471286,14.397638589855752,39.49412932999294,25.680760994031022,-1.631657939436445,26.076253142159132,2,0.8744387851607439,Normal,23.685980141803583,44.49094700636411,14.50866844875675,54.04411866119082,9.047727792439975,Moderate,3.2039728618936074,Wet,11,Local,Male,Pregnant,259,Commercial,Mixed,51.275728225578256,1,5,0.9611892745200099,1,0,Negative,10.401399059141283,1.7563239926499228,0,137,Winter,0
38.840528839521916,0.4076611594200394,13.46886019492902,50.09689231224656,21.804976641653862,0.560373580204466,24.354874540475738,4,0.725057500272294,Normal,18.334541924220726,87.1730357139938,11.88435374749604,86.71355583037132,9.729280245402997,Moderate,3.7398663451018477,Wet,2,Jersey,Male,Dry,99,Commercial,Mixed,33.73200447351823,1,7,3.5979743067897045,0,1,Negative,9.307971051822317,4.989815495803754,1,202,Monsoon,1
39.63030029568845,0.22694112309957123,19.401480865545352,36.856018125536764,26.98298880391571,-0.26030710180456845,23.704196660896347,4,0.24955239221512004,Normal,29.802531150707846,81.66474857602033,16.398631613370004,76.33949311183525,7.694513674875033,Clean,4.291267416533382,Dry,8,Holstein,Female,Pregnant,220,Commercial,Grazing,5.809222947747661,0,6,1.0266399078649169,1,0,Positive,17.586258477532827,7.842133753954766,0,86,Winter,1
38.10098757555673,0.9033486180809982,14.622703851267715,60.00843030280379,16.565216719773115,-0.9529879402718069,28.51027516120109,3,0.8884261421878569,Reduced,25.74591116196646,74.03560603066902,22.787692634231302,65.00038607274723,4.708290279486767,Clean,5.078768945395316,Dry,9,Brown Swiss,Female,Dry,493,Smallholder,Confined,16.663932381659986,0,6,0.35757563972970896,0,0,Negative,15.108406133837534,6.2361239688563535,0,181,Monsoon,0
39.29059343908595,0.3947173465748244,18.409938568632832,58.528005348967255,11.323366447459415,1.4596926562181076,26.563269437406497,2,0.5732426648480058,Normal,29.264056966525352,85.61508277827417,25.151156500520035,88.96593291569815,6.0508411672274,Moderate,9.324175959943878,Wet,11,Jersey,Female,Dry,221,Commercial,Mixed,77.23237171265865,1,7,5.745461932952299,0,1,Negative,12.818364724534543,2.9003635596264576,1,83,Monsoon,1
38.571606693464695,0.6458697356584064,16.068689636772326,40.33425928797223,18.801975509041995,-2.075324038842202,26.361207137684485,4,0.6063794785740337,Normal,29.091822465886768,46.96093967586884,24.355102080635906,85.49041963474329,2.9603681188138458,Clean,4.940552199721256,Dry,11,Brown Swiss,Male,Dry,275,Commercial,Mixed,92.07317075620071,1,5,0.23503052925969903,1,0,Negative,3.9459495342373025,6.97895238263105,1,361,Winter,1
38.670321774208546,0.23118345652890435,10.875366342137466,38.713297529691395,17.401884344409904,-0.833743843148651,36.095943566864435,2,0.16898136922217832,Normal,21.528242484328082,48.815738709345766,30.897967504759208,122.8891678129727,11.531796167925917,Poor,6.190681923089768,Wet,2,Local,Male,Dry,218,Commercial,Grazing,16.88382847753279,1,1,3.983376289691617,1,0,Unknown,14.469733453643299,7.217937677559411,1,230,Monsoon,0
39.10489169529996,0.7334779130445266,9.078127923502164,18.8186680130772,21.5272695995182,1.3415781231693,37.2280976911698,2,0.857773595969114,Normal,31.652412254617627,52.60762960294079,11.562722932103458,109.80963404767533,10.686774712102881,Moderate,3.2962092913427377,Dry,10,Brown Swiss,Male,Lactating,92,Smallholder,Grazing,56.944122150820576,1,6,5.616197542119292,1,0,Positive,16.933295126252407,1.8260470958874429,0,272,Summer,1
38.02636678706262,0.4584218766032751,18.906736993978388,30.184192284486322,18.178928714377662,0.27328441138037984,18.33986996254602,6,0.930965115016544,Reduced,17.836468935217127,52.240576338294545,24.102384895914064,141.31000688020194,2.6560234690746336,Clean,7.887785608416565,Semi-wet,10,Holstein,Male,Lactating,458,Commercial,Confined,3.4173693939253513,0,7,0.22761199857411052,0,1,Unknown,19.740386475001316,0.8985039559360948,1,13,Monsoon,1
38.92944584771043,0.9183353495661326,15.753769014677498,31.60530225042244,26.446101708018695,-0.27178839147913597,29.965556386857745,1,0.7749906494949081,Reduced,25.014169130718788,55.542413546358006,8.033431285582822,64.54075830558389,3.664906656583305,Moderate,6.482246792533612,Dry,1,Local,Female,Dry,195,Smallholder,Confined,29.084345724977865,0,5,5.79439129211532,1,0,Unknown,7.886316725413991,4.793569560874139,0,18,Summer,0
38.799871324927835,0.9104945511472287,15.78764073234347,46.351903409873856,20.271098425464903,0.17650531472521985,23.338827408271648,0,0.9407524526450062,Normal,24.683086459761356,68.78154491365467,21.438040696975335,55.9748605323526,7.810944411887535,Moderate,5.5192596638669755,Dry,4,Jersey,Male,Dry,238,Commercial,Mixed,44.878795902045155,0,7,3.0140346467022203,1,0,Unknown,7.079156863769915,4.069121646929729,0,169,Summer,0
38.99547075840489,0.46023249468939825,20.783455356375143,41.7376629555864,22.902846992643404,0.06912125657326196,26.51049331683344,1,0.30229990412234586,Reduced,23.116939596792957,41.40863056525523,22.518752074690138,103.46077874911288,4.324300741292159,Moderate,9.577491724465549,Dry,1,Brown Swiss,Female,Dry,243,Smallholder,Grazing,73.58778672988096,0,6,4.710511303498936,0,1,Positive,18.221768751050433,5.860146551995985,0,50,Summer,1
38.8735011863447,0.9207687165523744,22.69376910652978,31.546645125847586,22.945807350645662,-2.474993819428882,29.855670310760168,1,0.8611191683627711,Reduced,33.13031016822475,59.113629751998786,11.487118968025209,50.102713861078506,11.344006980141282,Moderate,9.125206753134695,Semi-wet,1,Local,Male,Lactating,452,Commercial,Grazing,4.410785346981849,1,1,3.750731531949761,1,0,Negative,11.751434748747345,2.6979401633218294,0,106,Summer,0
40.17318008394654,0.9969261387990231,16.909821114552763,42.188359575354426,23.169730554473123,-0.7238928280219423,26.723680498414485,2,0.4888931428637425,Normal,28.50623946509277,52.319256394629825,16.750793899737104,128.77189431349655,9.555905808710746,Clean,7.276090178755978,Dry,5,Local,Female,Dry,426,Commercial,Grazing,78.12306510028161,0,4,3.7010818879739134,0,0,Negative,10.334673352634134,3.3515895069440362,1,108,Summer,1
38.31735600944921,0.8603325312991585,16.637605172360555,50.05337147647349,21.85522533727016,2.224782481770623,29.3827592837658,0,0.16391720294358492,Normal,19.95935841074724,70.3314924026361,29.815786687514073,100.59728886850095,4.732915129110828,Clean,9.374499249252217,Semi-wet,7,Jersey,Male,Pregnant,302,Commercial,Confined,20.264776430531906,1,3,4.732551145280426,0,0,Unknown,4.694279492354555,2.478892002788398,0,197,Monsoon,0
38.38140182699891,0.8758970782041833,20.000572132455535,50.27839349915587,25.06360414246188,-1.1889862021657513,32.037821236191505,5,0.6688005990334012,Poor,20.682757376260806,89.25846655257678,9.452271612588902,98.80655760578935,2.061014111904761,Moderate,6.5182543594645805,Dry,3,Jersey,Female,Lactating,300,Commercial,Confined,75.95317710449208,1,3,0.3926401367586094,0,0,Negative,10.985550159863362,2.691031122176408,0,219,Monsoon,1
38.326115684145144,0.39920698888727196,12.572257721201698,26.00329719141119,17.226069197045156,-0.6774515211565011,29.76746080324192,4,0.6841202707058789,Reduced,37.77113704052676,65.88273060916863,18.035185928475208,86.24959787241744,9.994473912029747,Clean,8.615497213722135,Dry,7,Jersey,Male,Lactating,112,Commercial,Mixed,62.54708117859798,1,6,2.3543392749104437,1,1,Negative,17.700925130843643,0.5696551568497896,1,128,Winter,1
38.36671372850385,0.661361919086205,18.892612218990788,43.71736519516169,30.3965075599233,-1.0124311449637813,24.118982174994258,3,0.28692451375669015,Reduced,24.615665986382652,61.28426195592169,32.98199213634356,87.49738361487626,6.240897096010656,Moderate,5.27568131348149,Semi-wet,5,Jersey,Female,Lactating,171,Commercial,Grazing,33.95758369243023,1,5,5.817408571121595,0,0,Negative,11.36270940502359,4.330666373397786,0,194,Winter,0
38.317567723616094,0.2538047311738943,20.207543887288615,31.166592230283896,20.580775699788788,-0.33052283497720614,24.224802358178056,2,0.02749333162757006,Normal,23.01975574982883,58.412177257255806,20.123267830988027,93.11336782506558,8.423777118577771,Moderate,2.693953530783581,Dry,10,Brown Swiss,Male,Dry,99,Smallholder,Confined,72.3751480791174,1,6,0.3275236835957045,0,0,Negative,21.072798732339216,4.048659413053793,1,41,Winter,0
39.413409918664534,0.2759343494573358,20.720920833670515,54.01728697140274,14.130705172607911,-1.074684246986447,19.361768220291786,1,0.19984725908556333,Reduced,32.78228243883633,79.24746094399288,26.75401135499861,51.60323444260302,4.869748254212975,Poor,9.953188716232876,Dry,11,Local,Female,Pregnant,227,Commercial,Grazing,23.63225838139226,0,4,1.5767748293063701,0,1,Negative,1.0968100380865662,3.169060567209073,0,120,Winter,1
39.55230254879392,0.9991140896266326,10.25298918999014,52.84146416353499,23.128440141950637,0.5301122532370901,22.87647821487569,2,0.39977754767388674,Normal,18.114459893062218,43.599046582536346,29.80598118666653,58.35457872162046,3.4287325935817097,Poor,3.32505216661258,Semi-wet,8,Jersey,Male,Lactating,111,Commercial,Confined,21.972795901587915,0,6,4.032641658261317,1,1,Negative,5.139228639333898,4.551427504401072,0,27,Summer,1
38.35755222375032,0.46131139954072875,14.954578920764238,36.019727736755414,16.89291710531509,0.09597011843539982,39.77241017139117,3,0.16756291105986854,Reduced,33.93505197505397,87.98852572300608,11.113231245364773,100.5048020011237,8.753115917857457,Moderate,4.012080314071914,Semi-wet,7,Local,Male,Pregnant,39,Smallholder,Grazing,6.174475817451586,0,4,0.6026137297381033,1,1,Unknown,15.1361812159017,3.438202330055878,0,187,Monsoon,1
38.20058665613747,0.7985471296390771,14.486946988706134,37.339547975996,25.99200720705325,0.9603214226605272,23.24797855542853,4,0.19402994823960418,Poor,23.010697155691354,60.89589429940228,11.54651706598797,65.01222652198041,6.503245881466591,Clean,3.304827115398716,Wet,1,Local,Female,Pregnant,72,Smallholder,Mixed,39.30771738241009,1,1,3.2200414174789733,0,0,Negative,16.45557977868191,3.744208891829393,1,321,Summer,1
38.982849333831844,0.8453320424214532,18.39954781763685,40.38732949501693,35.25763345625427,-1.7764117492834408,20.83972712533708,1,0.39139066438226955,Poor,29.574470540329628,55.68503629125565,27.757743682951507,127.87626083469982,4.351697010699809,Clean,4.699836143829961,Semi-wet,1,Holstein,Female,Pregnant,102,Commercial,Confined,9.770663110268229,0,7,4.280222515762257,0,1,Negative,7.34113597297142,0.5148833634392829,1,142,Winter,1
38.36866617343142,0.8864186168057835,19.922978319071937,22.472066052686607,17.2805674506529,-0.7105107243243549,29.91956717106864,0,0.9617866143085604,Poor,24.6055188516088,88.70340581998506,27.59920214529203,77.44851740045257,3.376279995662032,Clean,4.31424106981071,Dry,7,Holstein,Male,Dry,93,Smallholder,Confined,41.950090535964556,1,7,4.544522279130171,1,0,Negative,22.66350242458875,0.997302859714211,1,279,Summer,0
39.07975909065331,0.9981026379217253,23.986841629783925,48.35968173440577,23.99423399934391,-0.5385839474182026,27.337811444248842,1,0.7642435154076483,Normal,19.128183213382144,86.79394316215999,6.805499619188572,59.78996373493241,7.804795944416334,Clean,6.808817988393879,Dry,6,Jersey,Male,Dry,429,Smallholder,Mixed,0.9803576077060727,0,7,3.3671375587387837,0,1,Negative,8.6047923473389,1.6302689460187951,1,22,Winter,1
38.821753812510785,0.3931971882054943,16.020138078527708,42.27155453659869,11.466966467772234,0.48347036513289215,26.82644057890465,0,0.3197484012265641,Poor,27.89233783728531,72.09670698828606,14.674947220848932,73.52099259034497,9.255499402075744,Moderate,9.971680115354275,Dry,9,Jersey,Male,Dry,463,Smallholder,Mixed,15.508334715777771,0,1,3.0037818546193855,0,1,Negative,10.457374598324861,1.880153623586085,1,27,Winter,1
37.79055353100166,0.23228066148775978,16.009710006763143,54.70175082567859,24.723431376648083,-1.3898317958105515,36.45427579847254,2,0.9516040689185482,Normal,31.738981394164515,40.925368742520064,16.955974757253138,85.70982301557882,4.838869621231153,Moderate,2.420072443884548,Dry,8,Holstein,Male,Lactating,149,Smallholder,Grazing,93.23719406921997,1,4,4.283332377389097,1,0,Unknown,23.456702872875255,3.8914443495897313,0,25,Winter,0
39.62850312079804,0.5289532143956688,22.59868807551499,34.01590782037447,16.68571720120186,1.1734807063875161,31.294760053350192,2,0.6456467922587327,Poor,15.2579718559704,77.42674881032859,29.87121210413461,53.53166085948836,9.351425353471239,Clean,8.227544906346576,Dry,6,Local,Male,Lactating,278,Smallholder,Confined,79.55618161704119,1,6,0.8703576943190157,1,0,Negative,12.021378717406868,7.061831331435335,0,354,Winter,1
39.77752660385732,0.30406453586315757,19.18630775412122,38.80877051750068,18.250992289393107,1.5796233857764133,24.82004240977915,0,0.45544964464014015,Normal,21.221293631995042,56.777870002100066,17.65586766289212,64.1675524386329,3.8312219873277193,Clean,3.0239353952518924,Dry,6,Jersey,Male,Pregnant,378,Smallholder,Grazing,23.616359073554495,0,7,4.083107519685386,0,1,Negative,15.095939836630258,3.5452538432970466,1,182,Monsoon,1
38.33232678570937,0.2179407113296441,23.070606044751894,29.934747419608847,15.392281060961032,-1.6833085214533756,25.45314449444932,0,0.4683001989551471,Reduced,33.1894710062118,59.414011542713055,32.777866712097314,82.38467544775196,5.384156910951093,Moderate,2.158680197057725,Dry,9,Brown Swiss,Male,Lactating,203,Smallholder,Grazing,71.82920070713486,1,7,5.515471969114959,0,0,Negative,13.424103755508783,5.203943360486845,0,177,Winter,0
38.46737906403841,0.48834146171318893,19.154912012039347,34.95709436505747,26.392907356328415,-0.9363093423403486,24.98448091656589,0,0.41074446783539187,Normal,28.988120466861854,47.93710644886943,34.8982333142192,81.04804738097641,9.448822867999555,Poor,7.108614560925559,Dry,4,Jersey,Female,Dry,85,Commercial,Grazing,66.84817910754367,1,5,4.09651841937677,0,1,Negative,5.082617141039926,0.6935217679730052,1,347,Monsoon,1
38.87151923443495,0.8269906008601893,13.371533525146916,33.18018003931781,28.043826144839574,-0.9978972624381386,33.248437729481545,0,0.2329920525459397,Reduced,29.319995645249257,66.17290419324496,28.421784970830487,130.03866965598394,8.601435196470792,Clean,8.986521830954938,Dry,9,Jersey,Female,Dry,172,Commercial,Confined,17.692561404380523,1,5,0.27902181346838617,0,1,Positive,23.804527315750597,6.911341023585337,0,341,Monsoon,1
38.90067407399222,0.6529445529800567,12.667486580888774,54.959736788464454,22.140311287951047,3.7485793070162474,26.151114223281176,2,0.3866321922137057,Normal,31.65442435842575,77.22762981018832,24.991600687017723,134.32554753126533,4.705236269039125,Clean,3.4103880531871624,Dry,11,Brown Swiss,Female,Dry,384,Commercial,Mixed,37.10585270107492,0,4,3.035917092835569,0,0,Positive,2.358681613835907,1.3485087074978641,0,103,Winter,1
39.0951265636037,0.45022239136828324,11.793951003764285,38.017381512486075,16.81343976798568,-0.8448501578118299,17.241078985275095,3,0.5278963840433926,Normal,29.33925584660008,53.65055590465342,16.756914979613683,69.341859914355,3.2213500154693313,Poor,4.732910277135579,Dry,11,Jersey,Female,Dry,215,Smallholder,Grazing,91.37057425616368,0,6,4.357651727903365,0,1,Positive,23.620399136446625,2.632166876435197,1,153,Monsoon,1
39.90612272325981,0.7234736043941759,20.648207339033892,46.24175684744613,31.537138216623173,2.3164381632342015,27.710081927593933,2,0.528027350730221,Reduced,27.737345177914577,86.93664540216875,7.011183381561001,62.393988391284736,2.4247342494724196,Clean,3.3500016337846175,Semi-wet,8,Local,Male,Pregnant,34,Commercial,Confined,73.87178832056503,0,6,0.2594652947961906,1,1,Negative,11.763901208297835,6.625518654276053,0,324,Winter,1
38.59383166350357,0.3856145442470486,22.75438729234803,41.19236596138195,17.49753923347206,-2.0999479926599145,18.777843993232423,2,0.761736902212518,Reduced,32.58070506465467,49.73684280014771,22.194162691883918,113.41624843214183,10.379151799192856,Moderate,9.252060554423338,Dry,3,Brown Swiss,Male,Lactating,229,Commercial,Grazing,76.03491963064923,1,3,4.573189621900331,0,0,Negative,5.36094738501593,2.4865814368011003,1,313,Winter,0
38.22102165327693,0.21150515685766802,25.397448565545524,32.30534733987187,9.027806200435368,-1.6844764492465452,41.105383610529415,3,0.3587978571573526,Normal,25.049462580951595,43.31311702972167,15.851147166319727,130.46235556954315,2.7514194956786002,Moderate,4.162883459344981,Dry,11,Brown Swiss,Male,Dry,154,Commercial,Mixed,56.3886033734629,1,3,1.6896168379581715,0,0,Positive,4.8394082713043165,2.434998376598821,0,271,Winter,1
37.872408463191285,0.8114827091491419,21.372421329292962,43.316995768283576,24.75033405974241,-1.229906797772301,22.205992516916616,2,0.7167980293039524,Normal,26.917113872520275,72.21819366749506,15.526942274970306,146.37230972241315,3.148451522063878,Clean,5.55770313124882,Dry,4,Holstein,Male,Pregnant,403,Commercial,Mixed,66.5539798735106,1,1,3.5326391444178613,1,1,Negative,16.078343604280892,5.0223956184769,1,195,Winter,1
38.26144197603485,0.6989944678912072,22.651354310139943,50.99103331863595,15.3713519581509,-1.4685339671697835,27.028811407853617,3,0.5780918387686846,Normal,31.129277898100646,82.46593659400234,25.63127758128307,50.67962847465143,4.377106302753337,Clean,9.157930210264627,Semi-wet,7,Local,Male,Lactating,494,Smallholder,Confined,50.873847626830546,1,6,5.798061236394154,1,1,Negative,17.34858133533168,7.27433813626559,0,139,Monsoon,1
38.680123816275724,0.809842099600768,15.679934669385261,32.92240607456648,27.93165276099505,-0.6018481012377481,29.54921640820682,3,0.9618454045268344,Reduced,23.1756513250515,87.65664296537561,18.909180757899072,91.36781134268045,6.456697042398479,Poor,6.422953630101374,Wet,3,Holstein,Male,Pregnant,101,Smallholder,Confined,74.08938033362335,1,4,5.969576909640252,0,1,Negative,21.669973606945007,2.1023697410315707,1,92,Summer,1
39.776734718110674,0.2311504133501325,13.374336733024574,53.09112790731379,19.713173819959486,-1.2631673040822473,26.26805103592462,3,0.3852849260339827,Poor,34.12446838319416,78.35855052582593,27.5628153431435,123.39878340943856,9.89787080236496,Clean,9.462798406149647,Dry,3,Local,Female,Dry,90,Smallholder,Mixed,73.27276454216958,0,3,3.8064461835760275,0,1,Negative,6.4399395999011535,5.156137233815871,0,3,Summer,1
38.3894332205783,0.8696957022645218,21.400317329670212,36.50279078522304,25.622279443265178,-1.4290123891018602,26.259817591202843,2,0.9012164642607903,Reduced,28.45672230557078,49.98250057530362,16.945196680561374,132.85592988743542,4.47480325941106,Clean,9.411603317176311,Semi-wet,8,Jersey,Male,Dry,496,Smallholder,Confined,3.108318757224693,0,5,2.9489023536995305,1,1,Negative,10.963862857987342,5.001410740368983,0,125,Winter,1
38.83427277098334,0.6956209600290426,19.6707230089576,40.170160739271594,30.40900207931295,1.5377079947099916,30.530963716965264,0,0.8206425472982894,Normal,21.25553465969905,88.88305924018653,9.525901564596879,56.22859486830978,7.435082483597519,Moderate,5.6928081591497675,Semi-wet,5,Holstein,Male,Dry,316,Smallholder,Mixed,63.17743926397637,0,2,1.0661538311215535,0,1,Negative,23.337412987845926,5.4464221350189055,0,18,Winter,1
38.69014626235635,0.6507162805701121,18.42977749736357,50.30683123010048,14.746846812275669,1.6356904337697478,37.15729575277767,4,0.6376642845894569,Normal,26.0320746164825,85.97179380144213,18.840425785707396,118.06145194641273,2.903725220500431,Clean,6.659060901866964,Semi-wet,5,Jersey,Male,Lactating,401,Smallholder,Grazing,62.98136637241806,1,2,1.2500024661764786,1,1,Negative,10.844060519387531,7.600768405405042,1,181,Winter,1
39.413035964068854,0.6996912384916253,19.54948592253196,38.36563842780512,18.604377214645567,1.2239447475629737,32.60505449090378,1,0.6545144667421172,Poor,20.07106671797405,48.15837113812238,33.530375429760895,78.89387173989701,6.645110051365248,Moderate,3.842514189703495,Wet,8,Jersey,Male,Dry,463,Commercial,Mixed,6.731996559963161,0,6,2.5752000749353487,0,1,Negative,11.570371358118619,1.7441135839620836,1,265,Summer,1
40.21615945552418,0.8915465974946912,19.29274192983282,45.37574859335866,21.54597356405762,0.585998433376492,36.87108327144126,2,0.08464993460641068,Normal,27.429479728247422,67.93929134576622,29.04573887349675,57.45969593331254,3.776389933773083,Poor,9.924286550409306,Wet,6,Holstein,Male,Lactating,191,Commercial,Grazing,41.03812651736429,0,4,4.2137180216592895,1,0,Unknown,7.636206267949681,5.407679945924929,0,127,Summer,1
38.38147873624781,0.6695492052471257,23.135267439414246,41.853091712119074,31.225307914206063,-0.06088540133067158,21.72028535143899,3,0.9502246055934324,Normal,25.105977629579737,67.77587129654894,11.172477652201001,98.91025817546672,4.111915588905651,Poor,4.226533283294359,Dry,5,Holstein,Male,Pregnant,142,Smallholder,Confined,89.87891236123298,0,1,4.615818699346466,1,0,Unknown,21.031875949058623,1.867850465417715,0,335,Winter,0
38.40633633448907,0.6647603039105434,23.179942339267825,46.29368006703819,18.049703692357326,-0.945546035998863,29.90417579953217,5,0.10693606349574392,Normal,22.676475357200157,62.12673890647354,16.739015049348282,65.81533432041459,5.668284341089294,Clean,8.26645590384761,Dry,1,Jersey,Male,Lactating,308,Commercial,Grazing,95.34388247033142,1,2,1.331450271384665,1,1,Unknown,9.409303324185203,2.857259043000696,0,104,Monsoon,1
39.32649652624145,0.9925433256526126,20.17688140936139,21.192608944765027,18.432977824305958,-1.629736257132638,28.931476312349677,1,0.5632333087435071,Reduced,18.099316260520766,89.21406651298443,32.83376285661613,123.70075180616847,9.613476987008575,Clean,4.503752481241808,Semi-wet,5,Jersey,Female,Pregnant,469,Commercial,Mixed,78.22109477132184,1,5,3.2125006479351264,0,0,Negative,15.617438627906877,3.4247115015974083,0,328,Monsoon,1
39.10913489377579,0.8053841336548544,21.383211490251714,26.703181847919172,24.86884345333485,0.34449355514903107,30.106547750060408,2,0.3300708004491545,Poor,23.04111111740997,42.98111185901106,8.710971761796994,124.12617996994535,9.439864299002346,Clean,4.50433809671828,Wet,8,Local,Female,Lactating,229,Smallholder,Confined,15.147118897084999,0,5,3.5496303866088263,1,0,Negative,5.199784664481294,6.765431490586606,1,270,Summer,1
39.80802439544162,0.5538350443609082,20.056250209699105,51.15967006046838,18.536627645736573,-1.9604455888201968,36.257391823813435,2,0.4298519782898518,Normal,26.097001526194358,71.36044542217923,12.61850725594808,134.20677649875094,6.1497297648532,Poor,2.830903413607569,Wet,9,Jersey,Female,Dry,426,Commercial,Confined,37.47199567880547,0,5,5.358468119802758,0,1,Negative,15.162081843853542,0.9028252246564595,1,358,Monsoon,1
39.05035691119558,0.7659176000263421,16.155321071861525,55.37181405649051,22.9151552973857,-1.69088139376309,26.675265101247675,3,0.610183010836817,Reduced,25.139995297424505,50.2651811339405,12.866679376156892,87.75686851477522,3.186711541924086,Clean,6.479166486372638,Dry,6,Brown Swiss,Female,Dry,83,Smallholder,Mixed,18.255334921708933,0,2,5.258529370584093,0,0,Unknown,22.48119718433471,6.002393436534565,0,189,Monsoon,1
38.48442474552777,0.5113843773534308,21.02625869965256,35.89513296468479,12.69077547419124,1.5293698843072145,25.566979800675472,3,0.9088513778823216,Normal,19.899230989532136,66.36656023654798,22.127986269859505,51.33097972306436,4.806916200239463,Clean,3.958658705025674,Dry,11,Jersey,Male,Pregnant,409,Commercial,Confined,65.21361361606152,0,3,4.904311208038157,1,0,Negative,18.867124699096372,7.344440251902877,0,269,Winter,0
39.05439289841539,0.3831003699867992,12.422019724562954,42.55971647828866,35.28597965533958,2.6509735625831303,31.203884784511985,1,0.45756712357230145,Normal,27.107070322474396,78.98703858937594,17.321999591339683,75.97359383744796,7.053557765301382,Moderate,3.1871580620609503,Semi-wet,10,Jersey,Female,Lactating,82,Smallholder,Mixed,77.31444513126749,1,7,3.099968940374728,0,0,Negative,2.556924714974965,1.0943137986039493,0,251,Monsoon,1
39.365222148349744,0.6774815015102076,22.21556620918353,47.94719252902301,13.91374461814358,0.3899427072497212,17.330783634604916,4,0.9877295553064411,Normal,22.07233079200404,52.33634015842732,7.396120219888997,96.78116995252769,10.694117786951232,Moderate,3.813333556133868,Semi-wet,3,Jersey,Female,Lactating,401,Smallholder,Grazing,88.37657186246018,0,5,0.3904989222858697,1,0,Negative,15.581165619141975,6.430475121260616,1,330,Winter,1
39.19228930871842,0.9425456784911612,13.22190824093586,51.93217601658704,20.06948377605875,1.4596857284419664,26.57888770526693,2,0.5928120653514998,Normal,31.609450274078164,59.66797732415743,23.875443637312568,119.40112794160504,11.682546148133305,Clean,4.008745256512239,Semi-wet,8,Holstein,Male,Pregnant,446,Smallholder,Grazing,86.06484754683704,1,1,2.0068408949276595,1,0,Negative,13.849483722109719,1.3073168648329316,1,108,Winter,1
39.00436441866438,0.9433116160123702,19.143213147178933,24.723227283291514,21.805113784947434,-0.568772476165975,27.194813864287283,3,0.16055394264217449,Normal,32.3456471803715,87.53840371401995,7.972335935604507,88.20405856867413,8.374709350239135,Clean,6.032667648955888,Semi-wet,5,Holstein,Female,Lactating,428,Commercial,Confined,9.920992766091086,0,4,3.7303228868117726,1,1,Negative,8.787214882062948,7.721402361471923,1,222,Winter,1
39.340004813753495,0.4735242224843923,14.619384166295365,36.13959753021623,33.47612880614078,-2.2065112791315267,22.47784830215845,1,0.19000929483125228,Reduced,25.714607679330893,78.07403688601548,23.192447959372345,103.6048396067138,5.506864904974013,Moderate,5.087384292444498,Dry,2,Brown Swiss,Male,Lactating,486,Commercial,Mixed,12.567400697904285,1,4,3.825643193774318,1,1,Negative,20.382158184615395,6.615235346736965,0,342,Winter,1
39.40157735426741,0.6221419729773561,20.21355593229771,41.67420620150125,14.05092531440356,0.7182574279278762,34.342354068139464,3,0.716111035589251,Normal,34.88062978705327,68.63615922559178,20.210251406780774,102.42635874557169,8.934534536943787,Moderate,2.6039222481756807,Wet,1,Jersey,Female,Pregnant,27,Commercial,Mixed,90.96718129420688,1,4,5.094437920803848,0,0,Unknown,19.209277322514446,5.712382551391078,0,355,Monsoon,1
39.52929539462252,0.369308718855889,17.864299096288363,52.03140197236049,33.902224812872504,0.6539339849050958,21.626558095940297,1,0.050397794243381755,Normal,26.295182323437494,51.09986939033584,19.810059821759378,66.49823493583166,5.362301358205986,Moderate,6.288228663166889,Wet,11,Local,Female,Pregnant,264,Commercial,Grazing,84.37844319179327,1,3,2.2763637963811623,0,1,Positive,15.91794027082665,4.625446027467014,0,261,Summer,1
39.08922593255379,0.9965048875991067,11.62097616734667,69.98430483721495,26.543060926612135,-0.09249716917963383,27.184761709817224,1,0.48034157622222684,Normal,20.497547980498908,61.26527187387916,7.024887358976894,112.30495000800127,8.254734534166065,Clean,8.301979612710117,Semi-wet,8,Local,Female,Pregnant,184,Smallholder,Grazing,46.03781650494398,0,4,5.619732815928058,0,0,Unknown,18.116180627544026,7.4061311617348204,1,250,Monsoon,1
38.59972915180989,0.9848943262943486,19.682798524073917,42.71994273190282,24.502571946539476,-0.563563187157667,29.75894335193781,1,0.1482191098035166,Normal,32.926138470429535,78.70306595249613,24.176613406506075,93.92517282053979,4.437665716956766,Clean,6.593881287151962,Semi-wet,2,Jersey,Male,Lactating,493,Smallholder,Confined,43.00520917771532,1,4,0.9794116079255282,1,0,Negative,5.4427360946460075,1.393034749346655,1,85,Summer,0
38.788028211859995,0.7196071437659579,15.688316892669157,30.930225378960113,16.092197877892268,1.243315867871647,36.12070936885671,4,0.433218635177845,Normal,35.0705725804714,81.0271539054988,17.939607757679923,130.7918701652493,4.6698870123137795,Moderate,9.796322018014166,Semi-wet,11,Jersey,Male,Pregnant,112,Commercial,Mixed,55.27996748831201,1,2,0.29919499068531596,0,1,Negative,22.16840507647615,1.4133816013757396,1,241,Summer,1
39.423905379905015,0.8435312477419787,21.524586883253477,49.02268077201298,25.426847452228444,-1.6785995501412116,27.93666139071488,2,0.7499174220717195,Normal,31.973112096374976,52.230309907119945,17.333183668570598,119.06112081288998,2.752255890411231,Poor,2.793201665155771,Dry,3,Jersey,Female,Pregnant,462,Commercial,Confined,59.6635849881623,0,3,1.060146672479477,0,0,Negative,16.36474130439146,6.668671347715288,1,138,Winter,1
38.20983859740766,0.7720801290269601,18.005302754937627,58.2099578954071,17.6590802654812,-1.3606708683359867,33.616921564769264,0,0.45881292824143416,Reduced,23.180756686330206,73.10301052085096,22.8935418925561,61.14691861975547,6.20141152213175,Clean,8.569218694064876,Dry,9,Jersey,Female,Pregnant,303,Commercial,Confined,25.421656043430474,0,3,2.77393890556981,1,0,Negative,11.759798731798783,4.117399086844149,1,255,Monsoon,0
38.92120398532374,0.6745265752315746,19.581683941552154,46.08014120979501,29.59996751919047,-1.712159760140642,32.20357238366277,1,0.16345110898092696,Poor,20.823183623133545,44.75014960617,23.18744179839642,98.87584100365686,8.181745200956676,Clean,6.045541359178665,Dry,1,Jersey,Male,Pregnant,328,Smallholder,Confined,40.374176347725246,1,2,4.937450907768856,1,0,Negative,5.4414901497726005,6.837922912560241,1,152,Summer,0
38.46399671260359,0.24267839759111817,14.169724179939152,35.93351454845707,16.173627825353602,-0.0725405560462592,28.740745337014854,4,0.2519253703566424,Reduced,25.248519439779994,41.160615372523225,5.450998872859656,120.24943584941875,9.887949438106212,Moderate,6.172761420361825,Wet,8,Holstein,Male,Dry,395,Commercial,Mixed,61.96929641389178,1,1,0.9230180458844903,1,1,Negative,16.703557284065745,3.4299629190203835,1,116,Summer,1
38.717246893760894,0.563811474042129,15.642671074290552,54.579939414800194,21.321049033263495,-1.8318395181638873,21.462919550359267,1,0.3675395886521824,Normal,39.38203115692632,67.43369617165106,8.7567770360962,58.701172580734266,10.103485448376937,Moderate,6.152799477196387,Dry,2,Brown Swiss,Female,Dry,218,Smallholder,Grazing,20.62673860691122,0,7,3.2891187603534373,0,1,Unknown,3.22449117087448,3.88895164354018,1,223,Monsoon,1
39.46707111756438,0.7398290417339284,16.165445455595663,51.63545618498435,18.66836147192097,-1.2263632707728653,19.39251483457391,1,0.06956118348641471,Poor,21.115593397842222,51.21899271402144,12.095546625341619,129.24970325566315,11.924444495071638,Clean,4.6025506232611075,Dry,8,Holstein,Female,Dry,143,Commercial,Mixed,99.8833237633211,0,4,4.659548450560991,1,1,Negative,8.35419714055517,2.9905900223537993,0,237,Summer,1
38.814659440811944,0.7420252911069478,21.42680992097022,34.73919155804376,16.074862225438032,-1.2586333433407968,28.639032408515117,3,0.5843376360811219,Normal,31.1037755543183,43.945601562106646,25.339320000379374,72.20045146443994,2.877557258369619,Moderate,4.59644011392202,Semi-wet,2,Local,Female,Pregnant,74,Commercial,Mixed,28.293945229203732,1,1,0.20916969511904093,0,1,Negative,14.196976603044854,7.63053696410658,0,47,Monsoon,1
38.727861928893695,0.4984980947379069,24.709508351221956,48.81425617534342,26.447918901447487,-0.5909124985009373,24.743818756584318,0,0.6075337912780502,Normal,26.537326530690695,76.4914156447615,22.302233810888225,100.30847954736896,6.931367684458287,Poor,7.054756053139807,Dry,7,Holstein,Female,Lactating,439,Commercial,Mixed,55.241527802199975,0,2,0.24912021524343442,1,0,Positive,15.860188574978448,3.9871253351606306,1,343,Winter,1
37.88408631541205,0.9533535893264244,14.779312993028494,54.97265567658873,25.212752484457802,-2.4310616696059655,33.515566550087755,1,0.06215192713256745,Normal,31.72076095711541,64.89872941823225,27.728873971542612,144.0561287472636,7.213745754024134,Moderate,2.3581206830649313,Dry,3,Holstein,Male,Dry,209,Commercial,Confined,55.415959373245705,0,2,2.943547126230049,1,1,Negative,1.3985941287376438,6.16322804352058,1,341,Summer,1
39.14775213961634,0.3338856257894248,22.307392578630722,56.818900425588936,29.25406119340598,-0.0691925119440995,32.47513910859146,1,0.402311321174162,Normal,20.700058578985118,79.81385054792253,27.21823416631571,107.1334234822284,10.045334263778923,Clean,6.710288362414428,Semi-wet,4,Brown Swiss,Female,Pregnant,162,Smallholder,Confined,45.14852283891039,1,2,1.0958776768211824,0,1,Negative,1.2026297004360749,5.719316119221411,1,258,Winter,1
39.087290508684646,0.6002875569724485,9.321290329097192,44.33551024690544,11.320749350750996,1.6709554759970167,26.8923340333777,2,0.4140006828847249,Poor,25.75249300060211,73.19721198402785,30.59548607618452,92.40544517039474,4.6635851558884704,Moderate,7.796725745687324,Semi-wet,11,Local,Male,Dry,329,Smallholder,Mixed,24.154345667714427,0,2,2.7034139736486527,0,0,Negative,3.5636160412876965,2.2631520773906546,1,95,Summer,1
39.99795283398328,0.7527071812406583,13.223242395630843,41.41920553820681,28.38502421404626,0.0032370584751428844,21.053722456352382,2,0.3338195685526012,Normal,22.50975162447373,76.4902469957745,16.30444583817242,50.67949273991427,2.69372319939467,Clean,4.850610347803344,Semi-wet,1,Local,Male,Dry,336,Smallholder,Confined,56.53530723355195,1,6,0.2636129390099171,0,1,Negative,18.671567565766416,7.354867878133448,0,130,Winter,1
38.5153330590282,0.7577086447134473,14.164886175252901,57.27273822081263,37.032693432141365,2.1119817172019806,31.06441329764364,1,0.5577397403311118,Normal,22.794245604428575,55.36802906479499,15.351915985499083,63.34136227740781,5.137588102684196,Clean,3.7388555156770664,Semi-wet,10,Jersey,Male,Pregnant,116,Smallholder,Confined,9.101441535011068,0,5,5.861223901650295,1,0,Negative,14.043357839229753,4.585115677142253,0,158,Summer,0
38.83149019659837,0.7189111654150524,12.58996524223711,32.89839497019115,19.290153464938317,1.8009972788153876,21.892303323189097,2,0.3459574900601118,Normal,30.68321519982982,53.16379128416182,29.930462091603896,107.86638850979875,11.839278290642609,Moderate,3.7070953017832355,Semi-wet,1,Brown Swiss,Male,Pregnant,329,Smallholder,Grazing,38.69261133355337,0,2,3.9251331257036655,0,0,Unknown,14.993518959679905,6.918545355094536,0,153,Monsoon,0
38.84963021022646,0.4202305707614882,11.665646440849681,49.38579290921005,33.37089167265382,0.966602570871782,23.44921646241481,1,0.41640927947780604,Reduced,21.40476810875579,70.04374460476306,12.128046016015535,99.38250406537382,10.994411978245862,Moderate,2.654717226756528,Dry,11,Holstein,Male,Dry,216,Commercial,Mixed,22.42521950160038,0,1,4.120175992096548,0,0,Negative,14.87886993681358,6.741409123715721,1,83,Winter,0
39.64647196785809,0.3249652549492976,19.65199564855119,31.299733726355708,20.42103236764104,-0.08797123604467155,22.12350557070907,2,0.7975235474416056,Reduced,28.44934646771282,50.00410701990422,18.83517121020821,86.38291756468314,5.952469609466515,Poor,2.7177545536512664,Semi-wet,10,Holstein,Male,Pregnant,304,Commercial,Mixed,12.417777396894635,0,2,3.0583721832340034,1,1,Unknown,1.8467972593287432,0.9400247366306362,1,190,Monsoon,1
38.64282268056783,0.7087522614613688,17.143729209088555,55.65376272259603,13.76554157463216,-0.16624941763184065,27.16899386836028,2,0.16210935543020144,Normal,27.278877575550432,80.77060578160106,10.829769560667492,142.32158853941172,10.762719987450605,Clean,3.3335029455567415,Dry,11,Holstein,Male,Dry,100,Commercial,Confined,92.54829308811576,0,1,4.9494610849128415,0,0,Negative,4.9624280264760445,5.1482959607683885,1,254,Summer,0
38.867412915462204,0.6794416929115502,19.51762159042044,42.41954484388839,20.166205345559227,0.9456996585448898,35.021154004423366,4,0.6191146953034209,Reduced,22.23097376720673,66.14600844871192,32.41522226417641,83.24825374259407,2.327544841166587,Clean,2.153383240424697,Dry,8,Local,Male,Dry,128,Smallholder,Mixed,69.99429149432733,0,2,5.000446709986829,1,1,Unknown,17.740925543020786,6.41738350409639,0,257,Winter,1
39.06473790582993,0.3434848082313928,20.761890744486053,57.68583235647469,28.289223806051655,-0.7875059142560485,27.969754778658828,1,0.5055944016908456,Reduced,23.31139471154295,51.34949661738805,17.23409039289876,103.71507564441066,5.142040774642005,Poor,4.129883260193474,Dry,8,Local,Male,Dry,302,Smallholder,Mixed,16.882888234113324,1,2,0.9545440288152871,1,1,Unknown,15.851515713515186,7.298737043643763,0,357,Winter,1
38.81196547389382,0.7641113164564508,19.062467972690133,49.91412756355527,16.970941106010812,-3.023781127201196,25.340687845433827,4,0.30507163747934907,Normal,28.669662435152432,71.25841161649542,11.37460694692485,106.87134095241301,9.268118479875445,Clean,4.451214633983681,Dry,2,Holstein,Female,Dry,228,Commercial,Mixed,94.93958605995164,0,5,4.610372192202437,1,1,Negative,11.241673262523197,4.297217623727577,0,191,Summer,1
38.43213983126969,0.5641375933869252,20.631052704601494,32.7677976993807,18.39796804596108,0.5380060811544398,18.846310419728535,3,0.7275346564904107,Reduced,26.87431776542297,87.25178675418088,25.76040171706736,102.74683900639226,4.21452251016839,Clean,9.961770026849047,Dry,4,Local,Male,Lactating,134,Smallholder,Mixed,21.59921081477576,1,7,3.4000489913921017,0,0,Negative,1.4691894441415547,6.13034483047651,1,187,Summer,0
38.81645399573899,0.7342084732825225,17.72187085503092,59.246277320772435,25.561236593759144,-1.8966029449024568,31.312747508379058,3,0.551188359541148,Normal,27.19147243626023,44.1047363295387,12.339340346314358,97.75853915400992,3.9839095148730665,Moderate,9.933501901249002,Dry,2,Jersey,Female,Lactating,471,Commercial,Confined,23.56132637972386,0,2,4.57431042914975,0,0,Unknown,10.587422060562329,7.772228226019797,1,112,Summer,0
39.344179049915866,0.8698936638161205,13.252026446777021,60.51245266427729,22.018360700431437,-1.643211842285577,23.317572364428237,1,0.47736152696069534,Normal,25.836989841379676,45.467260365675145,33.305108095106704,83.70637360119082,10.618075459643734,Poor,3.4963907746966782,Semi-wet,8,Holstein,Male,Pregnant,260,Commercial,Grazing,13.327037554506148,0,4,5.512197308217812,1,1,Negative,6.702945972969481,6.7088182049494485,0,310,Monsoon,1
38.08409082035337,0.33578274286153853,22.231256723283185,53.82286492599216,25.507737714920445,-0.19966407800631794,28.70510571494858,3,0.6676693147712001,Reduced,25.513383941227094,82.19195734316699,16.028510444282343,140.87636330396197,8.159539610767439,Moderate,3.7042572647753955,Semi-wet,7,Holstein,Male,Lactating,415,Commercial,Confined,72.78531354314829,0,5,2.0105770402019063,0,1,Negative,17.037192573180416,6.908173746755507,0,94,Winter,1
38.77978180448813,0.21531589439746934,15.643551468875492,37.3841213496378,23.426977244550017,-0.3426873163302047,25.874688304500157,2,0.8022903079813608,Normal,26.892189410556497,45.47968872834368,24.93922136305511,95.08032617591448,11.890227183120357,Clean,5.93525096448346,Dry,7,Jersey,Female,Lactating,401,Smallholder,Grazing,57.08754326348959,0,5,3.425469247186101,1,0,Negative,19.967569151714965,3.5546211497998494,0,298,Winter,0
38.2799275110365,0.8232820691166294,14.257614804950297,41.93986045642591,24.87775191730944,-2.3181134094734457,33.02906331759662,2,0.9726687900335762,Normal,34.19601132159714,41.96876846764939,15.357347934722402,102.84488673460757,3.3466967627914848,Moderate,3.1902746699016813,Wet,10,Local,Male,Pregnant,298,Smallholder,Mixed,5.825113241487068,0,4,4.724897470161833,1,0,Negative,12.587551277171364,1.18766503564084,1,309,Monsoon,0
39.417027977354905,0.6877579401220928,17.28832849678241,46.45427217405759,19.406192885142755,0.04823734619971046,27.056581647828686,1,0.6293503683763735,Poor,29.645414908648803,57.39652905232364,29.21736748980421,115.64779838302422,5.561284072331467,Poor,6.032315265265534,Semi-wet,3,Holstein,Male,Dry,325,Smallholder,Mixed,2.529994941496294,0,7,5.920611551419539,1,0,Unknown,10.281088650848304,7.7452141329263515,1,234,Winter,1
37.786087857129736,0.7597116556976975,14.348756322813948,37.96289600668567,23.390385652182356,1.2492094912915728,27.64644187286169,1,0.8744399854003829,Normal,26.34555246848443,63.33529424607988,31.907682230683275,56.76560424315347,5.112133718036844,Moderate,5.195117638440594,Wet,11,Jersey,Female,Lactating,350,Smallholder,Mixed,53.26594877757307,1,6,3.6754576578476508,1,0,Negative,7.2799747515804984,5.718639206141146,0,65,Monsoon,0
38.36464689163705,0.8705239799909141,16.33027847204227,61.92346572463205,16.435761965824398,-1.8925123553986742,30.914482884732756,0,0.0010915410229569433,Normal,21.590791858132732,68.4722218345345,28.637550782443586,128.12881414632452,10.801322377189097,Clean,4.596983128398979,Semi-wet,5,Brown Swiss,Female,Lactating,223,Commercial,Mixed,65.15311919226869,1,7,4.32736807433016,0,0,Negative,3.1300474020309004,1.7837299326665044,0,137,Monsoon,0
38.92632712503872,0.8422487478596004,19.376215686253865,46.44326471726037,29.73060173502033,1.708724996273139,40.64164109357911,3,0.5302356927258912,Normal,24.90484882922654,65.3650116282125,30.4549705618256,101.25073100860357,4.552965200430107,Moderate,8.580841366478202,Dry,1,Jersey,Male,Lactating,220,Commercial,Mixed,82.28736165158666,0,5,5.078070343728884,1,1,Positive,9.55021130742837,7.803741458234674,1,114,Summer,1
39.639314417540604,0.9687361175430598,19.393366956984508,17.966519528926426,18.194351699096117,-2.540256237694916,33.33068158215133,3,0.2146475487701981,Normal,22.39877984549186,85.65922813290567,8.056424838129079,115.71769358449669,5.5346099767417005,Moderate,8.62494159994446,Wet,10,Holstein,Male,Lactating,363,Commercial,Mixed,47.827292415553934,1,2,4.507687886586812,0,1,Negative,16.594736429616994,5.868395621565404,0,199,Monsoon,1
38.66054984335621,0.6287480630816946,14.408679734297483,48.3935581275622,28.773084925296338,2.97598621655643,27.468363361908345,3,0.09419245708313717,Normal,23.0170685620704,78.43340501958187,32.721940310992,127.20120654136913,3.428338756754275,Moderate,9.903115735869813,Wet,11,Jersey,Female,Dry,485,Smallholder,Mixed,67.65304787590571,0,4,5.653992114729396,1,1,Unknown,16.319785471772015,1.17776245374482,1,51,Winter,1
38.36688028398408,0.5907965061279243,16.04917850820502,41.51842603182687,20.598358234102808,-0.816890645725225,28.01918794369173,1,0.5319710170643921,Poor,17.647762135118317,89.19051279308553,23.72902186625841,137.40993907642147,9.75400982649187,Moderate,3.784704912652658,Semi-wet,4,Local,Male,Pregnant,174,Smallholder,Grazing,73.3655660957089,1,7,1.3782558293075358,1,0,Negative,10.49388287781061,1.7811009762710683,1,218,Winter,0
39.82869424166436,0.5215097599125841,22.297332019080976,44.25073443881552,23.211994064543926,0.018425495240336875,24.850843238053393,1,0.7468265061490941,Normal,26.943538886170057,63.82277116126612,31.07652596498599,89.2220416952931,4.377032839588528,Clean,9.10621997714997,Dry,4,Holstein,Male,Lactating,334,Smallholder,Confined,61.3052692978106,1,2,5.446774652526199,1,0,Unknown,23.21750276457208,6.990577916282118,0,16,Summer,1
37.83119165975025,0.32295283427536364,19.985600470935765,41.313806342143,19.030212694655795,-3.0380503587285053,22.300025778881828,1,0.41227252247437973,Reduced,37.33863569650498,44.21648049195895,25.533102925562464,131.1429892682255,2.6832027223221946,Moderate,6.302767437391448,Dry,1,Holstein,Male,Lactating,284,Commercial,Mixed,35.22162523674264,0,5,1.2426344776754217,1,1,Negative,22.621719640224008,7.653743669663041,1,326,Winter,1
37.38071642602795,0.658085786305618,26.300260157394167,53.07046416606687,15.904027412991827,-0.2932040997039628,24.68349527760207,6,0.6701074493444349,Normal,27.98084499233107,87.77653214714374,11.055430056311312,75.88368955659017,6.351087326908967,Moderate,6.731675450658816,Wet,7,Local,Female,Lactating,308,Smallholder,Mixed,13.189548302764308,1,3,3.3907678094339158,1,1,Negative,21.139967762807846,3.236204832645993,0,190,Monsoon,1
38.964008670032,0.421610019460783,22.72051269496611,56.196877785533815,11.531437674368192,0.14272326657728757,23.367106217728345,3,0.48971925384094994,Reduced,30.63703567497096,40.20565807945487,23.286653049370294,116.03356509573663,5.914581239615346,Clean,9.170345714660211,Dry,5,Local,Male,Lactating,89,Smallholder,Mixed,64.75385445295018,0,4,3.1373788785712193,1,0,Negative,11.023358679764108,3.5994641573292836,1,234,Winter,0
38.39876746538844,0.9370460097703803,22.577172274239757,47.830531622586534,15.668055048445243,-0.3292431561492418,31.920210302775313,1,0.437085865959426,Poor,31.798992310367076,78.80480069195241,7.728387191694229,60.27073006796394,3.7760920430537555,Clean,9.54104637102656,Semi-wet,1,Local,Female,Pregnant,198,Smallholder,Grazing,76.86963318123998,0,1,4.987990238094291,0,0,Negative,18.170238779641746,3.4659091064857046,1,37,Monsoon,0
38.08726030972157,0.6665526434216781,12.448525798176792,41.60688812861841,20.05654688070447,-1.0446216155785604,21.572830852786083,4,0.29025664043586064,Normal,25.56650776737011,41.56410153858397,25.87169090654476,52.00304674240752,3.335975598960155,Clean,7.814490061605098,Semi-wet,5,Brown Swiss,Male,Dry,187,Commercial,Mixed,18.982711865396173,1,5,2.391283339377851,0,1,Negative,22.366995776924377,6.765171464572175,1,185,Winter,1
39.12501386837962,0.6742721444064881,21.05544140653369,44.5866279519083,23.271275072973303,-1.6198467777917223,35.99926336828027,1,0.38259351450100454,Reduced,25.90124157071193,78.06070953258192,17.27003423241718,59.57631261126397,10.965572133832607,Moderate,4.782739455480991,Dry,8,Holstein,Male,Pregnant,25,Commercial,Confined,49.486671908148125,0,7,0.859097166170363,0,1,Positive,17.965650439298845,3.8994210228196464,1,173,Winter,1
38.84628042826272,0.48393972870160806,17.78757279321236,45.195996165776286,28.06227587969958,1.4957899293059664,32.51227830171298,1,0.3497956307944279,Poor,20.01666632156487,86.89694699240272,9.551995193006269,81.93824865624758,2.678444865512305,Moderate,5.917343917348043,Semi-wet,10,Holstein,Male,Lactating,151,Commercial,Grazing,39.724538478695436,1,7,4.240774104359758,0,1,Negative,8.262494339215365,3.3144291327780366,1,332,Summer,1
38.361552821557964,0.241591481582166,15.796072785847002,36.975699601351636,19.325455241218908,-0.1537892975030748,28.12301037620601,2,0.6461871840148815,Normal,27.98457401203522,59.46301486655234,34.37689447605242,53.10946138246643,2.9931095669631995,Clean,6.920430912432879,Semi-wet,8,Holstein,Female,Lactating,278,Commercial,Grazing,20.57030755253163,0,3,3.6397919941074983,0,0,Negative,2.5641838208584073,5.16401470426827,1,88,Monsoon,0
37.93181736079747,0.2253950122983909,18.672061362130115,50.789286485712346,16.708235414396956,2.111128564775158,28.00191166879041,0,0.11601851127913954,Normal,27.279446397699992,52.048242560985884,32.03253272632043,113.04912721872626,4.45047281138406,Moderate,8.629120311888776,Dry,2,Jersey,Female,Pregnant,160,Smallholder,Mixed,24.531314986183684,1,5,4.9624094860636285,1,0,Negative,23.034286077064134,4.178997202444927,1,126,Summer,0
39.223474396968086,0.5386681153225581,21.780846138445934,49.60042323860466,13.343711283983724,-0.9897235321923845,24.65631214231268,2,0.092636368687806,Reduced,22.71907772977527,51.31395762559154,31.806311402097613,81.65445383822649,11.528391896565022,Moderate,7.263581643020443,Semi-wet,1,Holstein,Female,Dry,301,Commercial,Grazing,23.767414832767606,1,2,4.551784557362472,0,1,Negative,23.825802040293457,4.50067583759973,1,273,Summer,1
39.0901207067752,0.2676523024777903,20.003326364016846,60.404412397766734,24.880381707424625,-0.8521920400583254,29.620506468086585,0,0.6600129942084604,Reduced,32.74271507511602,64.58588220751017,28.664609190567585,123.6376067714298,2.8538424951985513,Poor,4.923580933500984,Wet,2,Holstein,Male,Dry,309,Smallholder,Mixed,41.89309544933649,1,6,5.368951283842775,0,0,Unknown,16.95374451752086,3.552598746114935,1,254,Summer,1
38.640494481732375,0.6854775644321114,14.48610479463176,57.55349780288475,30.29916709197606,1.0233913668942445,34.528554779251536,1,0.5462980698788807,Normal,23.116824200290033,48.544351787839574,25.75943375430553,54.59151362696056,10.160148267428822,Clean,5.343043610882355,Semi-wet,6,Local,Male,Dry,224,Commercial,Confined,39.0461918331774,0,6,5.034705495999497,1,1,Positive,8.253118750255402,3.953856443658039,1,293,Summer,1
39.807982197628604,0.904778404511726,20.96983565437048,38.1432508240987,29.597981607737733,-2.6344624430053463,23.78106122646512,3,0.4302000967426576,Normal,41.236869264225035,73.6461815329856,24.652384408767354,71.67015665474982,10.920521533188271,Moderate,2.4035016163141982,Semi-wet,5,Local,Female,Dry,200,Commercial,Confined,55.41787322267724,1,2,4.1162178426846285,1,1,Negative,20.895660556137717,0.7698149939521172,0,285,Monsoon,1
38.057949140204315,0.9063318532149778,15.449649831696144,53.20298374508965,26.259596488883425,-2.0201950402293845,18.799647466487617,3,0.15244288440790354,Normal,29.01723145006149,58.417617874418745,8.182815131115659,90.80034253296986,5.778677414508854,Moderate,9.394142883497087,Dry,4,Local,Female,Pregnant,66,Commercial,Grazing,9.321068986263581,1,6,2.7942440640287076,1,0,Positive,22.929452279208885,7.443367410770826,1,321,Monsoon,1
37.78468489744516,0.7272363281057859,18.866732475857145,35.49046616905528,25.831259903605595,1.4462274570297453,32.21930952914046,2,0.4110271118693115,Normal,26.890634312276593,56.15547462016295,32.01698705955363,88.26515622940462,4.938943998318424,Clean,2.704952106635946,Dry,8,Holstein,Female,Pregnant,411,Smallholder,Grazing,58.12503359042619,0,2,0.12218596033558682,1,1,Unknown,12.648187003353101,0.7292956896286968,1,236,Winter,1
38.28485515807126,0.36898546517834485,16.786599730091464,51.9593210094085,32.18574267825605,-1.9579008938347922,29.946195845462803,1,0.7897317633200116,Poor,36.69471065317857,63.06427881282285,31.43385188913831,63.09986728363405,8.77377728257408,Clean,6.639446325484358,Wet,5,Local,Male,Dry,351,Commercial,Mixed,2.184608828981238,1,3,1.8455616935897388,0,1,Negative,8.167933284538233,6.29609300533884,0,206,Winter,1
38.6726483901867,0.8903974650870976,17.124534993057498,39.83385801239892,23.992488768500863,-2.9285765229538216,21.278807191352925,0,0.889621235789257,Normal,15.58482188852387,67.1293751219876,27.435578795745602,149.41368135816572,9.026346006102228,Clean,8.973215049910575,Semi-wet,4,Brown Swiss,Male,Pregnant,155,Commercial,Grazing,25.737512834032096,1,2,4.365134031434766,0,1,Negative,10.34627411260485,2.7370154919786485,0,113,Summer,1
38.84600366959362,0.9088747482505666,21.06497190016204,34.76746776624415,25.876778056145028,2.6027907821096363,23.599651774515294,2,0.7025765699642201,Normal,25.56889076070137,47.09651311293979,32.81944877225368,78.44395808338359,9.799771628241555,Moderate,5.366921996120057,Dry,11,Local,Female,Pregnant,422,Smallholder,Confined,50.2138013979457,0,5,0.35701816430346067,0,1,Positive,2.698505681536812,1.3419071549498558,0,267,Monsoon,1
38.55525836528621,0.357322867962367,13.839225120736408,47.800453426974045,20.075296828888007,-2.2907264718113085,22.845374355699157,1,0.059912175880880825,Reduced,24.832264139623035,75.38816818984216,21.59250354193976,122.10320846514631,10.305667813289258,Clean,8.401003900090972,Semi-wet,8,Brown Swiss,Male,Lactating,252,Smallholder,Grazing,68.69363033846572,1,5,4.539567953021037,0,0,Negative,14.010364998176346,5.072706522706601,0,224,Winter,0
38.91123323790858,0.7899408686165419,25.780780297107732,18.25432871845859,13.827739774871455,0.07617909749225443,23.652806385794506,2,0.6704097766011186,Normal,26.09431618503659,84.14735499526631,18.42927004152666,72.00266972117183,4.6839545601234,Clean,8.430528637090362,Semi-wet,1,Jersey,Male,Pregnant,221,Commercial,Confined,77.12656236145972,1,6,3.0983012985468212,1,0,Negative,9.713630282143724,5.802137249809313,0,276,Summer,0
37.949076345485736,0.42921563914169836,10.715655722822014,27.49024425594772,17.89690659700254,-0.0963722109135933,26.057903475752873,4,0.24098558954629457,Normal,28.130615192741356,53.89934581005909,34.03842206498836,137.78512107260838,8.869616018866491,Clean,2.4787683086899754,Dry,9,Brown Swiss,Female,Pregnant,51,Smallholder,Mixed,3.5561316266380594,0,5,5.206714902105391,0,1,Negative,21.344434733912554,5.226512274229898,0,194,Summer,1
39.56625876244396,0.8421122498823437,15.609329266980572,43.22508116225717,21.945045768792067,-4.415942474927125,26.400716174315516,1,0.31525124302640506,Normal,25.947110192315243,49.01954509147424,18.92393563392968,88.77583101496924,3.3490572428467553,Clean,5.297149805845773,Wet,2,Brown Swiss,Male,Dry,296,Commercial,Confined,53.7486887966994,0,4,3.9588963587291603,1,1,Negative,7.337703829214818,4.820628140939319,1,352,Winter,1
38.650709292964464,0.9977903199228821,19.480847559766964,45.824417666348424,22.36471223500782,-0.6009755347517134,24.09523806958924,4,0.19587320795998453,Normal,34.005010282245784,78.02527118595319,24.239733232014732,140.09024889891043,7.107313315441536,Poor,7.528203893496348,Dry,8,Jersey,Female,Pregnant,211,Commercial,Grazing,35.44365925226243,0,5,4.790651146884677,0,0,Negative,1.1925176710223886,4.5213990840887215,1,50,Monsoon,1
39.37037749895288,0.22402080426351426,20.33725666574124,41.30681229841811,33.55771512913236,0.4726198742186643,23.45101708300043,0,0.7757557906202046,Normal,29.17686733633989,49.17708618828247,16.19186440575317,84.1834919633971,8.128869165125945,Clean,5.378828072551063,Semi-wet,9,Brown Swiss,Female,Dry,426,Smallholder,Confined,69.49089202882615,1,2,1.0290289275313202,1,0,Negative,17.95473919231496,4.557940410732821,0,41,Winter,1
38.90563520782663,0.9178926926327455,17.59809711771318,29.205637012824013,22.487663005546413,0.33146407227829083,26.62729393648371,1,0.648602122637279,Normal,29.419947323199864,42.06275801814783,24.089786780591837,50.864382149691345,3.6173193667654795,Moderate,6.361337985434849,Semi-wet,10,Holstein,Female,Lactating,110,Commercial,Confined,28.377976211163414,0,7,1.0374849868322473,1,1,Negative,1.1703920773538656,6.990658215502638,0,10,Winter,1
38.974051931492276,0.6981044268789265,17.77043718799383,36.821081578614944,29.073060664153864,1.1552810257052524,29.006149209157368,0,0.6118350545991809,Normal,29.311729079363868,70.96216101913895,26.602969868770632,101.70204310784614,2.765065397195408,Clean,6.75566323685312,Dry,8,Holstein,Female,Lactating,364,Smallholder,Grazing,74.37236296274504,0,7,1.2665467312001832,0,1,Negative,13.557335407886027,1.1761523926345336,0,181,Monsoon,1
39.041860368139325,0.9787060953318569,19.642200341310467,48.91209327237394,19.389536550542104,-0.7812369723581511,26.10222078181093,1,0.6679726096692761,Reduced,20.557999332287366,51.98757081526751,23.73966575865651,102.47879361510965,3.9474628627619293,Clean,3.20983501384994,Wet,9,Local,Female,Pregnant,90,Commercial,Mixed,60.223690783665916,0,4,1.999870602636307,0,1,Negative,5.168955988137782,1.6802656090278334,0,356,Winter,1
38.968625136010395,0.5720076140211421,17.07572209016928,50.81781770628363,20.129944685408596,0.8687566631382411,34.95200214004781,1,0.2367722614039034,Poor,28.0098307130867,48.59052044642799,20.43688823648593,61.98341827886355,6.205887478523671,Poor,5.295849649188239,Semi-wet,4,Local,Male,Pregnant,317,Commercial,Confined,78.96723837176005,1,4,5.426565682204151,0,0,Negative,15.041020817211175,6.5948823785512545,0,177,Summer,0
39.08563365592053,0.877910344457099,23.572725031739623,44.83776882404059,14.02595417665931,-1.2339936021201077,31.04852628652472,5,0.4446444143253616,Normal,28.18233337965522,89.08013708572531,14.003323928756986,73.49635734192924,10.878409778153747,Poor,2.227705773468527,Semi-wet,11,Local,Female,Dry,54,Commercial,Grazing,98.4393958071329,0,4,4.645844828697459,1,0,Unknown,5.551338257174782,2.7727995031158175,1,108,Winter,1
39.497491518079464,0.2499152548786218,21.35739645692641,56.56833781036989,17.546031922740568,-2.3157011246191628,18.454924858847825,1,0.6332537215489892,Normal,21.378462968393233,54.59324916998638,24.3153702840867,128.34955909813493,7.319144245347271,Clean,3.1970086655627554,Dry,2,Local,Female,Lactating,405,Commercial,Confined,90.85859771641668,0,4,2.1878580444630344,0,0,Negative,12.5431736601654,6.286700990304466,1,67,Monsoon,1
38.81791270182089,0.4682232400626366,21.49129740402254,48.97397023459234,25.16188834818252,-2.146592563521849,31.14236659248312,1,0.6365940276183004,Poor,31.429999873874177,85.17216451077678,32.252866857840885,53.675582462865925,9.484928917339905,Clean,6.098032507011989,Wet,3,Holstein,Male,Dry,239,Smallholder,Confined,59.32901948462174,0,6,5.5108859132055095,1,0,Unknown,8.70658400907654,3.1452195872800153,0,36,Monsoon,0
39.12540225455311,0.253613230200968,14.135373106518331,37.525443460417875,22.0453610823648,-2.3931656827931223,31.633263895513494,0,0.7918518627551305,Normal,16.812931733231714,48.91093829443022,5.207377735090021,98.95266866866807,3.7414452829144658,Clean,6.588687983510482,Dry,8,Local,Male,Pregnant,218,Smallholder,Confined,89.37621774079746,1,3,4.673555558053872,0,0,Negative,5.1987626609607105,7.440575876315276,0,350,Winter,1
38.64615858342766,0.9802745067832566,17.682446302377187,42.194979465883826,27.657631719383403,1.3143789518367908,25.391590191254853,3,0.28710396668811056,Poor,39.59854038688154,80.94885660312175,9.01787082289071,103.04081234135629,3.0597819805522546,Clean,3.1698752527332985,Semi-wet,5,Brown Swiss,Female,Lactating,125,Commercial,Mixed,15.308981285480428,0,7,3.936344593229107,0,0,Negative,14.949098282152363,2.6100025332375747,0,167,Winter,0
39.56407032926969,0.8535791258174694,16.798136205117185,30.971338427921452,23.087523690070302,-2.471860263587835,19.02881447618107,2,0.7703361216968224,Poor,26.812355174371785,65.10094365242409,8.593194754995672,118.8712060676124,4.396173576322398,Moderate,8.044954161699364,Wet,11,Jersey,Female,Pregnant,351,Smallholder,Confined,4.303515692194859,0,6,2.6194005044829165,1,0,Positive,2.89102873093868,3.7017227860323327,0,315,Winter,1
38.29416461876444,0.8820379369967764,13.977594497242137,43.918610096085835,19.88527761017355,0.2110582609739548,28.048400556466817,2,0.4401844806169357,Normal,22.7227414411555,43.929738455799765,32.69615908678563,53.74562674001352,5.13880412790359,Clean,4.9839031029679415,Dry,4,Brown Swiss,Female,Lactating,71,Smallholder,Grazing,53.31332499036143,1,5,3.909959424006088,0,0,Negative,22.646133493173558,1.691311088385194,1,279,Summer,0
39.78056425974649,0.9503721851471154,19.44065673578307,56.121006192213386,34.889781182721755,-0.5988862911086494,27.953748091106537,2,0.6701726920589348,Normal,30.088641210504978,76.68026468217862,24.882430668878442,108.56463270904639,7.481020188221994,Moderate,9.365199430621375,Dry,3,Jersey,Female,Dry,36,Commercial,Grazing,97.43697761388606,1,3,3.559374367452057,0,0,Negative,18.89697994369284,5.500133985206607,0,279,Monsoon,1
38.6759052296134,0.2680827888958283,15.849416968880734,51.85290084710968,21.436578587721716,-0.3539728601759474,21.27012258080083,3,0.4557193800652868,Normal,30.130768569115915,84.60366858673899,33.55364319410452,50.30980365781832,10.812433203644407,Moderate,5.101301786443252,Wet,11,Holstein,Male,Pregnant,361,Commercial,Confined,70.97364474419074,0,6,4.691195516939136,0,0,Unknown,22.0649553661007,3.5216082816553276,1,100,Summer,0
37.841534938729176,0.5084780740106667,20.62161531940095,59.02009325919122,28.978005818231825,1.84541094279955,19.292684702440386,1,0.9486101697909433,Normal,37.23057098834216,48.15084951677608,22.484398196372847,76.51783672891906,6.260926167773654,Clean,3.1984878114608364,Wet,3,Jersey,Female,Pregnant,28,Commercial,Mixed,30.51424035836312,0,1,1.3534771895840854,0,1,Unknown,1.9767468959323222,7.559031363204655,1,281,Summer,1
38.77686264894648,0.2568279112352017,13.719233748422674,41.97114756201007,19.592744760731932,-0.8576410508229102,27.474678721279364,1,0.17930226474164446,Poor,35.91088107834122,76.27951211680877,18.851986914777612,99.96842553164812,7.187981878449701,Moderate,8.063763669446061,Semi-wet,10,Local,Female,Lactating,199,Smallholder,Grazing,66.877135280711,1,3,5.31346662086656,0,0,Unknown,1.0492132364163629,0.6181100388681502,1,340,Summer,0
38.29136900551507,0.3686344812400229,24.876162451367286,58.46099794514258,26.2575968763014,0.7174023423245248,26.60153684769507,1,0.6750050885823571,Poor,20.35083584771796,62.25262595365619,28.770287354430874,141.12813374256172,2.0461353598492065,Moderate,6.542406403514631,Semi-wet,10,Holstein,Female,Dry,22,Commercial,Mixed,3.9907713104701648,0,6,3.5512198253449836,1,0,Negative,9.232351915151517,3.407385350051204,1,60,Monsoon,0
39.204386129393235,0.3834926216301379,14.414669365631752,43.066957735520305,27.568093954910122,-0.14365497292833246,25.496407808065637,3,0.5765350007681589,Normal,25.64977027721981,77.69352266283592,9.828268024256737,62.658981600553545,2.3331206289128663,Moderate,5.093505345953246,Semi-wet,7,Local,Female,Lactating,297,Commercial,Mixed,47.061962066048494,0,7,4.840551354310488,1,1,Negative,15.183652382974529,0.6772221133172858,1,102,Monsoon,1
38.30842561241857,0.575285768838063,18.877209348801745,59.715850825698936,23.250951823453484,-0.42802835844904685,27.499535591520633,4,0.1727310409477446,Normal,22.451728259896758,75.69639740926529,16.44014348951964,66.9289129003275,2.837691999275476,Poor,4.847657307458093,Dry,11,Brown Swiss,Male,Lactating,201,Commercial,Grazing,23.725568341332902,1,7,2.0838166191952645,0,1,Negative,6.62109775580705,2.9678114522041144,1,161,Summer,1
38.432289940071136,0.4148497339629141,21.16743724155227,44.781432525578765,7.873102463820388,3.24995368657971,21.383341757078085,3,0.06600633581166793,Normal,30.71077587139086,41.33001152315027,18.98822721602671,116.92500643838277,8.989940854790287,Moderate,3.2061517884581683,Dry,8,Brown Swiss,Male,Lactating,311,Smallholder,Grazing,4.919815156223118,0,6,2.3514854658198754,0,1,Unknown,13.634492900953278,3.3518393014927685,1,161,Monsoon,1
37.56627556143268,0.2807824854542089,15.717438279199548,52.072313738042766,22.109514765136677,-2.3620126185730546,25.391076322803315,0,0.7991443889716636,Normal,34.075028764120226,48.93605179835776,13.953751835363546,87.4861693822399,6.8619136877191735,Moderate,4.726677019728092,Dry,5,Local,Female,Pregnant,186,Smallholder,Mixed,24.991038070618544,1,4,5.62372886818186,1,0,Negative,14.93803746096483,2.4360229690366504,1,193,Monsoon,0
38.428616208450556,0.3339928712752862,21.409874573731802,59.75112364309855,29.38276028655985,1.7336977531561673,31.199950183686084,3,0.15745133364626518,Reduced,20.41707307048487,63.55136214661372,16.138568372254355,112.34214019228718,3.929611985318581,Poor,2.2347531278266803,Dry,8,Jersey,Female,Dry,270,Smallholder,Confined,72.24604313277683,1,5,3.731730554636525,1,0,Negative,4.4874208796185275,2.416483357090118,1,303,Monsoon,0
37.24567240402263,0.31782045084167276,13.083265608798335,43.065723714187946,25.164884998166382,0.7846098482349582,25.90017951789227,3,0.18650668278577598,Poor,26.683977327738813,86.67970859560401,7.343155607732548,149.74541671342672,7.925994386898191,Moderate,6.0192153126061685,Semi-wet,9,Brown Swiss,Female,Dry,293,Commercial,Mixed,55.118878226676074,0,6,1.9064233264860486,1,0,Unknown,18.684065560631957,2.450446416820648,1,33,Winter,0
37.74965830590857,0.9784614383298387,23.80847079673024,47.18388987544174,24.67503325137548,-0.9192874919476761,17.96816516924469,0,0.9784342239890393,Normal,23.84067697592664,57.10367283774008,10.939507683486738,148.6871661348854,7.4461215181903615,Moderate,9.173789934509887,Semi-wet,4,Jersey,Male,Dry,100,Smallholder,Grazing,2.343489828745504,1,5,0.49294548615197264,1,1,Negative,22.536260340766493,2.4969240798942955,0,294,Monsoon,1
39.15624879368658,0.8074340055347788,18.056597059863034,57.88863425206302,11.666458396254885,2.243977776162418,25.16384633365857,3,0.7172608514766308,Normal,31.222199741264436,71.44367351400909,15.064901609927851,85.37135794944214,2.8879930180999573,Clean,8.362646369722617,Semi-wet,2,Brown Swiss,Female,Lactating,46,Smallholder,Mixed,40.97377531539961,1,2,2.6061169500668138,0,1,Unknown,15.722937865323043,2.6171462294840815,0,152,Monsoon,1
39.1714800951905,0.9742091722156496,15.61435436812448,43.669968360699364,17.677269575949648,-2.972165168582805,21.579049218958836,4,0.2504868416012225,Normal,29.04742728941799,40.60418727572144,28.87671299699403,100.39253538248326,8.404127727171463,Poor,2.2281695776337145,Semi-wet,5,Local,Male,Dry,137,Commercial,Grazing,75.21711045335918,0,6,5.094496935364938,1,0,Positive,22.800521960465545,6.884734516616652,1,351,Monsoon,1
38.955274537070984,0.5517923892063268,16.80327291029026,31.791077174938387,24.468145786908636,-0.9826499859486075,29.602817778770383,1,0.5909489601516013,Normal,32.87907111707817,75.5563460773472,10.474920645285916,140.46901586293933,9.671548726305101,Clean,9.05008261014586,Wet,2,Local,Male,Dry,246,Commercial,Confined,95.46046935633512,0,3,1.5085908374178727,1,1,Negative,6.661077243704116,0.7929054006805282,0,358,Summer,1
38.11981431412247,0.4226947853301253,21.235677077570877,66.4300705458491,24.462299660721353,-2.0127233064036143,29.913024420282554,3,0.5341118384025133,Normal,24.894686252094953,70.15341313764023,15.39921121952674,59.216766240855755,4.865544077090969,Clean,5.618598631060427,Dry,10,Brown Swiss,Female,Pregnant,371,Smallholder,Confined,87.43575708590345,1,5,5.161722217198046,0,0,Negative,1.8398344408438128,7.916823484265632,0,305,Winter,0
38.67137318631482,0.8386345577673493,15.662178832598247,40.30235535662863,29.288000680797417,0.41812519730719017,18.047352249483815,2,0.8444732675138475,Normal,26.416753765554716,75.7697373307883,6.947608645908056,95.2303903836847,8.874888619943075,Moderate,3.527131723323955,Dry,2,Brown Swiss,Male,Pregnant,214,Smallholder,Confined,0.1519751229972499,1,1,0.969881664487249,0,1,Negative,6.691018573961516,2.6114237455912117,0,215,Winter,1
38.69783847654566,0.46100313443291746,15.00256924230889,46.58756050937543,21.130799469123435,-1.8695961517807664,32.55407782349313,1,0.7293207478326243,Normal,28.970574872073048,85.23303065124725,21.71313034479818,87.7577348316459,3.99719517008784,Moderate,8.0192956417231,Semi-wet,6,Jersey,Male,Pregnant,160,Smallholder,Confined,21.870199702682037,0,1,0.7795948873006282,0,1,Negative,15.906558640934984,0.7095961671590154,0,286,Summer,1
38.00498118648448,0.43950669896427863,17.113853609665046,56.56006669451127,24.434944520042887,0.44959592011197863,21.32688219232865,5,0.8317211254931858,Reduced,25.644749152320614,47.3249466558905,23.337526644227832,79.48827726609973,9.567288137117448,Moderate,4.582988401416371,Dry,10,Jersey,Female,Lactating,292,Smallholder,Confined,20.773688424188563,0,7,3.6341524977537456,0,0,Negative,14.745603180480032,1.813693776172395,1,58,Monsoon,1
39.602038981060296,0.38600479376626495,13.292151548920128,38.91506096268798,22.09824545158776,-0.4796546237323311,37.35509374289411,1,0.21150658797736244,Normal,28.49500768108174,53.079479800403355,30.965493903865006,149.4204211922348,11.117741691227202,Moderate,4.026547385094823,Dry,11,Jersey,Female,Pregnant,336,Commercial,Grazing,41.30946300277425,1,6,4.827827506759186,1,0,Negative,7.150330562570784,7.5639970457741805,1,218,Monsoon,1
39.2264173743454,0.3037431825793883,25.282175631767263,34.9213208677787,16.07834358099066,-0.9190309139841264,27.707342412996297,0,0.6402192043670052,Normal,33.35074210983223,89.7890446084071,29.57347995505892,123.35492939723778,6.41867123801647,Clean,3.290547254252381,Semi-wet,10,Local,Male,Dry,421,Commercial,Mixed,64.57545645423409,0,3,4.680317542234437,1,0,Negative,10.385087776130154,7.981426080927785,1,353,Winter,1
38.567421495702206,0.4051704488134128,15.734421635141107,47.53737296774833,8.465252013431515,0.38297086904996575,20.521639008765028,2,0.04024085841838032,Reduced,37.667986397704055,47.814197925481345,13.561338640516414,88.8746992392922,4.446220782116178,Poor,5.892975255201782,Dry,1,Brown Swiss,Male,Pregnant,262,Smallholder,Confined,15.30690608812627,1,6,3.2616519933084893,1,1,Unknown,9.455610198427953,2.3506480098906994,0,121,Monsoon,1
38.716131503396724,0.4842557987791102,21.326467144721615,27.069236020876104,24.58605815278046,-0.6029324359070962,21.148083575843913,1,0.0689406122792201,Reduced,24.55834610327976,76.03135032630132,9.108610675695791,132.90218916654192,5.991767021976998,Moderate,2.747151996395562,Wet,2,Holstein,Male,Lactating,36,Commercial,Grazing,91.56786940054562,0,6,3.8321503973282773,1,0,Positive,22.85979220286125,2.1908695130481144,0,144,Winter,1
38.82502968476854,0.7391953665165845,18.83788033459109,42.1209392313208,23.043683250476867,-1.832952264588558,30.088571750724068,4,0.7135270327045973,Normal,37.73766566389993,76.25379552554509,9.682495466312112,98.96661007120568,4.500774726557169,Poor,8.284905032910292,Semi-wet,5,Jersey,Female,Pregnant,203,Commercial,Mixed,77.71169148214385,1,2,1.5491957443092128,1,0,Negative,8.229775407260082,6.770676960254108,0,144,Summer,1
37.47495907894543,0.25005187377556126,14.061863798072128,47.45038664315406,18.290949747398987,4.0020594844524675,25.652200660609736,1,0.024420102643931352,Normal,24.488536649614613,74.14968731177848,34.068918291213336,137.28244123678587,2.0123937576637543,Clean,5.765396613331288,Dry,10,Holstein,Male,Dry,67,Smallholder,Mixed,41.933193732764316,1,6,3.3073254640974294,0,1,Unknown,5.441595891670725,7.356589360223578,1,295,Winter,1
38.55169357048764,0.3684055517322744,17.976181163149082,42.30048103174836,12.284961660904811,-0.9307507745437169,27.420076542291156,1,0.5797650089005092,Reduced,31.344632811422528,51.372029465728886,25.19677442022072,76.63798456305784,8.504566118044451,Moderate,5.575811334551362,Semi-wet,5,Local,Female,Pregnant,35,Smallholder,Confined,58.399347627419196,1,6,1.2462090287716983,0,1,Unknown,14.009090882133632,5.377708607358742,1,46,Winter,1
38.290809451201326,0.8472189122333411,21.136011117242994,29.56549056814253,25.778437086452428,-3.5264136202280225,37.67668139618223,2,0.84040509844453,Normal,24.528019659586175,50.75670316069353,6.27712363409718,72.36002273870653,2.425266419621969,Moderate,2.014831651852168,Semi-wet,10,Jersey,Male,Pregnant,489,Smallholder,Confined,54.18020052824397,0,7,5.570151031385035,1,0,Negative,3.8709485871469327,7.5186523631289015,0,151,Winter,0
38.09902799406305,0.31753753886701663,17.246954659654772,60.941779562040125,20.404479554826686,-1.4631480345820829,23.80453561462555,1,0.3799418084180286,Normal,21.852035698717707,73.3170534017394,9.103377651352837,74.72866812474476,4.10390740217231,Clean,8.54291088246849,Semi-wet,3,Jersey,Female,Pregnant,428,Commercial,Mixed,58.223005567707695,1,1,4.068340414164599,1,1,Unknown,12.6810074112622,7.625093591547395,1,26,Winter,1
38.53133982426843,0.4741161172180173,22.77245178340411,46.03538153949175,25.341248334208874,-2.1009150325590955,28.35977714617424,3,0.04484043683991279,Normal,33.113630050426316,49.3125092229608,19.57400195302867,103.84805761250524,9.22449556129821,Moderate,5.94269647230603,Wet,5,Holstein,Male,Lactating,212,Smallholder,Mixed,86.01152537495685,0,2,3.3878640954749915,1,0,Positive,16.79972748552435,6.197661913513359,1,305,Winter,1
39.77861191610972,0.8917271374865121,22.086061571127455,59.31152117761741,33.18429118247055,1.0392184240607734,36.51906692423832,5,0.7138474496287268,Normal,26.754251062307222,73.07816658702687,11.234864128793593,79.13133911551347,8.657250139157835,Clean,5.519156158410783,Semi-wet,9,Holstein,Male,Lactating,302,Smallholder,Grazing,20.011963945067336,0,7,1.4828537261667234,0,0,Negative,22.695051034859755,3.115312507698529,0,81,Summer,1
39.08450571676021,0.32394024891475415,21.675659418633316,42.39963749819555,9.15141471808177,0.282478989387379,29.623080852798402,1,0.9296864524641508,Normal,33.419991667075635,64.62641410126591,29.109769550000564,64.7119684146384,2.7332891204616567,Moderate,8.091079082275124,Dry,2,Brown Swiss,Female,Lactating,33,Commercial,Confined,68.37139686758529,1,7,2.453869120673372,1,1,Unknown,21.521927018278575,1.6209475437272833,0,102,Monsoon,1
38.35729260613032,0.26618946849455194,16.161372910908014,36.19988018309236,17.802395147785816,0.3980692026855163,18.360383587851963,2,0.7171713920582679,Normal,30.76007023030872,59.3314433824692,22.196513527080945,149.4627918505732,8.600547410790771,Moderate,2.503188392806087,Dry,6,Holstein,Female,Lactating,367,Smallholder,Mixed,10.703280013748618,0,7,4.681300447688894,1,1,Unknown,20.347965892938394,4.382544495026231,1,109,Monsoon,1
39.0435496688137,0.5876303960640087,13.680630208874053,47.691809202551596,20.74374632012852,-0.7550336987558663,31.03233407039282,3,0.5784472430027753,Reduced,29.055570706569892,55.011617468897285,23.378966233678952,140.043322744141,11.305748895757826,Moderate,4.93344364876163,Semi-wet,8,Local,Male,Lactating,386,Commercial,Mixed,45.91639747890438,0,3,1.43645005601157,1,0,Negative,10.059073853677466,2.672075698988781,0,280,Winter,1
39.5396132619516,0.44193560902282913,15.545649578548822,42.842128736717804,30.728957044879905,-0.6190253705853823,21.021982853299335,3,0.23002882987906004,Reduced,29.755779876291122,87.37884666615582,18.884766441476355,113.50124374930797,2.7450246901818316,Moderate,6.605871660430052,Dry,3,Jersey,Male,Pregnant,247,Smallholder,Confined,63.583886894850494,1,7,0.7731431874698664,0,1,Negative,21.561409660806003,1.3887637358054725,1,127,Monsoon,1
39.254780209747665,0.6507266915870833,18.78496376266688,33.22238542008642,12.18158188476109,-0.7563966554115023,36.440845172397786,3,0.015375624044496994,Poor,32.44321771649405,65.40468288713939,12.681883262789466,139.1542873923946,6.156882276766362,Clean,5.684620501913502,Semi-wet,2,Holstein,Male,Pregnant,135,Commercial,Grazing,1.2501661146784304,1,6,1.8441218417166467,0,0,Positive,17.48269462626624,3.454973382119423,1,107,Winter,1
38.73577822195211,0.8430439123867801,20.183146854129422,59.69784258787496,33.615166154083624,-0.3217897762032046,23.062794370012135,2,0.6946721084790533,Normal,31.632240734124927,68.0625981255481,22.682108396076394,143.5462737507819,9.294338901141414,Moderate,3.453111119023795,Semi-wet,11,Local,Male,Lactating,392,Commercial,Grazing,10.80662640073431,0,5,4.766830485418221,1,1,Unknown,11.155122082517124,4.098243079761996,1,339,Monsoon,1
38.31183793337666,0.30971879052219453,9.31371438095821,38.77729777106004,22.815135409397744,1.053000153047253,45.81705704647399,0,0.23102617584429297,Normal,24.977351182260954,87.46280423433927,26.509101384821953,117.61082918658356,8.677230031779134,Clean,4.394212061442494,Semi-wet,1,Holstein,Female,Lactating,325,Smallholder,Confined,9.12667694247723,1,2,5.298696501429197,1,1,Unknown,13.973803462614924,5.464896139405545,0,170,Monsoon,1
39.11893398816816,0.664559267643428,17.967547193553,26.597336152044313,21.42399602959685,0.30411311875801966,36.80425592996607,2,0.8581626771823575,Reduced,29.114672159226014,72.6938659048567,16.12844232890501,101.86797786913081,4.265105424694983,Clean,4.401604461181064,Dry,1,Holstein,Male,Pregnant,243,Smallholder,Grazing,37.46926076011447,1,6,2.486179991227165,0,0,Negative,11.030549873601805,2.1585453019643146,0,126,Monsoon,1
38.93609123125305,0.6044070083118911,18.632356901292738,58.28166053957332,20.811641420686563,0.5501692444313,23.220324582232127,3,0.4663641188326113,Normal,34.5030769356751,87.89264638784138,20.148308918535058,138.20017922146772,3.6306727749670635,Clean,9.935766422121816,Semi-wet,11,Holstein,Female,Dry,48,Smallholder,Grazing,62.20089568784477,1,1,4.687546215920257,0,0,Unknown,5.526116736007821,7.013702640336714,0,27,Monsoon,0
39.23711593201664,0.3152630288105597,16.889822974737793,39.957019841873766,19.382421806919826,0.5493383623738042,28.120082830009665,2,0.5306355823724562,Normal,27.226452236474334,45.31833702613493,30.190519114161,106.77969969129094,9.842470040409319,Clean,4.6095769504531905,Dry,4,Brown Swiss,Female,Pregnant,484,Smallholder,Grazing,99.5965030465636,0,2,1.9933441885225434,0,0,Negative,11.388810639302752,1.8908133816446953,1,130,Summer,1
39.08110308100918,0.699198788423186,23.165095356063517,38.921761073843754,28.28870055561493,1.1266636560726069,32.521865689800784,0,0.7539365442663667,Normal,24.529536668619844,82.3319815886202,9.46045285467381,62.6800542853874,11.562446552387966,Moderate,3.641456500338392,Semi-wet,6,Jersey,Female,Lactating,47,Smallholder,Mixed,25.407888534171676,1,5,3.0527434765544355,0,1,Negative,19.57042262222699,7.979223213101265,0,116,Winter,1
39.329731629191606,0.41891233428861735,19.687120297003485,27.34612412970026,15.588875475505366,0.23222506231038192,32.70196284536024,3,0.7794306078033432,Normal,23.893082766261323,56.77073140115454,21.35673257822301,86.68560004575058,9.675834675428291,Moderate,8.581097224833172,Semi-wet,7,Jersey,Female,Pregnant,424,Commercial,Mixed,13.595953149158946,0,6,0.12110679856451934,1,1,Negative,7.131525307285144,4.676593639671795,0,136,Winter,1
38.37885887306366,0.59026745483521,23.24076763232359,62.40941486596991,24.07248508986312,0.3382721090183782,30.654017559857184,4,0.6426508330805681,Normal,31.245771520401032,80.52437625351706,15.452379854876844,94.5920951735377,11.632044821977502,Clean,5.369370040028869,Semi-wet,8,Jersey,Female,Lactating,427,Smallholder,Grazing,41.47626483876188,1,5,4.27197525190108,0,0,Negative,15.727831363074637,1.6013177152167584,0,335,Summer,1
39.490436439380595,0.26581785942164954,17.13615791859907,32.105194127903125,19.694910005758146,1.583209361789735,35.51295422179666,1,0.938431815412743,Normal,25.79787432674823,82.78183120974893,26.083842746516915,143.53690161355956,8.049954241370427,Clean,5.550909555896406,Dry,8,Brown Swiss,Female,Pregnant,65,Smallholder,Confined,14.597543266845637,0,7,4.3122656351538655,0,1,Unknown,13.725283802717803,6.75795242811395,1,169,Summer,1
38.81855976281544,0.5676672457708984,21.7499099700277,45.5844948070565,17.427199308915412,-1.1975688770046682,27.262186320193784,4,0.9822984363204194,Poor,28.811175197774922,53.57439430712779,5.56430729487184,115.91854723058223,11.290988606919171,Clean,6.391112507965898,Semi-wet,10,Holstein,Male,Pregnant,79,Smallholder,Confined,2.4544542598428754,1,1,0.6012223580021627,0,0,Negative,22.162504599123444,2.4029838079254997,1,141,Summer,1
39.945156523575164,0.4451707744342563,24.540265578110077,54.1262032254044,37.51585105410338,-1.4836138699272607,25.7996939885438,0,0.9468854443746169,Normal,25.559680550649162,60.441530825773945,25.114198994095663,137.52775627958908,8.904356945448868,Moderate,6.765513578100093,Semi-wet,1,Jersey,Male,Pregnant,374,Commercial,Confined,56.3959058988316,1,2,2.1528308587105025,0,0,Negative,18.161901138756836,1.9123476690857766,0,91,Summer,1
38.28648730914626,0.8579049689482836,23.246773797090643,49.21716933003097,24.51430440852076,-1.9788823987802837,25.918816072452337,3,0.8241791853439435,Poor,32.86972828850696,76.30071771574521,8.086932020485623,125.75917008399362,11.088847502010866,Clean,6.724444803282716,Dry,8,Jersey,Female,Dry,167,Smallholder,Grazing,87.95725132259076,0,2,2.9012800587484584,0,0,Negative,9.312002617261394,1.5109457834090019,0,150,Summer,0
39.74157828189915,0.24558298159789463,13.631433626285068,44.40345688007808,25.67959326796686,0.07437184543038389,33.15023939183276,3,0.7056252202442514,Reduced,27.751082071267493,44.952781544848534,6.94303258980974,80.9860886522683,3.6158896796959077,Clean,2.2759977792883515,Wet,10,Holstein,Male,Pregnant,71,Commercial,Confined,86.08501051206908,1,4,4.644638681223368,1,1,Negative,13.919707210457112,4.631710898407434,1,47,Winter,1
38.81874647007759,0.534885819934664,16.985295689830476,27.98334141712584,28.826660684011973,-2.980598361828685,30.191086241815878,3,0.6633258578816675,Normal,34.14084633116643,77.776676716967,26.73869902875839,121.87089930641832,10.155652157439489,Moderate,8.550739463183621,Semi-wet,1,Jersey,Female,Pregnant,169,Commercial,Mixed,10.07885728185749,1,1,4.941639190973698,1,0,Negative,21.957876020723972,7.0949486419450505,0,303,Summer,0
38.30914919783133,0.5667451393051504,16.619341178200813,36.90275164232716,13.471900328088717,0.493231144089516,29.747701994141536,3,0.1037501769205339,Reduced,33.95772041674042,45.5236463027372,24.210264587122204,69.52997359238746,3.967458009534525,Clean,3.558822552598704,Semi-wet,3,Holstein,Female,Dry,343,Smallholder,Confined,14.747691529788698,1,7,4.314952269651584,0,1,Negative,6.2090534984338435,7.228325786990916,1,65,Winter,1
38.40966849956741,0.7800048610392951,19.957018140305312,46.87800338042522,32.51375145473219,-0.363789641750829,32.77140549554309,2,0.2714843468191125,Reduced,26.55927540517791,85.7227866134029,31.848077926779762,90.81458117174677,2.2742910194595725,Clean,4.3387370222708865,Dry,5,Brown Swiss,Female,Pregnant,163,Smallholder,Confined,49.11209931583736,1,2,1.295081711050717,1,0,Positive,11.913116316328207,6.3921393824847765,1,197,Winter,1
38.50779161508341,0.6594300600721688,20.745414220058134,37.12825930013004,6.946256929029545,1.5019595497315852,15.69368555287687,1,0.0056882235293770345,Normal,33.6667196374339,53.816964664817675,20.589648674019355,130.6091857155932,7.17586134042963,Clean,3.3874361601654037,Wet,11,Jersey,Male,Dry,168,Commercial,Mixed,36.77165201384411,0,3,2.138044360798275,0,0,Positive,6.098654321228263,4.86085443954645,0,335,Monsoon,1
38.954499567841154,0.733769869755345,14.644429303897056,47.03359459998768,17.387401539768877,-1.2078759656974858,29.860412943250903,3,0.13740987023399187,Normal,25.311154424544853,68.77996734336779,20.900732765815015,111.19291619152283,5.182517805618444,Clean,8.136613260287021,Semi-wet,10,Jersey,Male,Dry,191,Commercial,Mixed,70.30745427681897,1,4,1.483817225366483,1,0,Positive,10.623761901826075,4.474127678955098,0,286,Monsoon,1
39.0137012928213,0.821639428521405,18.27135405566775,51.817434088151415,19.245809960926596,-0.5049774281262602,29.311413333242296,1,0.43922947716918836,Normal,28.330734882260998,45.85767500381364,26.210535067296515,132.5412505952615,2.435313617880179,Clean,6.669263941003356,Semi-wet,10,Holstein,Male,Dry,337,Commercial,Grazing,49.49410002119181,0,1,3.8231118547688334,1,1,Negative,2.339134342665609,3.3032880741248465,0,250,Monsoon,1
38.35577999763686,0.889762378926551,9.920290671375454,54.625028858001016,25.490340189823037,1.4833049999400532,38.012848487804234,3,0.14653655078907335,Reduced,23.101462787179287,53.474657733123934,14.701927290597535,75.47035823500514,11.803043787281593,Moderate,8.042369222016411,Semi-wet,8,Local,Female,Pregnant,168,Commercial,Grazing,2.0118178687317134,0,5,3.8840974733745792,1,1,Negative,21.147320241822563,0.8304979899881832,1,302,Summer,1
38.685387244643415,0.4511003973779764,23.76778002320756,32.738206421873166,23.312309596848927,1.8747034701672287,18.828472106417998,3,0.9016634146767579,Normal,29.967775694200586,60.19775217435527,6.107373662657976,124.97488324272949,8.664660954899928,Clean,7.227187243434403,Dry,8,Brown Swiss,Male,Lactating,123,Commercial,Grazing,28.45641782794327,0,1,0.09701495654649128,1,1,Negative,23.499652284230915,6.7744164336258645,1,262,Summer,1
39.98536221516712,0.6304181642911224,15.950503037293226,66.96646054978955,20.99911155580964,-1.22022854862773,37.343119794260545,3,0.805699185335282,Normal,28.50648174657869,64.35244383415072,11.901374771571735,70.23243614418365,11.018121732155986,Clean,2.833269075355215,Dry,6,Jersey,Female,Pregnant,158,Smallholder,Grazing,90.14918706917953,1,3,4.390267634102573,1,1,Negative,14.059594081517098,7.99604181109514,0,87,Monsoon,1
39.73652590206043,0.87208646275136,18.223455759377988,52.674793445541304,21.928015932233656,0.07267184888074013,28.452454773547995,2,0.07161191208951823,Normal,29.57099449182091,40.00337488232872,12.140402356890998,104.53041723980073,11.990825858719482,Clean,4.411998206808042,Dry,4,Holstein,Female,Lactating,139,Commercial,Grazing,51.15088268743205,1,3,1.3770629144389455,0,1,Negative,13.743700697130945,7.406352516964394,1,52,Summer,1
38.96179420180442,0.9915609047720453,16.761401144047756,44.98285846330936,16.13186185886459,0.24162846652607217,30.93393718396027,3,0.24891371546726604,Normal,20.199361907958565,84.43278811902343,15.069765508345816,93.35345944544314,5.919667366710921,Moderate,6.0581212767209704,Dry,4,Brown Swiss,Male,Lactating,463,Commercial,Mixed,79.79487517031589,0,5,4.808255300824975,0,1,Negative,22.983937978088534,7.497789145597697,0,5,Monsoon,1
38.72280208690092,0.9116154488350106,22.58411030005366,55.89536583076641,13.016605633094962,0.36048010843172246,38.05551272565626,1,0.8190718846115088,Normal,17.053220664705258,40.38374047794385,33.303881991213885,105.6475857770807,4.547370287341152,Poor,4.439560251450909,Semi-wet,8,Holstein,Female,Dry,56,Commercial,Mixed,40.22960992769272,0,5,4.996887456739916,1,1,Negative,10.044558784026712,2.9991727512918334,1,214,Winter,1
38.77201879603096,0.49717381009950146,6.649974234410484,68.65407771999973,26.359069734016362,-0.5938634889734333,31.36456760803344,2,0.8030461265598735,Normal,21.336845443450407,78.68422814972125,29.145283959894435,63.553342402827255,3.8388439268682877,Moderate,3.6584312352489317,Dry,11,Local,Female,Dry,191,Commercial,Mixed,67.6963647846239,0,5,4.781856299627864,1,1,Unknown,15.285088470904418,1.2447937911707034,0,41,Winter,1
39.068110783638254,0.35613321377492035,17.933558630696364,30.612798989431305,26.162236675217112,1.7220750971854524,30.402209736775365,1,0.9454505501177888,Poor,29.495593240636182,63.52894561781855,33.07868735615576,86.12278755130117,7.151871077913426,Moderate,8.958495752532798,Semi-wet,3,Jersey,Female,Dry,143,Commercial,Confined,16.90032172369593,1,7,2.4486781139261904,1,0,Negative,20.257005611688637,7.0368738810754214,0,167,Winter,1
38.08632446088096,0.591514029925271,17.57672497000921,42.74737357508646,31.50696625094235,-3.0345552254323183,29.45374711481391,4,0.9975477616173603,Reduced,30.367265541579737,66.19400124506882,34.95828770339001,116.69038308661737,8.060807775021575,Moderate,7.982269401723007,Semi-wet,8,Local,Female,Dry,297,Smallholder,Confined,73.65332672216834,0,4,2.089813511072152,0,1,Negative,12.632115114834008,6.228574063130645,1,30,Winter,1
38.54557407754599,0.7933131614688338,16.18545444963327,21.215683401266716,17.259897419108754,-0.8316953522016259,25.099131190033738,3,0.9762700632411219,Reduced,32.646683960815494,50.41327396672705,18.013370122611335,105.85307940810273,6.724227360325248,Clean,4.761760484433413,Dry,4,Jersey,Female,Pregnant,231,Smallholder,Confined,78.65810464168156,1,7,2.610726507898011,1,0,Negative,6.094456383523589,3.427805454624432,0,48,Monsoon,0
37.69884955567345,0.594055256602638,24.90490618254253,46.92651532648025,26.156891261805534,0.4718960991594204,27.829065252937642,4,0.41013798572144144,Normal,24.97744416340443,70.36841751728521,11.81219950040914,104.89697589118197,5.8725201484568235,Clean,8.120098901031188,Dry,10,Local,Male,Pregnant,213,Commercial,Grazing,9.014025911594548,0,3,3.163420008040159,1,1,Negative,19.6921349380455,6.751831680259156,0,209,Winter,1
38.93953387356317,0.5865446906509348,14.450682164576914,48.65394241925141,20.29775962981161,0.4858372179240153,23.70692340326351,4,0.25032844380203223,Reduced,28.0432100889907,66.8615954584726,21.800124837657474,101.08301121312545,3.682725634591283,Clean,7.020308947561824,Semi-wet,9,Jersey,Female,Lactating,446,Smallholder,Confined,18.331074305329352,1,5,1.499519552447655,0,1,Negative,7.236115262194631,1.5405175639714876,0,188,Winter,1
39.08831756382165,0.8705843368654405,21.087184708942644,44.6083788455724,29.142849911160894,1.8291385459221445,27.73259860344711,4,0.7584101904270625,Normal,23.49486883126507,48.21182033101477,31.434032418443564,144.38849100388785,6.41859623810624,Clean,2.030285869059174,Dry,2,Holstein,Female,Pregnant,478,Commercial,Grazing,46.28892735895028,0,3,5.589818360852786,0,1,Negative,20.40684614428155,5.38313142433546,0,123,Summer,1
38.41008812262038,0.4891230232537491,19.425011154824332,38.4546642900169,28.13177666006885,1.5973380898019305,13.98441581766942,4,0.2992728927440308,Normal,33.83698406904932,51.90595006746096,18.971955830437345,143.45696979397343,2.8524313707906495,Clean,5.04209620809308,Dry,10,Brown Swiss,Male,Pregnant,40,Smallholder,Grazing,63.743673640763156,1,4,3.0243897606020584,0,0,Negative,22.726100315142816,7.650379142518784,1,151,Winter,1
39.644392057974024,0.8878357398493166,23.046077010142064,24.50485483811675,23.26725639534674,-0.6283124379608356,30.57423740540529,1,0.8064003601313298,Poor,23.453253770865793,43.34518145062286,20.161979077167608,86.01449727982943,10.650477588875919,Moderate,4.323899993554644,Semi-wet,1,Jersey,Male,Lactating,436,Smallholder,Grazing,63.749133457484305,1,6,0.43918203368804076,0,0,Negative,13.55914266123684,7.328137486785256,0,360,Winter,1
37.964540602198596,0.5254438407613788,15.331243660889978,48.73533683411769,19.96281906000408,1.749806865295907,27.269576477298248,0,0.5339547303979244,Normal,32.89264268004354,43.31417860447263,9.0331731778348,85.18950115842048,2.469026520979594,Clean,3.743268973647175,Semi-wet,4,Jersey,Female,Pregnant,260,Smallholder,Grazing,66.82029805757095,1,7,5.983212544730563,0,1,Negative,2.1338446991202824,6.206373118725775,1,178,Monsoon,1
37.82137507187411,0.46258648454267154,15.068124403504964,59.55434483915325,27.76559307164957,-1.2710626156661824,25.982777579999414,0,0.7939272752349539,Normal,25.743439148797542,40.68878929762133,17.61366477703283,105.48984565730612,5.806460617315547,Poor,4.012715152566759,Semi-wet,9,Holstein,Male,Pregnant,164,Smallholder,Confined,71.44152469996997,0,4,2.904624242311462,1,0,Negative,22.979209722943537,2.4993709010438776,0,13,Summer,0
38.83467109113599,0.5631919289597592,22.384279629909592,39.08981544266568,25.881427139539394,1.1963310741877562,29.31854850364086,4,0.27587987971701045,Normal,34.87622803384548,51.02371627415419,16.609844294257343,59.56062841392078,3.001378690429685,Poor,9.53891877260418,Semi-wet,7,Local,Female,Dry,311,Commercial,Mixed,50.576663772087386,1,7,5.6819332168816725,0,1,Negative,20.120459072794382,1.2692276873564698,0,110,Summer,1
39.328258981567295,0.8099575669398948,19.70128523332044,49.40059929023145,17.893357587482903,2.5157837176314897,19.398616462207357,3,0.5080273155538209,Normal,27.914788316963612,73.98306136985278,15.550655085963488,80.30067007675159,9.749804994670782,Poor,5.890536543932298,Wet,9,Jersey,Male,Dry,161,Smallholder,Grazing,57.48554892513662,0,6,2.341702306637198,0,0,Negative,3.6992639367450755,2.935520845034149,0,234,Summer,1
39.710356614874726,0.30080162229119545,11.820250613292966,29.318556865799493,14.033207959123414,1.6224161602824536,39.57561997972769,0,0.564023793602182,Reduced,27.80543684463591,55.81076940711782,31.618960097725996,73.08675658011728,5.127369788279268,Clean,8.781669745792957,Dry,9,Local,Male,Lactating,184,Commercial,Confined,0.8406133808297467,1,3,1.3485648156343684,0,1,Unknown,15.475915546133775,5.130150790868207,0,38,Summer,1
38.42466944227864,0.3571353726976139,15.842779942146919,49.57213063692514,20.26880259590922,-0.041344424713815164,27.383395231074402,1,0.9431080677201321,Normal,23.229599426333955,57.13671349336883,6.779042996369988,72.33896683364284,3.1310561265255483,Poor,3.7137372172238603,Wet,10,Holstein,Male,Dry,434,Smallholder,Grazing,16.660070534223625,1,5,4.421280660739956,0,0,Negative,8.259080612649447,2.8737942963840544,0,295,Monsoon,0
39.34720850005878,0.9611558605304735,19.545530615392245,41.06617702255343,31.092482892089254,-0.6976681576581834,27.124933402166864,2,0.2665975768304173,Reduced,37.83508536242293,46.59526966277224,34.164415486920404,113.85055258952679,7.314912988645139,Moderate,3.3952303971675866,Semi-wet,9,Jersey,Female,Pregnant,407,Smallholder,Grazing,49.85640420949176,1,6,2.5949658810903253,1,0,Unknown,8.59759035054136,3.5983576872909655,1,359,Monsoon,1
38.67689491829958,0.3403933019050859,21.351056886186356,37.375820493970856,28.87892295239823,-2.4928869443889297,22.207622739202467,1,0.9366882392848946,Normal,31.954078887453527,68.773533382821,5.247404758194081,88.43503343441493,11.162770072295402,Poor,9.110316706511277,Semi-wet,9,Brown Swiss,Male,Dry,153,Smallholder,Mixed,74.5593058070356,1,1,5.288751705508778,1,0,Negative,14.34707326811917,3.527047073232674,0,180,Monsoon,0
38.59642362003551,0.6541818543448437,15.283077387228179,37.39636358783869,15.326035181976515,0.265809456871306,28.14367829469557,1,0.8048589154657159,Normal,29.55978104775557,57.10718207733686,33.367820418494276,67.11643747583062,11.086448711192034,Moderate,5.965637486259743,Semi-wet,7,Jersey,Male,Dry,197,Commercial,Grazing,80.89249000233988,0,2,2.7869465620976346,1,0,Unknown,17.373240188971096,3.01870045166056,1,122,Winter,0
39.230195962492004,0.6634515733295503,6.3429760407322355,41.0638841796699,14.993455504600472,-1.8728258419563788,36.321759341639684,6,0.7308940540866953,Normal,28.1977731069818,73.81584017151073,21.441425085156308,138.75718449877596,4.496510411327899,Moderate,9.161217002499303,Semi-wet,8,Holstein,Male,Lactating,104,Smallholder,Mixed,72.89436920805518,1,3,2.0300439636734646,0,0,Negative,1.2583780274931589,7.425886824544681,0,92,Summer,1
39.09139372704806,0.5916995696401959,20.092892742948134,48.824333156925356,29.648103098076916,-1.3897019954209051,34.2154972565922,1,0.7868702691851251,Reduced,23.69633423804067,77.07297344212768,26.073357332003475,137.41486879377942,9.196596759602336,Clean,2.5042308229701993,Wet,2,Local,Female,Pregnant,224,Smallholder,Confined,48.640272328520965,0,6,5.800067757800242,0,1,Unknown,4.5114740095946075,2.899644294719642,1,27,Summer,1
37.75416470580945,0.715796198861455,13.118717240224097,31.878367988044822,15.186184571453026,-1.9861187011050074,33.12662650684334,2,0.605425045880057,Reduced,30.366355224800746,69.2346437624191,10.613985490853697,136.2462923532235,2.3028419284099124,Clean,9.331484177410463,Dry,9,Jersey,Male,Lactating,57,Smallholder,Grazing,28.127754784686733,1,4,4.982247691180201,1,1,Negative,21.76443421695376,7.951454579123728,1,19,Monsoon,1
39.58592420983554,0.3838613806380948,9.930644807510355,41.02884668432147,25.055771941852047,-0.8905884989849826,31.27839371000363,0,0.24408001046248584,Normal,26.66648687267138,53.80347684060182,24.62634617049821,89.07449422577928,3.3185179650342462,Clean,5.323562530737784,Dry,2,Holstein,Male,Pregnant,354,Commercial,Mixed,44.471616024151075,1,7,1.2335958442092145,1,1,Negative,12.384816086622317,2.0700060145258083,0,336,Summer,1
39.52805481248847,0.6421298142213986,6.670696300063437,44.58528222000852,18.303572707982056,-0.24195412173047345,25.84874483462434,1,0.18949496883985273,Normal,27.287602114833184,65.43038996686272,31.45873005583198,55.69824535104524,6.994723703137796,Poor,3.2429638993747822,Dry,8,Holstein,Male,Pregnant,408,Smallholder,Grazing,0.9294898090054682,0,7,2.933131342998482,1,1,Negative,12.313168800113194,7.044687591311977,0,88,Winter,1
38.324662379094285,0.49773860419751775,21.255923440790966,34.00960775468141,31.702269547130093,0.2104218717485577,19.299020997779788,1,0.8663414358503905,Poor,31.454852622534702,52.59654023411517,9.184404195009549,60.6742017894436,4.2875643448835214,Clean,7.467061515481553,Dry,2,Holstein,Male,Pregnant,185,Smallholder,Grazing,59.79594561118253,0,5,0.6798995539228045,0,0,Negative,20.32724183029744,5.9925285374688855,0,93,Summer,0
38.93748212006245,0.7293338077033513,18.514469801619867,62.966652016750174,17.377451205172726,-1.1007599531209449,26.79376736880019,2,0.7251394025958332,Normal,28.422263288141654,85.1456417676959,8.812448368198698,77.60480797712992,9.982618539601381,Clean,8.375221466354056,Semi-wet,11,Local,Male,Dry,43,Commercial,Grazing,7.456690410996147,0,6,0.646467233709699,1,0,Negative,3.9756237836875075,5.516038028203306,0,262,Winter,0
38.99641811176964,0.3129788346985196,17.097374477150993,36.46504519938658,28.86016918123497,1.4039255595927749,26.584771212797936,1,0.21320428276094905,Normal,27.090753830803898,78.31928750412786,14.119337274484183,71.99700041086547,11.310721720526612,Poor,2.378997820651203,Dry,8,Local,Male,Lactating,37,Smallholder,Mixed,14.539009487371214,0,2,5.120400413460388,0,0,Unknown,17.414279136299132,3.840111763158962,1,41,Summer,0
38.85640425949435,0.656701933471581,23.556097451851045,38.305630863665094,23.109151924362187,-0.5123078869849489,34.292766638027445,0,0.6150933658744016,Normal,34.17824142709334,64.65029530027832,9.851776774261944,137.39856201488354,2.043333164827822,Clean,9.897567795349488,Wet,3,Brown Swiss,Male,Pregnant,368,Smallholder,Confined,62.597662045226286,0,3,5.590954843805173,0,1,Negative,12.643189510282431,6.624403405088329,0,297,Summer,1
38.36981690769275,0.34821628430665896,20.54929873209229,35.21692050177502,23.51316912540572,-1.3815836498982788,29.856342654758922,1,0.4475464814142238,Normal,22.905648402192995,88.27285715890733,8.319375442800414,148.63581803892595,4.329158296009798,Poor,7.576215098529443,Semi-wet,2,Brown Swiss,Female,Dry,179,Commercial,Mixed,1.3348672345749324,0,1,4.432996020155166,0,0,Negative,18.056544253443366,4.191641758848192,0,182,Monsoon,0
38.29702597923717,0.42291445049202914,24.465200170887666,62.984800871381175,10.178148511891594,0.13943840086515452,37.67386916742129,3,0.15865516996309392,Normal,18.725616055729763,67.3377723365094,25.349571079558753,131.66736623318025,6.395533460762273,Moderate,4.571215933262755,Dry,6,Jersey,Female,Lactating,346,Smallholder,Confined,57.35553332944306,0,1,5.935420207945639,0,0,Negative,16.623148441464927,1.5165524287188092,1,240,Winter,0
38.684667557405135,0.3749678402588666,12.429058111332015,50.529052285994815,8.782519880765689,2.7453292503157236,35.18493124022905,1,0.5318571093571643,Normal,23.020011416903227,56.42677384784741,11.414798417374724,122.98489027491884,7.630792883523885,Clean,3.2103503655631247,Dry,6,Holstein,Male,Dry,241,Commercial,Mixed,63.83800873202799,0,4,0.2716730437139634,1,1,Unknown,16.32914151157363,2.603729618325645,1,48,Summer,1
39.40363741155562,0.3462702238950537,17.861797504184146,35.63407993756358,20.676604358396116,0.30274084980267674,25.261026342975427,1,0.28151909246641726,Poor,27.760209053826372,44.773365039702355,25.010446982059587,108.86241399273142,11.159027775921011,Clean,5.140251317425718,Dry,1,Brown Swiss,Female,Dry,121,Commercial,Mixed,78.82750135168789,1,4,1.9890565060108805,0,1,Negative,20.688871164168525,1.8682206133172061,1,93,Summer,1
39.02616009275666,0.8605687612485335,11.533146500207943,56.06231558859969,23.48143638049967,-0.7442834410604107,17.22922482028079,3,0.09624412415757155,Reduced,30.472750520018224,67.18728224067068,30.85787681347449,126.99082991798728,10.918834905152934,Moderate,3.7645252844690065,Wet,7,Local,Male,Pregnant,365,Commercial,Confined,6.8030527963522385,0,4,0.7927458616010081,0,0,Negative,13.667938749332134,4.772100565683209,1,184,Monsoon,1
38.477631400748336,0.4285660541287123,17.082470672578133,47.00698694288878,15.248813033573661,-2.4911920341780562,36.313451403648884,3,0.4669582985454108,Reduced,23.279430174469276,83.02083057906728,24.560743742390017,144.7033312192391,8.371700994679658,Poor,5.953225788784766,Semi-wet,11,Holstein,Male,Lactating,347,Smallholder,Confined,0.29316633965185135,1,3,4.692111019525447,0,0,Unknown,10.380541789081459,5.41554118230416,0,256,Winter,0
39.16301922638901,0.9416990254915596,17.005536584933292,47.57253421111502,15.467839537141947,-0.5291184814581056,36.156311339384466,1,0.5901085520935618,Normal,45.4373340074915,83.33593640782243,8.581012097462027,110.1344669907081,4.573880140838845,Poor,8.25514166792262,Dry,1,Jersey,Male,Dry,108,Commercial,Confined,76.68578939298571,0,1,5.34247814915412,0,1,Unknown,5.565393358869859,3.0195099724591934,1,33,Winter,1
36.99087442762196,0.9759412202761528,20.506454549052282,41.55522791247547,25.368835778956797,0.15239218763217338,19.802730454586644,0,0.04690641038115051,Normal,27.910804772223102,70.22835333413742,22.207327221423352,65.46132440198339,9.832878098783613,Clean,7.2810431116044265,Dry,4,Holstein,Female,Dry,177,Commercial,Mixed,29.005387919915883,0,1,2.6827112359623375,1,1,Negative,8.911467568127149,0.796368537223465,1,219,Monsoon,1
39.38925942022326,0.6570083759496779,18.182255524567594,37.505840130430265,25.377126882742782,-0.781371336883355,37.055440118965,4,0.4020927494109968,Reduced,27.75890784203347,59.671918161710636,16.808860526346525,66.38583172687197,4.026517712872318,Clean,5.487479238253831,Dry,6,Brown Swiss,Female,Dry,107,Smallholder,Confined,88.72052215235804,0,4,4.975228921810147,1,1,Unknown,21.008358263593035,5.440532085082455,1,102,Summer,1
37.65617173273314,0.31440089813258115,20.493628553119663,48.37766099054601,21.173553637672438,-2.6980769573614998,30.292703023555106,2,0.2576619198366853,Poor,20.551827460823613,72.51481540453399,15.301128101674843,108.38628031285862,11.651723240968167,Clean,2.9515513966403963,Dry,8,Brown Swiss,Female,Dry,433,Smallholder,Grazing,18.496859412476418,0,4,5.085729687590408,0,0,Unknown,8.761879384133037,0.964698248474722,1,302,Winter,0
38.48253543515813,0.499638594703665,20.813760532555577,39.549127700044096,26.68121032711645,-1.4758480842551507,28.964112988753918,1,0.030650590707232417,Normal,19.786006494254693,78.10701772795198,14.555944058894966,83.34685397848078,2.05839915733998,Moderate,9.657255378944056,Semi-wet,11,Holstein,Male,Pregnant,152,Smallholder,Grazing,58.550575534874405,1,7,0.8381427682050844,1,1,Negative,23.664746063249932,7.7425512372735765,1,74,Monsoon,1
38.028198063224316,0.8381858106785713,26.619714709532566,63.16755629575105,14.95478622567912,1.9818076913316365,37.68869952548396,3,0.1256625496115058,Normal,18.08452267680655,60.581239219706305,32.882966714589365,141.02473752449694,7.697705039079015,Clean,4.162964203603893,Semi-wet,11,Local,Female,Pregnant,279,Commercial,Grazing,10.9409664354148,0,5,2.261913787440516,1,0,Negative,14.983728284641497,7.154583068577651,1,36,Monsoon,0
37.92319111456746,0.4939125829576564,16.738813378855504,32.30708894756896,19.864390497478176,1.9510015055956915,36.06811103938369,1,0.13903415881837755,Reduced,33.85709500952099,63.812708460746265,27.275223700331832,111.16423338359724,2.8839724692162774,Clean,4.222676367000139,Semi-wet,8,Holstein,Female,Lactating,198,Commercial,Grazing,40.26901484044082,0,7,1.1281693872563296,0,0,Negative,19.744259068650244,6.731612072592927,0,135,Monsoon,0
39.39649607242711,0.269613774642231,14.235909197334484,60.36156772854945,31.88726563470204,-1.529958753806897,31.90798571197122,1,0.18287424811797115,Poor,33.06225475471742,74.03081536889715,9.01546368740885,117.64926134233603,6.075995301820213,Moderate,7.16401777470826,Wet,10,Holstein,Male,Dry,412,Commercial,Confined,88.20643949689303,0,1,4.020305765468444,1,1,Negative,12.345010027779601,3.2565721971469395,1,285,Monsoon,1
38.41937927921287,0.6454279287425504,18.984334461265636,43.88681151202199,22.409932779638904,0.8091351807991329,30.839302394871897,4,0.8033775714379212,Poor,26.99273700611072,83.83263030513731,19.280164391973912,50.58207101009026,8.34933540310417,Clean,8.164076977176823,Dry,7,Holstein,Male,Pregnant,330,Smallholder,Confined,60.83475084104389,0,4,2.323986568306479,0,1,Unknown,16.054752028816505,6.08744675366137,0,208,Monsoon,1
38.907902329038436,0.8760966811968278,14.790879891441826,47.99085734021106,22.757875087521995,-1.9678591771552605,31.698365743182155,4,0.4394918664781392,Reduced,20.92544177608126,79.55051890711374,14.546692257617588,99.8848552062623,8.895984955919163,Clean,9.873222122538795,Semi-wet,11,Holstein,Male,Lactating,308,Commercial,Grazing,68.96170357664869,0,7,4.006648887995881,0,0,Negative,23.759194048722097,0.8438948916453779,0,65,Summer,1
38.67184765267249,0.8367411097148019,23.927843073746143,53.33157766629435,35.83567951580644,1.9064744229924286,25.599655396704843,1,0.14708599227038688,Normal,25.612374944300452,41.119568466017434,34.338149376378745,93.11647213889117,9.855694696739352,Moderate,9.75331408502245,Semi-wet,5,Holstein,Male,Lactating,134,Commercial,Confined,22.59703304041497,0,4,5.255257666928897,1,1,Negative,12.5062079362836,1.172260182587042,1,316,Winter,1
38.986224496333875,0.3400985121042826,16.86712784421907,38.69750704995564,13.603947004907376,0.16785377184135453,27.669391301606073,2,0.10029696692788925,Normal,34.10719087426253,46.21861718922939,34.340869188595086,120.5871856767533,7.933277027647701,Moderate,9.310084193856646,Dry,6,Local,Male,Pregnant,368,Smallholder,Grazing,92.2750920368031,1,4,2.476514062290633,0,0,Negative,7.05726140570621,4.209096143606475,1,291,Monsoon,0
38.746093134636155,0.7382116915299735,15.737694528504038,53.642483846986366,26.778582199852664,1.2244622479248009,22.586097072432743,4,0.29794045872903907,Poor,24.479225582231937,82.6389090142761,14.586034229991048,88.26386603333657,4.513193512859945,Clean,5.4825085390667985,Dry,8,Jersey,Male,Pregnant,306,Commercial,Mixed,62.34824403478228,0,6,5.83154255174812,1,0,Positive,15.947176999316818,4.900740186528688,0,239,Summer,1
37.93020466548686,0.3764034107485177,16.114737115395528,17.92456144618823,31.9839176788486,-2.7726400207738084,26.001761345566486,2,0.7980155187044523,Normal,22.489786093502442,81.69114140225167,15.56339348436364,147.65750318871625,10.892532429348716,Moderate,3.3333572780515848,Semi-wet,3,Jersey,Male,Dry,383,Smallholder,Confined,10.588548421982313,1,5,2.4516844443657586,1,1,Negative,22.150967060977262,6.252130337831592,1,185,Summer,1
39.29776009166829,0.3745660276417378,20.873669693886562,37.80010466778061,20.050852441008722,0.8164556528873324,25.800196727986403,2,0.3644598479396435,Normal,25.094998859659725,59.44033915743546,22.982426214096368,117.02031815564018,10.111074130136876,Moderate,6.675769626293022,Dry,6,Brown Swiss,Male,Pregnant,102,Smallholder,Mixed,1.5552247836587596,1,1,1.2824079308976253,0,1,Unknown,1.3955681587441016,2.7328568726376203,0,29,Monsoon,1
38.403746050103216,0.8992574186441482,17.36901206707406,35.759371926589345,27.157784721129076,-0.21151109552675523,24.188167782270014,1,0.15989736029393808,Poor,25.535695251962473,69.21389611788328,19.379210429825,115.99183331425894,3.6005231770685002,Moderate,2.1380520443741444,Semi-wet,4,Local,Female,Pregnant,256,Commercial,Confined,1.5922516513863116,0,1,3.175636988642254,1,0,Negative,23.828778895599477,4.569537155033207,0,294,Winter,0
37.76605086080415,0.39973516219218413,15.433332719478472,32.464939876282386,16.107883016734572,1.0778936061862638,28.82047901589078,2,0.4041161815461599,Normal,30.69043397952189,85.29224912143232,11.393026164753243,141.93411447579825,10.26511184207849,Poor,3.5699907119631478,Semi-wet,3,Holstein,Female,Pregnant,457,Commercial,Confined,5.1211792215853595,0,1,2.3942312027303885,1,0,Positive,13.524612844737248,0.9690693190480941,1,205,Monsoon,1
38.44313090342045,0.410597877214409,24.661407670494125,42.85045161921049,17.87960562659589,1.1723016971467746,26.056114895796537,1,0.5553115572870575,Reduced,15.96384397411988,85.57793405035483,24.812365009658343,149.52048338983457,11.726445159104816,Moderate,2.020235174358117,Dry,3,Local,Male,Lactating,258,Commercial,Confined,91.1615862271614,0,5,0.7500090491653784,1,0,Negative,19.38722091015145,4.031508096162799,0,232,Monsoon,0
39.600455874380586,0.20052271260903964,14.575320637353,48.85749968181695,24.309798496285808,-0.10132296578787585,31.013408322111843,3,0.02958418363801385,Reduced,27.84664555331938,79.15464228804454,15.023859316257154,69.78206892621132,8.372191168079176,Moderate,3.4442873005723103,Dry,4,Jersey,Female,Pregnant,464,Commercial,Mixed,35.83787296697961,1,3,0.13915166147674518,0,0,Unknown,3.719101890005703,5.534453359629832,0,343,Winter,1
39.2101330452681,0.8965352273004141,18.142264296131973,52.026599984993055,26.79140003866354,-1.101244458643872,18.26607632023741,4,0.6276418014401731,Normal,23.51592879788166,50.47944691798395,24.611494949965028,131.05331432147278,4.818052231138938,Moderate,5.798056987170049,Dry,6,Holstein,Male,Lactating,85,Smallholder,Mixed,29.82325275453267,0,5,4.464025035400309,1,1,Negative,7.704551809266034,7.922311944678381,1,110,Monsoon,1
38.490808719355286,0.8340758505673078,20.60922460644092,47.40876757200407,28.725619074437475,0.9695442732692416,27.319871235356203,3,0.3951007530147893,Normal,24.322290083664512,76.51414036769725,16.51044566983399,66.23194953220275,8.065938312734144,Moderate,5.146594488747327,Semi-wet,11,Local,Female,Lactating,167,Smallholder,Grazing,41.65457233451677,1,7,5.59715692034443,1,0,Negative,23.474661678078476,6.259702910860224,1,80,Summer,0
38.490445377408946,0.7018631480725424,11.474659558331707,38.34306535106453,31.417771521636958,-0.29023174910769156,28.789309841064973,1,0.009725875131194384,Normal,30.77229861665152,45.05492161735283,26.00629681568815,95.70434530542099,5.42535069148299,Clean,4.954372519413114,Dry,1,Brown Swiss,Female,Pregnant,223,Commercial,Mixed,40.95715801973541,0,6,2.6428471157656404,0,1,Negative,7.621807023216685,7.966112930333823,1,186,Summer,1
38.50701896926957,0.8002126111510739,19.9210420056237,48.69016437825167,21.595320648668906,-1.5091774302914638,26.136224560978718,0,0.6738893989463809,Reduced,20.49096132634827,84.69692297272846,25.033984126689514,60.01854043324701,8.759464706423064,Clean,8.6476229114709,Wet,2,Jersey,Female,Lactating,133,Smallholder,Mixed,23.84932756895768,0,2,0.39244246410169503,1,1,Negative,10.480946986881541,4.234367218111117,1,334,Winter,1
39.94604879013651,0.32163885393959346,13.779569298078203,46.2428569485085,29.161670531035526,-1.5802283471865286,26.965643801144612,1,0.7123876355626482,Normal,27.899651559056693,47.45744017893573,20.26438267763002,112.33709784671649,7.447999594558734,Moderate,7.399970437165424,Wet,4,Holstein,Male,Dry,360,Smallholder,Grazing,9.182800958495086,1,7,4.443858655911917,1,0,Unknown,7.456126419941931,3.7471423087020272,1,336,Winter,1
38.929161271338934,0.5666588756700603,21.291131123336008,54.36056167936016,19.946170939305105,-2.4157466244685724,18.488523935620854,4,0.6288397885586828,Normal,29.406372273248593,73.11743200557254,26.142199721324925,96.8518163405075,11.294906120897512,Clean,9.491454102968849,Dry,10,Holstein,Male,Dry,208,Commercial,Mixed,10.86265926254013,0,6,5.202431797248115,1,0,Unknown,11.774754421337867,6.756547710869684,0,36,Monsoon,1
38.95802498831465,0.4809755098790247,14.149395952324095,52.76936702931516,27.412547869529607,-0.9654367393445948,30.138862628016952,1,0.34193021759842224,Poor,29.89803675068966,70.51216371261744,18.828970286960455,112.8698948325715,8.179085432008028,Clean,5.56272872542138,Wet,9,Holstein,Male,Lactating,498,Smallholder,Mixed,59.91886982271626,0,7,1.94191851694496,1,1,Negative,4.6582312268105,3.9678882246875684,1,52,Summer,1
39.31817007241911,0.2750212210056132,20.771076127395443,45.30476413920629,23.24493278711309,1.4540380691115675,31.885635895402423,2,0.5296048540659611,Normal,30.534333918707745,78.84498279397916,8.484148989503687,117.7960752615413,4.139816837271691,Moderate,4.177837403807614,Semi-wet,8,Holstein,Male,Pregnant,311,Commercial,Grazing,39.68350516397654,0,5,1.3320916374702838,1,1,Negative,12.703497837055627,6.171035876461106,1,344,Summer,1
38.843273495415914,0.5889043881719394,22.42333226517885,36.02746993838743,24.674067442491545,0.06674469955815138,30.961223765222602,0,0.38715770613343536,Normal,29.859525058991238,67.57887511792278,10.463187600120639,111.9432250031238,9.251098733418846,Clean,2.9814763042668444,Dry,10,Holstein,Male,Pregnant,103,Commercial,Mixed,90.24553879162181,1,7,2.0223395952722623,0,0,Negative,7.864112814820514,7.958772956022222,1,283,Monsoon,0
38.54457471250758,0.9365917202741083,21.44574610253122,38.47049844167919,24.541047244132223,-0.994651558884561,34.2323623566531,5,0.7006217301596944,Normal,30.596329270656256,42.97832876878661,12.379794024968387,79.40291226073731,5.0087831786088195,Moderate,7.376219165481168,Semi-wet,8,Holstein,Male,Lactating,383,Smallholder,Grazing,46.37367104876744,1,2,5.449891507088651,1,0,Positive,19.747887735951426,5.934469331488989,0,25,Winter,1
38.58219009054901,0.2320472952405556,19.00526659295241,39.50210640361966,12.371769941213127,1.0072839072701196,29.209177634695013,2,0.5835801862336887,Normal,22.595988345685587,75.29231270220745,6.896867846770897,133.69591572436687,4.7239095294880435,Clean,8.733928707773256,Semi-wet,11,Local,Female,Pregnant,295,Commercial,Confined,50.34915757093484,1,7,2.5077667700012602,0,0,Positive,9.964566011642601,0.6072714173340086,0,168,Summer,1
38.657039244351566,0.43316873079503515,17.0747962282812,41.84733666083744,15.25526884683536,-1.448714932585083,30.872087083905623,1,0.08179911382744975,Poor,33.82836842238568,59.1577279417634,26.341436618920103,105.1686199375124,5.917766255745034,Clean,3.4699149140940504,Dry,7,Brown Swiss,Female,Lactating,448,Smallholder,Confined,92.82449812962554,1,6,3.9249475809065144,0,1,Negative,19.232566645027198,1.8521250873329003,1,285,Summer,1
38.6776666580941,0.3660327489645628,15.694321694660625,47.68050427589753,22.615248638905136,-0.056974588500832174,28.936544430741115,3,0.6430935582189974,Normal,21.0771815645047,56.01425006095549,16.02170680494855,98.98511732168032,2.1199667906267567,Clean,9.030021956100288,Dry,6,Local,Male,Dry,119,Smallholder,Mixed,50.16407394901954,0,4,0.44613058345334666,0,1,Negative,15.76035632447989,2.5720103453953893,0,351,Monsoon,1
39.13657772618219,0.3905173229325571,23.884138763268417,52.15174390128058,11.876325522152989,-0.469445559088273,32.12530431755496,4,0.6872384143378015,Normal,28.851722447246587,89.58367747668674,7.805698889809919,148.70638042348745,11.691406601612803,Clean,6.2102096135626645,Dry,7,Local,Male,Lactating,321,Smallholder,Confined,50.198197755431075,1,7,1.6892334508882325,1,0,Unknown,22.047167491858154,6.666016048515667,0,3,Winter,1
38.73116753148438,0.9267476415035003,15.202019119329428,44.48881306984622,26.987266619198536,0.9686959383825284,18.536622183207268,1,0.3707021806146994,Poor,23.59554213390058,69.51998829798639,29.598743621767408,78.35079067064768,7.323311113586983,Clean,3.1526450571276152,Dry,6,Holstein,Female,Lactating,392,Smallholder,Mixed,36.3162980293301,1,2,1.3681552640089942,1,1,Negative,19.644352260571516,7.490999652309719,0,141,Monsoon,1
39.139584046329354,0.5744552433874321,13.851735705720015,45.161247879004726,27.22933579772885,-2.565842556379251,22.638514192131936,1,0.8757857809597044,Reduced,18.410931339576724,75.53595366347056,25.509628533907247,102.80303048951731,9.734938938729602,Clean,7.142906599214039,Dry,3,Holstein,Female,Dry,293,Commercial,Grazing,71.04118603834132,0,5,0.37574544764303486,0,1,Unknown,21.725727434887364,5.3727322024349915,0,324,Summer,1
38.651570051934854,0.5730395303518551,20.66147574013132,46.43306305000004,23.963023317266742,-1.4752966187219836,37.52139794219855,4,0.8430143548449627,Normal,24.14945074499752,66.31630684678242,18.56672711383103,118.23245786079914,4.5785222237787835,Clean,6.160421932297708,Semi-wet,6,Local,Female,Dry,217,Commercial,Grazing,39.22276681516593,1,3,0.7236744669997761,1,0,Unknown,13.089768050698124,1.160278779031899,0,139,Monsoon,1
38.74718111418966,0.8084605139642258,14.815452787254019,39.840946868676596,15.273195923452468,-2.6573684886418008,13.237385067422768,4,0.17516652389973786,Poor,26.40774971767275,78.49863229758265,12.422760052782028,62.52259329332336,9.466181316336256,Moderate,2.2254683785018585,Dry,7,Jersey,Male,Lactating,372,Smallholder,Grazing,58.83221703998907,0,1,2.499626046035841,1,1,Unknown,22.009235715802664,4.246432987234105,0,316,Monsoon,1
37.501079589280735,0.3235937632039407,14.199746010135492,35.74607742357044,30.28083363321109,-0.589395082713905,27.158932421047936,1,0.9042663084858685,Reduced,33.93454417029838,77.60363677499876,9.552376813785402,85.42397241465353,7.671705022781354,Clean,5.193945637812994,Dry,6,Holstein,Male,Dry,477,Smallholder,Confined,44.739534372807846,0,5,3.3480290955519734,0,1,Negative,4.559009533535539,6.9428178874334625,1,2,Winter,1
39.24979660482149,0.5898122832800407,12.225582951320941,27.4456210268929,34.223263838310146,1.6171412554486457,35.033649757648405,2,0.4408723714950775,Normal,36.098362856527714,72.85730578400802,18.751225752651862,130.1688715997326,6.241441737795024,Moderate,8.278303943543289,Dry,11,Holstein,Female,Dry,421,Commercial,Grazing,52.87448609658861,1,1,1.8715130630122223,0,0,Negative,2.942108945830975,3.21639235604065,1,335,Monsoon,1
38.907893085538795,0.5439881712968477,16.06836064215793,38.04850641923127,22.882460964675843,-0.9581708144802907,27.44043600674941,3,0.7237496526342934,Reduced,26.351796453771975,89.88715307218884,31.55737229031687,73.67582345998301,11.70669226196462,Moderate,6.443390027376857,Wet,2,Jersey,Female,Pregnant,467,Commercial,Grazing,82.70272991617061,0,6,2.517010049435601,1,0,Negative,13.098502311496564,0.9895527669296718,1,269,Summer,0
39.29880606591579,0.6775285524373249,17.669139904414028,49.73145453267787,25.063212270707417,-0.966025907293476,25.569933571295813,2,0.814097006967236,Poor,20.054855896984094,62.989676704156885,10.651859698159098,99.32903649036066,6.938437141464059,Clean,4.256329010100244,Dry,6,Local,Female,Dry,53,Smallholder,Mixed,41.3733021342699,1,2,4.556955497456484,0,0,Negative,19.999107638273866,6.346855069193439,0,35,Summer,1
36.96224677308379,0.999646162600351,18.972366910642794,37.970885619604324,23.210431928776263,1.1075866362762048,28.7765300608918,3,0.5051124210696899,Normal,20.469396205676233,75.30961741490775,22.05977686974464,113.06306059829711,8.574585818896768,Clean,9.429134107060397,Dry,2,Jersey,Female,Dry,98,Commercial,Mixed,23.007780601965845,0,4,1.4831209776689112,1,1,Negative,5.880031675166947,5.428397712310602,1,307,Winter,1
39.95302482286844,0.8155591152656376,21.805224977197934,42.621929625740606,25.182215133992795,1.4028243376829497,25.88127891998532,2,0.39910193937081573,Reduced,30.859346563711714,79.88889814024591,33.85057985666768,117.11623533076,2.153421914898797,Clean,3.9022323043508793,Semi-wet,1,Holstein,Female,Lactating,150,Smallholder,Mixed,57.032042544800234,1,4,0.20473430810178228,0,1,Positive,23.278143807596333,4.002285093137884,1,236,Monsoon,1
38.6162462231069,0.5182925624139418,20.107591694663174,49.66431287412317,21.282647460241623,-0.3328566009031849,28.185096956541635,8,0.9154513686150983,Poor,30.540786279039132,58.80173547972721,24.113497242938386,122.83104420478259,5.014552064986483,Poor,4.021888055460929,Semi-wet,10,Brown Swiss,Female,Dry,91,Commercial,Mixed,93.75088185416305,1,5,1.541932906710775,1,1,Negative,5.260559416897317,6.873545968269792,1,108,Winter,1
39.36490969004251,0.8620424418192376,17.23651112178728,50.206894964226684,21.79261456093718,0.8270722810748383,23.899713780879225,2,0.2308535529354232,Reduced,23.963161909383125,62.85875137768093,18.19894190467605,136.59773170429443,10.886915661600664,Poor,4.8371147702421045,Semi-wet,10,Jersey,Female,Lactating,262,Smallholder,Grazing,69.3212020829018,0,7,5.528407901904938,1,0,Negative,17.300092277722047,6.8728421600462335,1,113,Monsoon,1
38.07605644372468,0.3365666906499841,17.207217294481122,34.204671478339606,27.434305602984193,-1.8154318113169194,34.65204651973434,1,0.2569700777191445,Normal,21.128860351088186,88.45836331952927,26.491189188167255,89.28594430336376,9.589590611160189,Clean,9.156302890049027,Dry,10,Jersey,Male,Pregnant,158,Commercial,Mixed,30.836324388344494,1,2,0.1081513988663112,1,0,Unknown,22.047759825685457,5.757196016322,1,56,Winter,0
39.06766434303754,0.22437094904716812,20.040629875660734,54.970593564536415,36.073744971378645,1.8669615008881209,36.53958952639397,1,0.3616203140134371,Normal,31.96137364719936,41.6145508563304,29.737337570561195,120.66319259638561,7.367540361756498,Moderate,6.061003163404131,Dry,5,Holstein,Male,Lactating,193,Commercial,Confined,96.29938318266964,1,2,0.7736378972703433,0,1,Negative,23.203276818490572,7.567387267808639,0,40,Monsoon,1
38.06795066209581,0.3635586979714185,23.090280651714277,56.27350089355485,13.599572593589567,3.023059440905577,27.199658067330265,0,0.8594657779705656,Normal,20.860054083597042,56.76478269804572,22.715488936605265,123.21746477702516,11.001597071132855,Poor,7.457432473806631,Dry,4,Jersey,Female,Lactating,499,Commercial,Confined,34.27169011664151,1,1,0.39048366240666876,1,1,Negative,16.212474904755886,3.904580301541466,1,187,Winter,1
38.32573862358252,0.47232924489140776,18.5052567979328,33.70150142781441,21.377125093582197,0.5818236867830873,19.68106347585254,0,0.9387882642130759,Normal,24.77843904581542,64.31064811693349,31.154970769789777,80.02741301269901,6.862205132075558,Moderate,9.810113380082244,Semi-wet,9,Holstein,Female,Pregnant,445,Smallholder,Confined,98.3254023818947,1,6,2.261561729283227,1,1,Negative,14.206784348184444,5.966966745745345,1,12,Monsoon,1
39.84841881232008,0.608464605967648,16.123476583158364,36.76163130358846,14.917237088607507,-3.326497432014201,24.856940978119628,2,0.22006771475486187,Poor,29.367462177100137,40.07324965345951,20.43775278127213,146.81579502116412,7.665070641877756,Clean,8.266370375138916,Dry,9,Brown Swiss,Female,Pregnant,36,Smallholder,Mixed,19.198972865646347,0,7,3.886487246351453,1,1,Positive,3.089804516417935,6.730113304909837,0,272,Summer,1
38.585590559542,0.6921033124329599,14.028535995657819,56.910906831461915,31.552149391456503,-1.0373453935966763,26.896068039382214,1,0.8638701476312454,Normal,16.995472757725686,84.95635505033059,29.9008700661877,136.5219173522062,5.821528471975456,Clean,3.380800949208746,Dry,9,Brown Swiss,Female,Dry,66,Smallholder,Grazing,99.96495343405326,1,6,5.4620649790962315,0,0,Negative,1.4555791010200443,5.266958089478326,0,235,Monsoon,0
38.830459723907836,0.9284845737715375,12.219178942351098,43.53146478744699,18.47357218408061,0.7192379825039821,31.033233261419248,3,0.2582029594685693,Normal,31.76674127618031,54.31222001060793,33.560577212170855,78.9861328699564,8.200400367228841,Clean,8.306831432319813,Semi-wet,3,Local,Female,Lactating,49,Commercial,Mixed,7.590564990860004,0,2,4.764400101825782,0,0,Negative,23.67246127627328,4.648327369715165,0,116,Monsoon,0
39.222040638413254,0.6078832076403662,20.66507868817409,22.80222052548149,13.340795237285235,-0.8322244957495442,21.951920660975933,2,0.970641246749888,Reduced,38.90140685114334,52.88524160547222,20.037304010705512,117.50686766869876,5.1900153092087375,Moderate,7.986697193808151,Dry,10,Holstein,Male,Lactating,446,Smallholder,Confined,71.3239881725652,0,7,1.504235478543109,0,0,Unknown,7.3104449755312135,5.989987052737656,1,297,Monsoon,1
38.99740913278357,0.6010205157005835,20.31191409455823,31.003184952673138,25.82912199309144,1.7082978313751462,23.385026088147097,1,0.5974078919815823,Normal,27.569444109324145,81.01630976768709,23.150051467559756,121.7800634459294,5.854921775423572,Moderate,3.860935955817805,Semi-wet,3,Brown Swiss,Female,Lactating,411,Commercial,Mixed,74.04415860458121,0,3,3.809039657238709,0,1,Unknown,2.6615226479929124,3.1587896371952513,1,61,Winter,1
38.79025134308615,0.24019440785838572,20.309454100426645,42.50630374827519,32.46586668845867,0.6822358966537978,31.064056827152843,1,0.007086467447382394,Normal,26.82673694818169,53.899161425123765,23.28402628849505,93.14836362753793,11.663262632072687,Moderate,4.6027986471009275,Dry,3,Holstein,Female,Pregnant,59,Smallholder,Confined,67.95746869647934,1,4,3.9830677418997333,0,0,Negative,13.385022940979479,3.248227103390573,1,34,Summer,0
38.91897660147974,0.22792924212497906,17.485362214591778,33.36957349715398,25.981587211364577,-1.2597132511486948,33.633452992237345,2,0.034129904071177886,Normal,27.22162717182735,72.88112969510112,28.44304590794872,136.37432859409665,3.1130867979959014,Clean,7.681025918904615,Wet,11,Jersey,Female,Lactating,218,Smallholder,Grazing,77.76067676462705,0,6,0.543074832442979,1,0,Negative,8.189743136742557,7.824599896826114,1,275,Winter,0
40.142049351142965,0.6409279695330976,23.627738983567003,40.86576229363558,23.228787263691505,-0.15160278384312081,24.270435728975894,4,0.14748453080470847,Normal,28.124246943526497,81.07515719509796,29.688975205322684,119.02293535090396,3.0525534524604097,Poor,3.9071447525428686,Wet,10,Jersey,Female,Dry,423,Smallholder,Grazing,47.18329416475755,1,3,2.5628054727967173,0,1,Negative,9.224656424711084,1.39128288019938,0,173,Summer,1
38.665428721779854,0.5505428905986756,16.063526021660728,45.32396213683579,24.454845536655963,-1.5407498309586352,20.000697676294024,2,0.18757315781875672,Poor,23.35013302461643,79.62384238551863,5.816879486181822,115.81546851527182,2.4331601945501573,Moderate,3.6654949520209543,Semi-wet,5,Holstein,Male,Pregnant,351,Commercial,Grazing,5.411394657590751,0,6,1.8674996231117882,0,1,Negative,9.136558545336465,6.8149794746859484,0,91,Winter,1
38.82065942802898,0.8713443159842389,21.82107694882882,59.62254604034729,30.48904397695333,-0.47387731761866275,47.704709207727305,2,0.7676191228265966,Reduced,21.378336707202585,79.09753687129646,27.000786922711633,72.08403722847183,5.200445197602676,Clean,7.627782177042649,Wet,6,Holstein,Male,Lactating,360,Smallholder,Grazing,35.77532927344881,0,3,0.9426835987645263,0,1,Negative,6.719855547587356,6.415594393501791,0,29,Monsoon,1
39.33039263760457,0.3285436677694762,17.845028420041828,42.09546083772211,16.7548043799151,-1.0318898606488276,32.699825422532285,1,0.2227658764169499,Normal,25.23445423783279,44.43187849326174,28.51445733890713,90.78423113495825,5.982292424679242,Clean,9.04476394255811,Dry,6,Jersey,Male,Pregnant,175,Commercial,Grazing,64.23144972001485,1,1,0.35202990575562576,0,0,Unknown,23.25663543047232,0.9062021570895844,0,19,Monsoon,1
39.36331555977479,0.2199773296936397,15.56659694128265,55.72541799572759,21.32891737548212,1.5621427003495574,26.39797742939781,1,0.9691416200498598,Normal,27.76800959932662,43.99234837861821,26.012883183747107,93.392248913235,2.9451564406954627,Moderate,2.60013346097696,Semi-wet,3,Holstein,Male,Pregnant,303,Commercial,Mixed,64.6247047300883,0,2,0.16281463846303645,1,0,Negative,7.100078251643939,5.776267821811149,1,235,Winter,1
39.41221818333623,0.5592310143441007,20.370121229271046,59.2876016203677,19.2838591089428,2.9740180852464926,33.214187653185036,1,0.6361120572029383,Reduced,22.00794779981675,55.33850178686937,26.41086977969288,123.36610965790206,7.4913099536682966,Clean,5.567261882064902,Dry,2,Jersey,Male,Pregnant,78,Commercial,Grazing,19.51938323133201,1,1,5.152371895871342,1,0,Negative,13.81214319311603,1.2041257702342296,1,184,Monsoon,1
39.08323813321751,0.389982845401806,19.638544474735976,59.34309669352076,14.992808156249739,-2.346782499853628,27.253260221713468,1,0.6925175092535177,Poor,20.26695686555297,41.79739405980089,6.242085775528084,111.83945452575524,7.8330152905486905,Clean,6.857401762632063,Semi-wet,6,Local,Male,Lactating,465,Commercial,Mixed,25.300520630988,1,6,1.9838547174342422,0,0,Negative,6.488362177657489,2.0787599436574578,0,27,Winter,1
38.014197052361716,0.23969149867106998,19.427891037067706,47.847545933855685,20.029748443499187,-3.0848244293146285,33.20294133460112,2,0.2178165192852075,Normal,24.79789936212828,65.02148682596322,18.26115985846718,58.5860590626267,9.51026693613328,Clean,7.410214286656544,Dry,4,Local,Male,Lactating,355,Smallholder,Confined,48.669813788244774,1,4,2.95844508431201,1,1,Negative,18.52278380739202,7.6866064827337075,0,130,Winter,1
39.68005891938066,0.7796786294781033,18.325113688224796,25.36710852161026,28.64632657589469,-0.5677586327770785,28.956359186657334,2,0.8927063140950847,Reduced,20.33294306931581,59.73910331351091,29.54538949165222,80.769795188724,11.759681166158016,Poor,9.969567298998632,Dry,9,Local,Female,Dry,349,Commercial,Confined,72.86105227122195,0,7,1.7497938436170744,1,1,Unknown,6.267417507746517,3.216129111052763,0,103,Summer,1
38.01219276418879,0.289274399965798,17.848427673132676,49.608248654038654,25.39961289035635,-2.4776235482430238,28.54763138900544,4,0.6678145728199314,Normal,30.35898472593124,67.85129562715746,33.020214238853114,97.30475044615454,8.193522472923995,Moderate,7.461535682533766,Wet,2,Holstein,Male,Pregnant,457,Commercial,Grazing,85.2798103002456,1,1,0.9951351787807174,1,0,Unknown,15.137065697368849,0.926013629423607,0,78,Monsoon,1
38.881581279143425,0.6866556000062174,27.553487971481754,55.48399887813541,25.865863000649203,-0.1306825944936243,27.31850879061527,3,0.8644056243418639,Normal,9.792103764074088,54.939426933484526,11.884037617158043,123.6732945856993,3.116508066809454,Clean,6.9612329039772325,Dry,4,Jersey,Male,Lactating,233,Smallholder,Mixed,8.648484804092272,1,6,1.5678020161907202,1,0,Negative,20.181076278416864,4.408985860679651,0,8,Monsoon,0
38.247434489988386,0.42483980013351136,22.737026580784693,44.189328945645826,22.87885366991991,0.92340417070889,19.315711999221463,4,0.956481097231227,Reduced,21.15933037903823,64.28770014952136,22.37584821058385,124.3569130079674,2.8852424324578276,Poor,9.917873218472014,Semi-wet,11,Brown Swiss,Male,Lactating,282,Commercial,Grazing,92.56199156722124,1,3,1.0199165725928816,0,1,Negative,7.247539650742416,2.048100652592627,1,27,Monsoon,1
38.661516992044206,0.33879684028401763,20.891307579942048,62.44583870075249,25.13994269637153,2.041212845900237,39.62856939635884,5,0.12564097710959643,Normal,34.067649025479234,56.73723829295269,29.12990718651751,99.05433085716368,9.775468636503712,Moderate,2.4853451230254704,Semi-wet,11,Brown Swiss,Male,Dry,343,Commercial,Confined,92.7731662545975,0,7,4.547265249130885,1,0,Positive,19.474567282745415,3.697468964911208,0,225,Winter,1
38.89725744618209,0.503801218335454,18.447196632813554,53.598335614674575,17.19645794591137,0.1020918380729216,22.35079647839354,3,0.09658723026894567,Normal,25.891407530941088,49.76040461116543,27.57222928577557,61.69323822606776,8.503341285359268,Clean,2.595495169224786,Dry,2,Jersey,Male,Lactating,43,Smallholder,Mixed,0.7933742097972596,1,1,5.44508227631589,1,0,Negative,3.127211259499661,1.262434768476035,0,153,Summer,0
38.892814329270166,0.841156620978363,22.028628802386677,50.68273377152784,20.142940684436624,-0.4897328372743685,19.839858542136433,2,0.8034078265896357,Normal,27.91964663135798,72.46833405689074,23.566703509402373,79.29034033728391,3.6191439470656177,Poor,6.485460211392674,Semi-wet,5,Jersey,Male,Lactating,373,Commercial,Confined,50.64095756753021,1,2,2.607009836435741,1,1,Positive,3.6773202345993106,1.2197666721492892,1,49,Monsoon,1
38.953152452541175,0.5136748615236582,20.07197910556581,55.86380711205838,23.15202542181206,-3.1675773748596265,26.722840703461795,1,0.8661260590941703,Normal,26.35540145996905,73.67179507495926,5.560735647860007,75.46923822470693,4.533599726835341,Moderate,4.869316914796727,Dry,3,Jersey,Female,Lactating,316,Smallholder,Mixed,58.714426404132865,0,1,4.937545948518413,0,0,Negative,10.21342721877216,4.281072499747251,1,245,Winter,0
39.66822676143519,0.8006157193688446,18.104819011096144,48.333698512608784,23.66509515329134,-0.16072227622130236,22.23116911893696,3,0.5837614208779857,Reduced,23.86340839773478,81.4615846374875,26.716575203346977,128.10264103082412,9.502403872925182,Moderate,2.7735801099764474,Wet,4,Jersey,Female,Pregnant,258,Commercial,Confined,55.371342912344076,0,2,2.554721459504062,0,0,Negative,10.359305829944157,3.0190795765125977,0,56,Monsoon,1
38.97212058090839,0.30038903743932055,16.78574269893634,20.071895006046464,23.92112712953124,-0.09306910917580748,27.689723256638374,2,0.3660005477505206,Normal,32.475965497927646,83.73758915768624,28.197275098364447,67.99863140056536,7.661557818056465,Clean,4.451591168742325,Wet,9,Jersey,Female,Dry,73,Commercial,Grazing,61.57716575281936,1,7,2.680690800894056,0,1,Negative,12.879051709233634,1.6645274012731788,1,356,Summer,1
38.553506018825615,0.8182171357320633,17.676330649349246,40.008610485296344,21.169988307901733,0.7584352213191179,32.12658309137061,0,0.6526296360752237,Normal,24.140691922033977,75.22309521839577,26.685485198769047,96.49212223951922,7.85000062502539,Moderate,7.394835899261152,Semi-wet,10,Brown Swiss,Female,Dry,289,Smallholder,Grazing,50.335128186293964,1,7,2.9106940393781624,0,0,Negative,1.544826617470646,4.852782735277354,1,102,Winter,0
39.278452300973015,0.38954665992531895,5.318297056487777,56.97168027247854,19.73545959321802,-1.2627321522936368,33.971817403175336,4,0.3056640725924573,Normal,22.85759220106494,74.3749043348756,27.9742748446987,117.071880351439,4.100086712879095,Clean,9.04491970949304,Wet,11,Local,Female,Dry,191,Commercial,Grazing,29.38069137666759,1,3,4.921417930329927,1,0,Negative,3.694225407856082,0.9664409248786305,1,321,Winter,1
39.41368229335479,0.7419145039110984,18.842403357190566,36.92408659901704,40.946627698265786,-0.8525789003537896,32.88838432973009,3,0.23838569215346816,Reduced,30.28380989186256,42.83378326682362,17.92744678036581,146.4786152950037,8.290579816577115,Clean,2.7545958132524335,Dry,5,Jersey,Male,Lactating,324,Smallholder,Confined,9.570438616071497,1,2,5.6179482502011995,0,0,Negative,1.2363244702698157,6.145541272920024,0,287,Winter,1
37.96343531091781,0.6526252438727971,16.04609567955856,42.76527494763061,27.44072363759439,-2.4170033829562767,26.166207671285918,2,0.4881452095272655,Normal,17.346738826327396,45.48896207290858,34.81256437776173,149.924058022444,9.706285954072552,Moderate,6.321160499872834,Dry,9,Holstein,Female,Lactating,338,Commercial,Confined,20.837941058865372,1,2,4.466658669875116,1,1,Negative,22.95401060855193,0.8850359628739897,1,227,Winter,1
39.05844004190992,0.9433157737693498,24.370679993131535,34.55163686096929,24.478884855715734,-3.636939210326098,28.297550965969513,0,0.2161538276063797,Reduced,25.57288239522392,80.62813551954366,28.123607476179767,145.2922143555439,10.852522254638469,Poor,4.368924518371375,Dry,5,Local,Male,Lactating,228,Smallholder,Confined,74.02551137879775,0,7,5.330659829345575,0,0,Negative,8.20703918758181,7.777782866321184,0,316,Summer,1
39.12070364538654,0.5098580143802512,18.077376283247016,62.839225952017685,20.600749010761636,-1.8627456361951749,30.447274305384944,1,0.4837036083151729,Reduced,24.405214586782613,51.64756308118157,22.360400158399568,121.8242345253535,9.367173248180492,Moderate,7.338609306350451,Semi-wet,10,Brown Swiss,Female,Pregnant,64,Commercial,Grazing,24.106351863197595,0,6,3.8563540259058033,0,0,Negative,16.82561103842042,6.017185394726749,1,213,Winter,1
38.52146189798401,0.2529321510675524,13.244146321860153,61.814924574180154,19.29268703833674,-2.555488721379525,17.453275456347566,6,0.956606505463572,Poor,25.47922675439399,57.77825301085415,33.02573809239872,124.64408330220917,7.763756510090161,Clean,6.395611955660055,Dry,9,Jersey,Female,Pregnant,347,Smallholder,Confined,82.97103356277297,1,2,5.035544217205575,1,0,Negative,14.99413447001947,7.229095119681192,0,162,Winter,1
39.52542408798698,0.21532438844100232,17.80047938348753,36.16131104859271,21.215196437638266,0.3050684431309168,31.42350820071916,1,0.8397840356173905,Poor,24.558081152222954,47.26486768379384,32.24595018374055,125.92100976090174,8.732593072467768,Clean,9.413688048177434,Semi-wet,8,Holstein,Female,Dry,381,Commercial,Confined,40.34883670045254,1,7,3.3409420538130203,1,0,Unknown,17.668300638062934,3.799618124453997,0,145,Winter,1
38.60996664778049,0.8614868487782026,13.815515659749984,46.47298000389084,23.7569730615201,-0.9772010850002859,19.25620427449701,3,0.9416309195000223,Normal,28.875437858669233,49.75759842874595,29.43701196002795,136.260487654629,6.851114625138777,Poor,2.301471095599105,Semi-wet,1,Brown Swiss,Female,Pregnant,269,Commercial,Grazing,41.447585489812475,1,7,4.636234859558103,1,0,Negative,21.30560104490844,0.9356077982029884,1,73,Summer,0
38.77534587208293,0.6197885101291458,19.893629662849865,38.19505952235952,10.717386735621512,-1.0073556951121836,40.24207959343894,2,0.8063289748473585,Normal,32.49843110019981,78.77086176851031,21.91084756951299,145.17854628522082,4.268982431176225,Clean,5.760298199521131,Dry,3,Local,Female,Pregnant,480,Smallholder,Confined,86.84987411819314,1,6,4.231509142795022,0,0,Unknown,6.362402867842296,2.220800796620474,1,29,Monsoon,0
38.59615690542968,0.8201952414679594,19.163789457357943,51.149446390313784,12.583662427751898,-1.676619569262818,25.57290949214983,4,0.3547509359462767,Reduced,29.296684623928236,53.09298097577691,20.813030574401402,94.57061445203274,10.822069727719354,Clean,3.542076442805672,Dry,5,Local,Female,Lactating,26,Commercial,Mixed,21.428882827639484,0,2,4.495572228202567,0,0,Negative,10.792296406822855,7.783212239487579,1,200,Monsoon,1
38.70934742854888,0.38754048000921176,21.83135852443307,50.09683077242329,18.178705666366255,-5.04884814876865,26.890748936832452,0,0.8120452385515591,Reduced,25.31543191066158,62.45174831320951,14.861237959235623,91.6510878042127,7.326226331674253,Moderate,6.2942536693139655,Dry,3,Holstein,Male,Lactating,278,Commercial,Confined,18.96192366998316,1,4,1.4062599268107128,1,1,Negative,8.554219823000967,5.141686866752407,0,211,Summer,1
38.04223494786288,0.47606699641058703,14.836472833221737,53.117055716132654,23.24283662067141,2.0624661231213253,23.381757404572866,2,0.922915743553214,Normal,30.15716712603597,47.583568652961965,12.526339373118452,96.04644623786308,7.94318311147235,Poor,8.828634752534745,Semi-wet,10,Jersey,Female,Dry,107,Commercial,Grazing,98.54064055278316,1,5,0.9225060455636787,1,0,Positive,2.896694654298999,2.2090374711845104,0,134,Summer,1
37.83596947044342,0.22408309776905516,18.136032384912586,48.31918447707887,20.564361117088893,-1.7004057841651823,24.22017980886586,3,0.9470357878370544,Normal,30.742956491252826,73.89649531580494,20.370785509252595,115.98171714565942,11.901089137531827,Moderate,9.29053222228847,Dry,1,Holstein,Female,Lactating,450,Smallholder,Mixed,54.060444025806895,0,6,3.918177140061954,0,0,Negative,1.7342874981265937,4.121131895363137,1,344,Winter,0
39.65670303793499,0.9691938596592897,12.539912818293459,74.35406206388468,30.868727356596906,-0.8186301047748605,41.64456141485944,1,0.683197850684997,Normal,28.804643614950727,76.41348670667381,22.333452851359215,127.54453962777646,11.850156782726405,Clean,5.185853305737615,Dry,11,Holstein,Female,Lactating,491,Commercial,Grazing,19.05207040576561,1,4,2.8973234943240946,1,1,Negative,18.590153540897308,2.8808102098740718,1,126,Summer,1
38.19182319100901,0.7342943253606509,20.80597912769886,34.72076234989261,13.105619278025387,-2.382338247933966,33.64221813173979,0,0.21136664381511316,Poor,32.243249472367694,58.084615894935695,12.335792943765366,137.05443909013292,7.863109849999373,Clean,8.494244186126606,Semi-wet,2,Brown Swiss,Female,Pregnant,208,Commercial,Grazing,16.58048300448375,0,1,4.587960371788117,0,1,Unknown,3.9722320359460443,4.172883084370587,1,6,Monsoon,1
38.10516459032622,0.9465640702074449,20.07548472176049,27.893966455634857,17.491927182379776,1.257895515160951,18.70478532911297,1,0.03972915336469085,Poor,15.263021767933074,79.23733230613753,32.67803730960436,95.62107542826055,2.339572620174662,Moderate,4.244064597804043,Dry,2,Holstein,Male,Dry,474,Commercial,Grazing,86.1664969326006,1,4,0.8790259869653547,0,0,Unknown,1.3533722206673846,6.774681158672427,0,104,Monsoon,0
37.40796593183777,0.4123971259432579,19.983220084110282,41.069097992985384,31.120550445946606,0.015143405555986644,37.02527740411138,4,0.14720022816015577,Normal,27.133821988761195,51.99533259610632,21.718219902029556,86.33726261801294,5.961475380448434,Poor,2.0504395705534453,Dry,4,Holstein,Male,Pregnant,49,Smallholder,Mixed,59.98459671374714,1,4,5.68615571111142,0,1,Negative,11.083427061058009,2.1691661812106036,0,131,Monsoon,1
38.3166229513863,0.6891708889805287,18.006476125427763,29.320117344397325,22.78671594805088,-1.4395479278988028,35.15945365084859,2,0.9655469178939454,Normal,28.539267218133514,74.59519310500781,20.795159761464397,148.33526147022263,11.372932800508892,Poor,8.841912460183751,Semi-wet,6,Local,Female,Dry,24,Smallholder,Mixed,11.503825428176595,0,2,4.224222707649945,1,0,Negative,8.412143999891718,3.493160248027234,1,95,Summer,0
37.9061461239555,0.7427999746341103,19.659091563155165,30.075377299940072,27.309055496806952,-0.7883444170160359,26.31272522627027,1,0.46209682419276943,Normal,19.59382144179518,76.4982290710227,18.069151650984207,73.18876210072263,4.883065923760092,Moderate,2.955297939252917,Semi-wet,2,Brown Swiss,Female,Dry,379,Smallholder,Grazing,88.69080885562602,1,1,0.13793430061633338,0,0,Negative,2.5204695897832177,3.8456748829478427,0,159,Summer,0
39.68520909608183,0.4540397602060708,24.417356433234385,34.986853458020335,34.30748165961678,2.317269883187305,29.840181652179027,1,0.8549860148320575,Normal,28.10385609210849,88.43286888943882,6.742138871505816,72.20048352524773,11.99268685196316,Moderate,2.1408889869035876,Semi-wet,6,Jersey,Male,Lactating,488,Commercial,Confined,44.39050056806209,1,1,3.459203110910909,0,1,Positive,2.1866061059078583,4.902900733249659,1,76,Winter,1
39.30589025360558,0.8784873880125041,16.859622971831943,35.77811094568372,17.837173492589066,-0.30945414782191744,27.910335523473556,2,0.4650441535582911,Reduced,31.574753292696247,51.61608325933581,31.472040033795476,121.54074548264956,2.843175268565525,Clean,4.830381306943589,Dry,11,Local,Female,Pregnant,388,Commercial,Mixed,98.93572721303914,1,3,1.8757198725214697,0,1,Positive,22.002591443856822,1.0829638067741403,1,180,Winter,1
38.28710979289337,0.9577291703201982,18.55458073484034,35.4538189804994,21.404113973247807,-0.4726003064238588,39.835479426681594,1,0.6608175834598394,Reduced,25.880626244093165,44.68552400213764,14.509826793290893,67.96572956026424,7.681141810051872,Clean,5.03503991699966,Dry,1,Holstein,Female,Pregnant,219,Commercial,Grazing,28.176032768588765,0,2,1.6480565750893716,0,0,Negative,22.61248996523088,2.0525868965222824,0,136,Winter,0
40.05146148320659,0.9078840941568036,13.655494803274362,50.182189504454115,20.36543859441477,-1.6120722292088978,23.222258866047458,3,0.024140777122333645,Normal,30.28269691068013,53.15177111448933,24.273810034048832,89.94089997461225,7.1544936017469425,Clean,2.61776136617818,Semi-wet,8,Jersey,Female,Lactating,26,Smallholder,Confined,52.881723144820604,0,4,5.412988052377374,0,1,Negative,12.092682610798624,3.4837451408761235,1,235,Winter,1
39.289059292194956,0.791253580751498,14.52695615360667,39.93810938914664,10.272441973100346,-3.0418717257084547,28.876063658654363,4,0.24986494271936677,Normal,32.11376664335324,46.14310982910595,23.22300676910106,79.2386822314252,4.553529133677,Poor,8.513461171875768,Dry,3,Brown Swiss,Male,Dry,186,Smallholder,Grazing,17.310028073263073,1,3,5.015691676347098,0,1,Negative,20.510549096803103,6.570055367966936,1,90,Winter,1
38.50510116989483,0.42197174377996327,18.39125317237323,43.2048542512752,20.137619177464185,-0.44005801036901665,25.43112801404317,2,0.43626928004258925,Normal,33.71231886081324,48.48471542471548,22.534604761535803,66.87104567569486,11.486071306450999,Clean,5.244741841666667,Wet,8,Local,Male,Dry,405,Commercial,Mixed,43.97059786899887,0,3,0.05732162311380784,0,1,Unknown,19.402136053437363,1.9013157115461226,1,251,Summer,1
37.20035657107586,0.42529283368450543,22.41573418680763,53.94232774500935,27.28637312428399,0.28822766848692644,19.401757572292873,2,0.6306310471541632,Poor,32.810769404277636,56.70572559279872,20.771366060347525,107.97072390978936,8.191712099973103,Clean,5.919388910156755,Dry,3,Jersey,Male,Dry,190,Smallholder,Mixed,17.65375490093355,1,6,1.090028461449988,1,1,Negative,14.325121242160387,7.1114284289694245,1,282,Monsoon,1
40.07456554355445,0.9706882563568304,16.97487670299371,37.33677475218574,25.243537250873445,1.4493766964915042,41.149829530329924,4,0.1715211880531785,Normal,33.82803383125343,60.69953733610004,10.443195002939841,87.35114907546289,4.302282834446761,Poor,4.117002143622654,Dry,1,Holstein,Male,Dry,415,Commercial,Confined,30.72310865189316,0,7,4.317191027156616,0,1,Negative,18.2684697985735,3.0437300713769946,1,184,Winter,1
37.86625651994184,0.20822759674855362,17.056333882751503,42.35454101295278,25.714499016328062,-3.5727448017494834,20.910600525385526,1,0.76455146427049,Normal,24.50226232225396,85.18621128756898,13.418172231438966,96.2234172848446,5.840481978383362,Clean,6.0920540187727825,Dry,4,Holstein,Female,Lactating,47,Smallholder,Mixed,26.98657378199687,1,7,5.089143772426239,0,1,Negative,22.402451839754647,2.4037951085060882,0,86,Winter,1
37.71276075182587,0.7728399785937157,16.3724590219825,48.65759986092915,19.746946116163002,-1.8876444905345433,29.320775124926655,1,0.3644047061362373,Reduced,25.049338239441592,49.780788575001054,20.725642138109002,69.5863004825516,9.212294268820626,Clean,8.13385112493867,Wet,3,Jersey,Male,Dry,127,Smallholder,Grazing,28.309393225719205,0,7,4.305622652518218,0,1,Negative,14.02502305278142,3.5703672355700453,1,122,Monsoon,1
39.31354225920579,0.7649969300442099,15.860973316622708,25.584321993797786,18.063416583966152,-1.0711116358346755,17.555796361717988,2,0.8174352692338844,Reduced,14.63277053165908,88.5879487960608,28.680273547907777,126.78668026717565,4.976967126963136,Moderate,9.249461724004135,Semi-wet,8,Local,Female,Pregnant,166,Commercial,Grazing,96.98263113913312,1,4,3.1518244763940775,1,0,Unknown,12.768391763079833,4.652808062427103,1,318,Monsoon,1
40.163851443803566,0.698151632759838,19.179885822835285,21.150944910494175,29.615534031391725,-0.20522127285980277,25.60557676454144,1,0.0979690903950673,Poor,21.674159671341524,80.50766049480859,17.95966911951256,81.47120834507457,10.796062020611812,Moderate,9.764236805881193,Dry,1,Jersey,Male,Dry,303,Commercial,Confined,3.8446485788183105,1,7,5.907463008056377,1,0,Negative,1.0815031525158594,6.004806155171787,0,141,Monsoon,1
39.530563691106316,0.9920870768694927,12.010969419285422,48.461173287977225,19.01609712185398,-0.4175505372926337,30.531812928600743,1,0.6797565876823719,Normal,33.09224530059569,84.07356949467206,11.117676591383924,84.27181790268989,3.6567389795762413,Clean,5.413791396810912,Semi-wet,9,Holstein,Male,Dry,118,Commercial,Confined,49.686152537340966,0,1,4.783677806958998,0,0,Unknown,13.469271761760325,4.077065211082283,1,46,Monsoon,1
39.038345472031416,0.4495035486109802,23.12375830666691,49.92014280566899,23.764492232759284,-0.3825330285309043,23.051596122985824,3,0.2933283332065102,Normal,23.9757174633593,86.47219948701218,7.6383327441627795,75.21539621001126,4.645050898648487,Poor,9.920270870147673,Dry,11,Brown Swiss,Female,Dry,95,Smallholder,Confined,62.92458042643282,1,2,2.8075698974627636,0,1,Negative,19.802521531003656,6.635022274733862,0,182,Summer,1
39.05685260499917,0.4719774910345986,15.338310807482157,65.64220134852411,22.98000808406523,0.4121440878549168,31.52081110441393,5,0.7953831741226179,Normal,28.987941864255994,77.66205985705604,24.890330104820727,93.44035721190338,3.448986133661,Clean,4.3596456937814505,Semi-wet,9,Local,Female,Lactating,111,Smallholder,Confined,66.0761374444005,0,2,3.50085891658848,1,0,Negative,18.528379461527678,6.640571846608959,1,265,Monsoon,1
39.21204933526819,0.2631515223572445,20.887613941752566,46.5809487586681,30.77030209754271,-1.5549396661686639,26.385753448671505,3,0.40217042704241057,Poor,28.2036330472839,79.43899158085306,17.700199118634938,96.35766272386721,3.041788387594983,Poor,2.055807482280481,Dry,6,Holstein,Male,Dry,493,Smallholder,Grazing,75.45456881329851,0,4,0.2689140630476201,0,0,Unknown,15.853318568440704,0.5130496196561924,0,344,Winter,1
39.15535715387206,0.55423850923499,12.920005610424496,53.19739717258095,27.828474146034157,1.201212163350542,34.96049507439168,1,0.6653496322635665,Reduced,33.203430825716715,61.89091483028098,8.761126778679257,102.96669163295151,5.003154234639268,Moderate,8.140936351181079,Dry,5,Holstein,Male,Lactating,249,Smallholder,Grazing,76.09654082263793,1,7,5.788412041168896,0,0,Negative,1.565449029688577,6.436873222481,0,259,Monsoon,1
38.86871485438163,0.4088388209878785,20.675360522184874,43.04527356414026,14.228448275997275,0.45017866254922106,36.17056548004134,2,0.9343052686364735,Reduced,16.89808864850876,65.5225117338122,25.234006399609513,146.75682819819397,11.991787463354404,Clean,3.427485188329589,Dry,11,Jersey,Female,Pregnant,217,Smallholder,Grazing,95.55029824359602,1,2,2.1764324984633303,0,1,Negative,22.283382841834936,3.8206517642797797,0,12,Winter,1
38.76252066237113,0.4747093617421154,20.68777843125799,47.972272215850865,14.87468099934976,-0.6797483961921191,24.47953143561993,6,0.020626632013764357,Normal,28.763150474213706,86.62427133833171,11.227361925631195,140.46918080457033,2.943294132616681,Moderate,2.419638704990903,Dry,5,Holstein,Male,Dry,166,Smallholder,Grazing,75.56679546037095,0,5,3.9691141668564844,0,1,Negative,10.869437509892737,7.753154173873666,1,41,Summer,1
38.662444123260286,0.8676574322045021,19.536808288023586,61.67256841749534,25.473458908414806,2.201361987833373,28.46039715635774,1,0.011116782334373632,Reduced,28.681836963834293,58.91279557763247,20.270481449110314,110.93926309870537,4.130021918472883,Clean,9.39207138078159,Dry,6,Local,Male,Dry,83,Commercial,Confined,82.36892491731615,1,7,4.001701353618124,0,1,Unknown,14.145303410364505,6.651698626486229,0,186,Winter,1
38.24762124668,0.9483876108219966,14.02228591280083,23.760071818743643,21.613974115725,2.1346240533576504,29.100725358833397,2,0.7702792521767134,Normal,22.711012636804988,42.09735365321036,14.185639252305814,53.89034677630975,4.71616799078002,Clean,8.334486643975895,Dry,7,Jersey,Male,Pregnant,366,Smallholder,Mixed,53.23154152526205,1,3,0.3416521963564907,1,1,Negative,10.147759392367302,3.38005358295605,0,11,Summer,1
38.53159495387994,0.3485864576041485,18.998192758392307,49.1361625757168,19.268969296277415,1.1993430327907129,31.716095772608192,4,0.6463930515080781,Normal,31.801233912327067,78.13771927373864,32.950701933020014,111.22603408767345,8.19129684472204,Poor,2.8213184123060504,Dry,8,Brown Swiss,Male,Dry,392,Smallholder,Grazing,65.7673343823324,1,3,1.5951172456548517,0,1,Unknown,9.024227697017698,5.259746314327347,0,147,Winter,1
37.68422591148277,0.49800714524277273,13.267775261062443,66.35586730077367,28.093767303966825,-4.727835155851689,28.086291977465596,3,0.29297972050443266,Normal,20.00482351704721,68.65787558587593,11.848641988134968,58.96686067641163,9.453456964078526,Clean,8.215281219074665,Wet,3,Holstein,Female,Dry,412,Smallholder,Mixed,47.81243168271943,0,5,3.937152315889782,0,1,Unknown,12.7436586724425,1.956828311073905,0,73,Summer,1
38.64099622392315,0.9429044496923153,16.988946979615257,47.82034219209343,23.124756292533466,2.1684176390769627,29.141265756057052,2,0.4943967027742624,Reduced,32.32267923615196,80.74379811716558,17.597555646260854,121.03442385187473,9.519336748540457,Clean,8.75199757941597,Semi-wet,10,Local,Female,Lactating,444,Smallholder,Confined,27.641704680443357,0,2,5.472945098258845,1,0,Unknown,12.37807231267426,2.677620887079221,0,165,Monsoon,0
38.10684533570945,0.24944676855137812,22.117652403821303,61.50572963232848,22.314744321336665,0.9921377837079013,26.539561151229282,0,0.04193566559886874,Normal,16.221571201923094,43.777563330548105,33.78480790484018,89.00776465809307,2.0863598193883117,Clean,9.242413321460567,Wet,1,Local,Male,Lactating,69,Smallholder,Confined,31.338308029606665,1,1,4.671798208425808,1,1,Unknown,9.197535149203127,2.0157907330012526,1,138,Summer,1
38.03784640967054,0.27388842248910283,21.18680770828297,38.707878504705576,26.6789718445303,2.8096129565694046,28.69143920183211,5,0.19244560536124078,Poor,22.475398715907588,71.06159952378948,14.561755398149462,133.76964915685187,8.518504587994652,Clean,6.34955253973088,Dry,5,Brown Swiss,Male,Pregnant,29,Commercial,Mixed,36.053274334518704,0,6,3.4808305418045324,1,0,Negative,19.48864581422131,6.133672349482723,0,329,Monsoon,1
38.80793649069209,0.3302327913649835,18.060731770161734,44.67952505836286,19.749346030338614,1.6561968876003077,35.78764116121079,0,0.4244963745271675,Reduced,26.30056028661005,52.3852943995379,24.337794890330002,144.25292452651306,8.30736879367103,Poor,7.627296564224768,Dry,11,Local,Female,Lactating,477,Smallholder,Confined,34.064334788554326,0,5,1.3949076746915412,0,1,Negative,2.1641522808718787,0.5616201425339197,1,33,Summer,1
39.535201371806764,0.6761702673014998,14.100773696308632,45.33524702388588,31.411113912835326,2.167514016245928,31.876499447271126,1,0.8340444162214823,Normal,28.088298972322953,85.16342972472421,14.501811311189757,91.7110341465609,7.176546818898772,Poor,8.097914231688087,Semi-wet,1,Local,Female,Lactating,244,Commercial,Mixed,53.3161062586909,0,5,5.693055268803979,1,1,Negative,3.6915194924545696,3.5545482965625466,0,205,Monsoon,1
39.25098996360139,0.320377816804798,20.582350848696773,22.824089206412292,17.271714260601954,1.1179822752705686,32.20753383666021,2,0.4796671828600848,Reduced,17.65958125815541,45.495496987087286,8.32024937351747,96.05552954737462,5.792085614037592,Clean,7.509111481248855,Semi-wet,2,Brown Swiss,Male,Pregnant,101,Commercial,Grazing,24.763172530660217,1,7,2.4220102905984264,1,0,Negative,2.8984123961315715,6.781744987143329,0,148,Summer,1
37.7576996378261,0.9744611051605869,18.0775249507921,33.318221721498,25.94157439805253,1.8230397979682682,32.33842194481347,2,0.5863625045259787,Normal,32.214546977924456,82.15346363625315,23.826416980528784,109.01475810128503,9.974441974612299,Clean,7.174668962444749,Semi-wet,8,Holstein,Female,Pregnant,201,Smallholder,Confined,51.66421135317542,1,7,0.899430060290437,1,1,Unknown,13.994836215957825,5.818100205358838,1,331,Winter,1
38.1062231180578,0.5573716218068163,8.718737607078307,34.03124920616014,30.60299703195907,2.7911856111016595,27.077147332713785,4,0.8737537919937804,Normal,30.76780012530866,44.42771259859552,32.480946058560214,69.71327218580505,5.438807954333523,Moderate,6.380474022223069,Semi-wet,3,Local,Male,Dry,29,Smallholder,Confined,91.62413111608225,1,3,0.12983319078411615,0,0,Unknown,10.487880543055741,3.6631580924525156,1,233,Winter,1
39.264462712792934,0.6012143682801332,21.130519305266073,53.220660780325275,13.736227064367402,0.12483210756730873,29.912962261477183,3,0.3088189135888453,Reduced,36.516565407121234,41.254867774849906,18.576940017022757,142.73328408283612,4.300122721066012,Clean,5.833563633564555,Semi-wet,11,Jersey,Male,Dry,410,Commercial,Mixed,40.596382886203884,1,1,5.700905739820882,0,0,Positive,11.397014038049,5.2478251146493555,1,349,Winter,1
38.110507563877015,0.3973268926443252,17.903068664521232,53.72153105684055,19.939988944885304,-2.558345816117195,21.48895792998553,2,0.7006993211020559,Poor,30.510557997445677,51.752971502096116,23.785296280774013,93.29999265013726,5.100951745676129,Clean,9.969000156518645,Semi-wet,10,Local,Female,Dry,379,Smallholder,Mixed,22.264606446152936,0,1,4.667492326859236,0,0,Negative,14.265195259339619,3.7384842219857104,1,111,Monsoon,0
38.56522011000179,0.5767682019477869,22.80980499193229,48.24036442706533,28.853244357313347,-0.6611913500227132,35.61284593790174,2,0.8616672586782533,Normal,23.31794994770952,56.65222704633419,23.26695239769869,66.68203359160073,6.396479171231658,Clean,4.700486243377251,Semi-wet,4,Jersey,Female,Dry,435,Smallholder,Mixed,34.68558956365699,0,2,1.2983059161791821,0,0,Negative,8.451267188658557,6.83005636980976,1,125,Winter,0
39.030031259414734,0.7295309061096094,13.618917924628782,53.24102896855706,28.943467286386152,0.38491839907515507,11.302237405940676,1,0.20261570069617674,Reduced,21.643505648665602,71.32643859059355,17.452691078836278,126.2731833418884,4.140573880027396,Clean,2.706150163556389,Wet,11,Local,Male,Lactating,254,Smallholder,Mixed,87.68872945043896,1,1,0.8506620028321681,0,0,Negative,5.211907233747925,4.794512024437943,1,124,Winter,1
38.118993327081824,0.8009417095632343,5.293184747215998,43.35850587278226,20.971026397670563,-0.08766862344266338,27.477109645987447,1,0.3564781651478325,Reduced,24.8970423277998,46.58622986805269,23.446899162941918,71.91513724439852,8.075712462054865,Moderate,8.12029572002902,Wet,6,Holstein,Male,Lactating,329,Smallholder,Mixed,94.16979234205048,1,2,5.75686727775088,0,0,Negative,8.057139229666937,5.244636054386502,0,269,Summer,0
38.76322530368758,0.8030944661679305,19.11633543338074,57.01931669539543,17.591973437938844,-2.0698429492391397,34.84537586290165,1,0.9798101738893551,Normal,37.904075248520925,61.86649667955375,12.779542532569167,64.3529275071855,10.842092025118957,Poor,3.7105950229559532,Dry,8,Local,Male,Pregnant,345,Smallholder,Confined,88.66868931683946,0,7,1.444748885604799,0,1,Positive,23.861728340403342,7.914659249192282,1,124,Winter,1
37.89958470304908,0.6623128901552706,19.16625470672789,45.08788442632072,27.73561493398457,-2.6466014377924685,19.816792398223953,6,0.9832185647962111,Normal,27.23803582223079,50.213180105143685,16.34113713809156,106.2872075494007,7.95460124162075,Moderate,6.261546876949645,Dry,1,Jersey,Male,Pregnant,486,Commercial,Mixed,28.73476113546234,1,7,2.771621729351526,0,1,Unknown,22.911841862806845,6.275804747498825,1,236,Monsoon,1
38.339179413629275,0.9234878199950858,11.237313489574191,45.578640474267566,29.10129461548963,-1.3117440029522438,30.398679505701107,0,0.2232299302939379,Reduced,27.45126946172328,82.76516607735317,18.269565690871254,117.14952552915908,6.466683074773813,Moderate,2.7664121328045654,Dry,2,Local,Female,Lactating,466,Commercial,Grazing,38.784551367124045,1,4,3.6651211688982936,0,0,Negative,23.002609176498932,2.644696210753381,1,319,Monsoon,0
38.89186916048553,0.8539262778448875,14.086001816533575,42.34407366737589,15.012019908925632,1.0116093339762267,23.915401320525838,3,0.06644583889262812,Normal,33.8973045815084,42.248325397565246,30.920260506874413,106.95627406649163,9.968687662249039,Clean,6.954270886534325,Dry,11,Jersey,Female,Dry,252,Commercial,Mixed,97.4933824533775,1,5,0.37428246960900324,0,1,Negative,1.6355018177855047,6.297305951068783,0,142,Summer,1
37.744203759881,0.8056384917589003,29.020870974879607,51.844504776364275,14.776518106201719,2.170509656234454,25.78718040886679,4,0.2709216113100529,Poor,21.177355869607382,57.796886334426055,15.449986844997648,115.65106489473632,9.480386228745287,Poor,9.552059231225778,Dry,6,Brown Swiss,Female,Dry,254,Commercial,Confined,32.38523106676767,1,6,2.0665994729156467,1,1,Negative,3.057375567405473,7.463650612762798,1,201,Monsoon,1
38.964284842776244,0.24448441734436852,16.777557543384788,40.78801183387087,23.351540091901597,1.174851420666552,33.67564576383663,3,0.39773195730368727,Reduced,29.69480140518784,71.56870399845545,24.054111443474792,61.55240123077444,5.670581215306962,Poor,7.781637700855662,Dry,8,Local,Female,Dry,53,Commercial,Grazing,13.78598845947402,1,6,5.6618410414156415,1,0,Negative,2.0513181319523968,2.713072080097248,0,54,Monsoon,0
38.68821732064399,0.20550236977571945,20.923835905504866,54.76431377198068,25.77616380057335,1.3861409306712043,29.188341555310902,3,0.4410056009311637,Normal,29.581715002720284,85.65440890259694,11.402115122566961,97.60180378841073,8.041534706653618,Poor,3.716278225812908,Dry,8,Local,Male,Dry,62,Smallholder,Confined,28.209420431106835,1,7,4.20208593015132,0,0,Negative,19.755843946084948,6.629745132645262,0,83,Summer,0
39.03149397265029,0.36995782175637837,15.397360690526465,33.67850859283993,20.205585488619672,-0.3212233597453365,15.793864792693824,0,0.6188063073304236,Poor,31.786787275558886,83.39967113469476,12.577091871617801,85.70186440885412,9.29842860317991,Clean,9.769104362310886,Semi-wet,3,Jersey,Male,Pregnant,401,Smallholder,Mixed,96.39775254399365,0,5,2.2067114026540158,0,0,Positive,23.80147308635951,2.2836607668352626,1,106,Winter,1
38.8343484804388,0.7308188751307618,9.638788404587373,34.010837452718064,26.075762919894096,-2.813123686558946,22.14144676161041,0,0.8995027601315464,Normal,31.261467251503365,84.75959997585818,24.45286626379933,147.3368616240122,4.45463258019441,Moderate,4.456695448196386,Dry,4,Jersey,Female,Lactating,152,Smallholder,Confined,41.58754504839807,0,2,4.750381198542205,0,0,Unknown,13.488729710524938,3.7552505376131453,1,111,Summer,0
39.51848425798431,0.5289579911060367,17.31896701281638,51.87426755126504,17.73918035897571,-0.882830871324058,33.852014409332554,2,0.33034801190716245,Poor,26.706544235353427,43.1426646841491,27.86929782099811,54.96239341794674,5.662738790841899,Moderate,5.4929198919308355,Semi-wet,10,Holstein,Male,Pregnant,422,Commercial,Confined,93.38819399300048,1,2,5.023120878254665,1,0,Negative,17.119125884172,5.676296949824904,1,328,Summer,1
38.77513470158875,0.5219250074394495,16.93758175885558,44.114557854169874,9.311838405557587,-0.5881466178085681,30.693656309157987,2,0.8499845354992085,Normal,20.084435744223846,82.04616307317298,18.863515295788446,79.8294203059923,3.057760705499705,Clean,5.9849361629824065,Dry,4,Brown Swiss,Male,Lactating,132,Smallholder,Mixed,10.408221443154897,1,2,0.9106761082392372,0,0,Positive,9.101129893978154,2.326456461608167,0,338,Winter,1
38.44235667532485,0.9076695105836909,16.400487045326514,40.46108583846872,19.456593566004422,-0.9455787302535235,38.48881343514571,0,0.09347892092662691,Reduced,24.175599766376234,78.99562892720596,15.052990903332995,144.1862194091722,11.876802783068333,Poor,9.925749946987782,Wet,4,Jersey,Female,Dry,389,Smallholder,Confined,76.60555722137676,0,7,3.5195665772880953,1,0,Negative,18.604231834865296,1.9047147211308442,1,226,Summer,0
38.77337850181937,0.9164502785054711,17.54143665797443,53.90057732475459,22.37939287907861,-0.11795770193806077,38.09588556407978,1,0.04187469897321472,Normal,31.21047983949218,85.12158246378095,32.308146677968175,148.34961831843293,2.8587765042313578,Clean,2.5511312057534656,Semi-wet,2,Holstein,Male,Pregnant,73,Commercial,Confined,9.334339728115125,0,5,2.2005276030852596,1,0,Negative,16.08991466902502,3.9690774365419,1,292,Monsoon,0
39.02597881742184,0.9273402112428686,19.057073086582545,38.92738585913916,20.344960240621262,0.46212963983942573,25.94652921911925,0,0.5040451831234612,Reduced,36.27187813448407,55.578813362900064,9.07423445147128,132.49016077271335,3.686061251235774,Clean,7.5738263554845595,Dry,6,Jersey,Male,Lactating,161,Commercial,Confined,19.74957246962854,1,2,3.0411784418841163,0,0,Positive,19.422095811532152,6.374011492174179,0,9,Summer,1
38.72931604219543,0.45110246121202185,17.399532194984772,42.9979874569963,15.048380418043088,1.0795227823652465,43.01942683041693,6,0.05966222333060489,Normal,20.885336226770526,85.58825531366833,26.621427129480413,57.59982440164093,6.798319496641398,Clean,4.895447005541887,Wet,8,Brown Swiss,Male,Lactating,413,Commercial,Grazing,61.610224134511604,1,5,2.8143778416785548,1,0,Negative,12.500551296471892,4.968974109666422,0,208,Winter,1
38.724355014722335,0.7528446501914094,12.943975328210545,58.99227950071159,11.106106144727095,-0.6171797965495012,28.146878019111465,2,0.39248980123423016,Normal,20.556139924057693,60.13205425432239,25.705122492413086,106.13550283435404,10.652718335445392,Clean,2.6266025528195147,Dry,9,Brown Swiss,Female,Lactating,68,Smallholder,Confined,43.44781618993384,1,6,3.0229441623217923,0,1,Negative,5.462407448424084,5.759109491700449,1,261,Winter,1
38.27880498731595,0.4173065450194957,19.944739166247757,60.3914234581065,18.915467173792614,-3.0556391084668904,22.223988793545846,5,0.8967781168692344,Normal,19.130482879008646,71.70498427628999,25.707354881833822,90.01229926704671,5.558820229479594,Poor,9.480253261062852,Wet,1,Brown Swiss,Male,Lactating,286,Commercial,Mixed,66.66742528438331,0,7,3.1316882240744723,0,0,Negative,11.941635971330113,5.66957841190874,1,243,Summer,1
38.30225944946943,0.3524878664595599,10.202512978710306,60.723982102703275,27.38593462989846,-0.9243165789367023,24.198160804536535,4,0.24148303620747336,Poor,23.164750431531978,61.208949560349915,33.06261333270573,130.64525676954017,9.685961475313459,Clean,6.718866553144522,Semi-wet,1,Brown Swiss,Female,Dry,178,Commercial,Mixed,97.34062920466695,1,5,0.4155385098372586,1,1,Negative,8.178132576540133,4.583741920305572,0,143,Winter,1
37.858436836920184,0.3477059658778954,9.798570170863199,42.17874223066089,29.537184636482095,-0.13443440451202424,14.459649368263488,1,0.7059757751249032,Normal,31.737805928190415,61.38242152578256,26.845709029423766,55.502423557133326,8.760340733162362,Clean,8.028144060710206,Dry,9,Local,Female,Dry,469,Commercial,Confined,5.271372672349262,1,6,1.0661660733656206,1,0,Negative,16.96445942884933,2.8670763172705183,0,64,Summer,0
39.74974604591217,0.47368609669087525,20.95672197880627,57.3070290498447,29.12628030483073,1.6342118832001125,37.64211404949569,4,0.3023653923900669,Reduced,33.58095585158213,67.33185093974508,14.046955682287523,69.7128751644702,8.386640771596788,Moderate,3.9230834845702374,Dry,11,Brown Swiss,Male,Lactating,157,Smallholder,Mixed,19.162667195448122,0,7,3.3971854346880357,1,1,Unknown,4.147543559372261,3.6628341893785947,1,48,Monsoon,1
37.95368205876523,0.5439660958238575,20.028081088541427,35.51047172231322,17.10454278910868,-1.0517117632761581,37.56857193426318,4,0.044920055242135604,Reduced,16.60671541820875,57.796335481041126,15.602276726969277,98.91950662226294,10.450172509668402,Clean,8.092327381035389,Dry,4,Brown Swiss,Female,Lactating,40,Commercial,Grazing,64.02239225389724,0,3,5.616209186510909,1,1,Negative,8.633953307886365,3.3546535470041903,0,167,Monsoon,1
38.284256881322456,0.8647593368440547,17.770418539703854,35.930971252779386,15.077762058217816,0.5688154425991028,21.906955367120077,2,0.5566905814103094,Poor,20.974127397581384,79.63684971346179,16.73332919599683,65.7647662947827,2.1417028962862563,Moderate,8.627803520185733,Wet,11,Holstein,Female,Lactating,404,Commercial,Mixed,89.6526450190398,1,7,4.479095012481843,0,1,Negative,1.151274436527439,1.0930228421683799,0,153,Winter,1
38.26895564065848,0.2959128747781697,12.418205980979712,21.49544147375639,24.979807689879372,0.23513184945314852,26.632694269708566,1,0.8348534905367517,Normal,20.03885993524166,71.68193677076195,5.9242602229431816,119.27151426942983,11.291530385603917,Moderate,5.446635177715811,Semi-wet,7,Brown Swiss,Male,Dry,273,Commercial,Mixed,79.76479100438489,1,6,1.431858980956074,1,0,Negative,19.75708432757766,7.238466958246921,0,208,Winter,0
39.236954626166664,0.7879406779159155,15.168356237303698,61.728682018985296,25.81060006958755,-0.13414920031491734,28.573645264675466,2,0.4094684483426194,Poor,22.661618560440832,74.48778807694728,32.405309462247715,132.07672211397983,10.292261803362932,Clean,6.575651781983723,Dry,2,Jersey,Female,Pregnant,321,Commercial,Confined,46.5582485550067,0,3,2.1703084837585624,1,0,Negative,10.35240514637307,5.313912082754644,1,342,Summer,1
38.52303019302479,0.6251639313514443,16.949013009253985,36.36020150923922,24.401017631202983,1.1957999789868874,22.23788168714732,2,0.6172938264580871,Normal,25.88826155815241,51.55174001108818,7.206578115944117,120.45198936276435,11.378672196518272,Poor,9.774980279436438,Semi-wet,10,Jersey,Male,Lactating,242,Commercial,Grazing,74.54746750844376,1,4,2.012280632305562,0,0,Negative,18.852305743040684,6.928917489111539,1,208,Monsoon,0
39.44864524360424,0.430356274140794,11.616424125703546,43.7346742025294,9.91562035457342,-1.191261795128871,17.46938781237303,2,0.9000235976577259,Reduced,25.012915199807725,88.47876442406962,25.99382846292415,94.02837136399823,9.935878838566872,Moderate,8.77383713366207,Dry,1,Jersey,Female,Pregnant,222,Commercial,Grazing,20.809756103314314,1,7,4.617100051360992,1,1,Negative,3.2447758937610622,6.320453496962032,1,225,Winter,1
38.295905625453685,0.5942556676262597,15.043885367907068,35.89675658071716,16.7986924906992,-1.0627796744652747,26.73785437733853,4,0.7896945127369878,Reduced,29.56909611888195,73.00880488864827,26.90483014529935,137.8387666252646,10.785914074542724,Moderate,5.558800488545314,Dry,11,Local,Female,Dry,126,Smallholder,Mixed,1.3730591574291795,0,4,5.83318100375317,1,0,Negative,5.457304877275824,1.0122146487263017,1,263,Monsoon,1
38.86739649733428,0.43995365582161816,20.60932135270672,51.9516524833014,21.82186725828413,-0.21785123464134215,26.07352342324452,0,0.1938763993928193,Normal,17.36677164712501,49.859793226519585,30.31145151891619,63.76861317199417,4.030780481994792,Poor,7.316590870046767,Wet,7,Jersey,Male,Dry,93,Smallholder,Mixed,57.00166503254148,1,7,2.132434729834138,0,0,Negative,20.560770376491803,2.122302831803057,1,146,Summer,0
38.198791768044146,0.6768655641906448,23.709221457156865,41.2436633928266,24.923309167782563,-1.1602197576405495,25.66953255406735,1,0.7333839593650058,Normal,24.39739460037186,77.5245121735517,21.600867667865675,76.03385838990089,5.1922906687705055,Moderate,8.273851814420105,Semi-wet,6,Brown Swiss,Female,Dry,39,Commercial,Confined,81.32446709927228,0,7,0.08856417543629069,0,1,Negative,14.69558181086566,7.630509788302505,1,128,Monsoon,1
39.98708947666404,0.5470751382841954,16.322260989365798,31.951831095670506,26.60384417561492,0.5620184365818994,29.336296375605787,1,0.501893025160152,Normal,33.83200484754718,48.68570516038113,26.757932715696107,98.95396852523032,5.1522101347073095,Clean,2.194630564625988,Dry,3,Local,Male,Dry,296,Smallholder,Confined,43.34435393803259,1,7,5.621294711950398,1,1,Positive,1.1357063615874923,3.964479057141301,0,262,Summer,1
37.9874409485823,0.331524423263103,21.025953417264393,49.416625641860605,22.86552113369224,-1.2697884565491993,36.577117951155955,2,0.7459668078860847,Normal,34.02255904211698,43.16924481497542,14.081687733978532,56.1338598879252,3.0916674587805675,Clean,6.706927893002163,Wet,10,Brown Swiss,Male,Dry,440,Smallholder,Grazing,56.92487704487538,0,6,4.519368911726431,1,0,Unknown,21.817953443717787,6.589552222588878,1,113,Winter,0
38.885892426136216,0.2932664596445574,10.34375971765013,30.662699751897716,23.984702839229417,0.1394563116177016,26.181443681849643,3,0.4945155505222182,Poor,35.32372866361352,66.37766980729171,27.3675203273837,59.56857815665472,9.295792552845908,Moderate,9.876228907301666,Dry,4,Holstein,Female,Pregnant,417,Smallholder,Confined,42.21811946404597,0,1,5.006134151066897,0,0,Negative,23.62045176381373,4.816075506575666,0,268,Winter,0
39.08026612855926,0.6373565456577042,20.637804964454446,36.625942746845084,22.509192750166626,-0.3502591531801349,29.022657992328178,0,0.12795816410830285,Normal,28.966268653322352,67.67619770811736,15.302472117856578,89.74433717223721,3.3617089268707283,Poor,9.57744519861065,Dry,1,Brown Swiss,Male,Pregnant,461,Commercial,Grazing,51.40378998720343,0,2,1.2520845382147192,1,1,Negative,16.207255947271793,6.676714121729627,0,364,Winter,1
38.9482794584709,0.9219304266288828,14.784206341090076,23.93110885373919,26.113716245310897,0.12238894716505855,32.36122314246961,1,0.5699094466892392,Poor,23.72457902862225,49.44827873657993,32.085154352800885,144.3886296734554,2.5250916607906064,Clean,8.659523158099555,Dry,7,Jersey,Male,Pregnant,76,Commercial,Grazing,88.43462637849167,0,6,3.8739436010459913,1,0,Unknown,17.739973556604294,6.009561594256811,1,161,Winter,0
38.58882740467338,0.4751661492461485,19.22938246683188,30.760418878023934,23.877193908945465,-0.8896120925945588,31.32485755907649,1,0.4921339923973399,Normal,27.874311712474412,57.418947214607954,9.901454232991483,140.84136932770002,9.754468700550639,Clean,2.8497127450454824,Semi-wet,9,Holstein,Female,Pregnant,76,Smallholder,Mixed,47.81401093027233,1,6,1.3962521865014337,1,0,Negative,4.072819397113884,2.5979858369987094,0,277,Summer,0
38.62210758015995,0.7864000857780986,17.008990327041165,46.78529169720478,22.394425960283723,-0.7086324417902405,24.313458853312948,0,0.5179217336414418,Poor,39.638592395242654,87.28846478393484,14.472719320218605,96.59748582784111,11.046631697319294,Moderate,9.952331620129215,Semi-wet,1,Holstein,Female,Lactating,88,Smallholder,Grazing,0.7475586468569717,0,5,0.06970381309600926,1,1,Negative,18.62373384284926,7.934109025806665,0,186,Summer,1
38.72628688318747,0.7269290839518137,23.281656039135335,25.354639618970754,20.389787205175715,-0.055986098004425056,28.578262738684217,1,0.8789024536458703,Reduced,24.347177144316728,54.2501616043745,19.96308354665392,64.215854451073,9.641233479651333,Moderate,6.876305225103594,Dry,2,Holstein,Male,Dry,217,Smallholder,Grazing,79.98486423371509,1,1,0.9423986187304627,1,1,Unknown,3.2768734267886,4.178907201872878,0,210,Winter,1
38.61179879902291,0.9452439314475849,14.502257406640327,30.188542753782844,22.487748550254885,0.10311175924196897,31.28523892101432,2,0.8948370467062514,Reduced,36.164183460145416,47.778403038268436,28.275516714442933,67.81076559584356,10.253522128319764,Clean,3.783265995435924,Semi-wet,2,Holstein,Male,Pregnant,171,Smallholder,Grazing,61.7717341402506,0,3,5.536842278155186,1,0,Negative,21.464214091180622,4.887456146822345,0,42,Winter,0
39.278327470076945,0.8567848138393128,20.510425190247325,44.97631083867192,24.907548273035648,-0.20630287308673415,21.229891974935335,1,0.45353710676571835,Normal,14.816048541340418,89.6280979332727,27.463973153090958,87.75460546091273,7.956216778307713,Poor,7.394149516914533,Semi-wet,6,Local,Male,Pregnant,227,Commercial,Grazing,73.03933369355956,0,5,1.2919186164405134,1,0,Negative,12.610538242345013,4.553262747872506,1,222,Monsoon,1
40.02631380095481,0.6532842071243704,16.881970146813867,39.56393103906947,23.60485233338837,2.358043534769626,35.581234064779046,2,0.4557320412800884,Normal,29.859926809357468,55.115276819023336,11.321506229735103,71.00741950867814,10.877463379147532,Poor,8.85218849663745,Semi-wet,5,Brown Swiss,Male,Lactating,207,Smallholder,Mixed,90.10872063406437,0,6,3.5108528978715094,1,1,Positive,4.2471068007005695,7.138865312305131,0,302,Summer,1
38.3655049289953,0.7256243985872859,17.366778087961343,64.92036635959309,24.284958510071522,-1.6861053781119264,36.589533431284664,3,0.515186958872616,Normal,30.236325771858468,74.01268365730394,9.327070898353892,58.297559439037784,6.967034823578551,Moderate,2.898622086781087,Wet,6,Holstein,Male,Lactating,170,Commercial,Confined,28.62142362304707,1,7,5.808079346970589,0,1,Negative,3.0403854856200616,2.599174562097011,1,259,Monsoon,1
37.87811821225256,0.9187091732672279,17.26458442736316,63.338965460243756,30.056331168107114,-0.2963056924290704,23.66331846733304,3,0.5195892783342569,Normal,28.867930249732357,51.57800907196332,14.119088128822948,117.37774835199971,11.88322618487465,Clean,9.331505146315397,Dry,1,Local,Male,Dry,66,Smallholder,Confined,50.30699212669656,0,1,0.45411794415124285,1,0,Negative,11.122637226299934,0.9628432389817019,0,53,Summer,0
38.64703077098925,0.5196150276695479,14.617307582023548,36.32077537248846,23.590983536479524,-2.5604435331754773,29.162020110089014,2,0.9503871441791126,Reduced,29.19532162926367,67.50605984931947,19.512624550277074,108.14486377926949,3.034150427694489,Moderate,9.361634251351962,Dry,6,Local,Female,Dry,441,Commercial,Grazing,60.248354934587866,1,6,4.847622863364938,0,0,Negative,1.1227906527270544,3.710696020169987,1,62,Summer,0
40.24782560259259,0.46143576468622194,17.943604136373313,50.57137618403482,18.106008877161052,0.3581222180010794,31.85366954002619,2,0.6494004673774935,Reduced,29.616077459663938,59.31409933048077,21.17015134477252,79.1296757978085,10.09180706701384,Clean,2.1077152498505427,Semi-wet,11,Local,Male,Lactating,227,Commercial,Confined,34.53911644956822,0,3,3.585341523739387,0,1,Unknown,23.108214377494196,7.387391152633657,1,307,Winter,1
38.217795259218164,0.2086488669081571,17.749407111512713,52.492825568794515,27.301640715965014,-1.872869804565221,24.726315062027485,0,0.27745699488794395,Normal,29.849944525659392,88.07896305795943,17.874127728658372,127.89483825523041,8.413894160112754,Moderate,9.202552973307153,Dry,6,Brown Swiss,Male,Lactating,262,Commercial,Confined,84.6067152353821,1,7,1.940398882590623,1,0,Negative,4.925739815561831,3.7948430842541208,1,318,Winter,0
39.68347008326644,0.8612408593531715,18.964960993626917,39.02521141975597,13.802809973986495,-0.6174653838148645,30.889683074128566,1,0.5315367969539899,Normal,25.34630206756451,61.64029372752438,24.89270349944021,127.59488877058345,7.806460682211951,Clean,9.57454334592125,Dry,7,Holstein,Female,Lactating,199,Commercial,Grazing,69.75661798998583,1,7,2.1855273202309053,1,1,Positive,10.648919770041458,2.581711036553343,1,205,Monsoon,1
39.706620488445864,0.840784560322692,18.33802058277145,30.044584635017962,15.511519715564276,-0.7580964879969889,28.979533757752993,1,0.6272235829079829,Normal,25.64484535315897,69.20870920908621,17.826768307917128,99.10019702127619,9.258105308611214,Moderate,2.3015343758427615,Dry,2,Brown Swiss,Male,Dry,160,Commercial,Grazing,73.34075838130512,1,4,0.16309649303836027,0,0,Negative,14.953433936735342,5.138719672601771,0,90,Winter,1
38.36784705497521,0.28356361448012113,21.191978198448943,44.87701550691943,24.015083588320415,0.2213366899017572,19.192490934167196,2,0.6397717210139645,Normal,20.195920868314857,87.23831329500736,33.38987029816384,59.65325555118939,10.402915307988488,Clean,4.353330588064406,Semi-wet,6,Local,Female,Lactating,256,Commercial,Confined,80.80072683765927,1,2,1.5350114223163656,1,1,Unknown,16.52077223428975,6.0316079841493435,0,70,Winter,1
39.04138984751117,0.6614859049061602,21.694034464189475,43.271543251858894,25.098380006719474,-1.02918637631777,30.75496789587135,6,0.5852542262381827,Normal,30.66244520703056,89.46171499689775,12.82906543944608,141.84694001013577,10.628840668405099,Moderate,4.984860054529012,Dry,9,Local,Female,Pregnant,27,Commercial,Mixed,25.808418131158327,1,7,2.540403271170005,0,1,Negative,13.990618327420243,3.970675285607095,0,91,Winter,1
39.67703797387713,0.5711853585335099,13.797506712688795,40.64235503029381,14.52969265897603,-1.0929585465409735,21.399145502373784,1,0.17773615462153736,Reduced,33.51137928872384,45.08291820024982,23.82116362010284,116.86605235409712,3.75380962943985,Moderate,4.791123776531121,Dry,9,Brown Swiss,Male,Dry,121,Smallholder,Confined,74.56417896649775,1,2,4.301481417148174,0,1,Negative,5.107574433865628,3.350207641793606,0,268,Summer,1
38.47252335540751,0.2949672764072892,21.475090002363086,49.42316868164485,19.7030951140795,1.953784696128847,33.63521710997228,1,0.03359318907950748,Normal,35.721923090879955,81.71603560211945,23.341338159803954,74.7050819151951,3.9703592975296926,Poor,8.072025898161513,Dry,2,Local,Male,Dry,179,Commercial,Grazing,77.38068595503005,0,1,1.648670649567456,1,1,Negative,11.851399950423305,3.2337831993056456,0,345,Winter,1
38.577851783938584,0.9844545816485788,13.254654291560582,37.492703929944014,18.36349700668205,0.2268501857117894,23.97273354919667,3,0.3378430523668544,Reduced,22.894599951428592,59.10582470936244,13.447241656468522,111.04545470342266,2.1616650951359713,Clean,4.864835673790936,Semi-wet,5,Local,Male,Pregnant,489,Smallholder,Confined,84.23925466510337,1,3,3.481860536984134,1,1,Negative,8.419718578901902,3.659844415508668,0,47,Winter,1
38.35099145163082,0.3717567099706844,20.35142355255094,33.480024524208574,19.07994206271042,-1.041576278033402,27.03228739803313,4,0.42752215456025355,Normal,18.37960150687524,69.74143531028064,17.35062873542082,90.50214958276302,3.3184245779227277,Clean,9.652630479157938,Semi-wet,7,Jersey,Female,Pregnant,164,Smallholder,Confined,48.853783050169106,0,1,4.390126909792315,0,1,Positive,3.0557366697699035,6.820036250885158,1,16,Summer,1
38.09114596158428,0.25378734407244896,20.478955138811475,46.090829703498315,27.661586657637674,-0.5762505077168463,36.23367348067945,1,0.061804239576086606,Reduced,28.88155414866677,58.752403947762275,15.964208583199124,113.5349639735958,4.638824928499246,Clean,9.959941002437905,Dry,5,Local,Female,Dry,24,Smallholder,Mixed,50.41896154937485,0,3,4.191185318494195,1,0,Negative,9.91305656248685,4.119203456527058,1,195,Monsoon,0
38.3104334729604,0.6758779036015277,10.354732433349984,48.859700925688756,26.239032781283516,2.268032428406117,30.978289879173072,2,0.8149673380198461,Normal,21.221869387422522,60.055810282739614,10.17497180061468,97.38708957310209,9.210358225502828,Clean,4.534550965649973,Semi-wet,3,Brown Swiss,Female,Dry,347,Smallholder,Confined,9.81782201011705,1,3,3.5417490842460126,1,1,Negative,15.003162440910758,2.8576703192113744,0,290,Winter,1
37.96563583994265,0.7910933417064261,18.37191698611764,33.23355056099947,21.885266920877754,-0.5527473173766455,21.52315648255273,2,0.34407743751027375,Reduced,29.85884131486004,47.94287679925558,19.318856378946318,98.54721502397334,6.757675090025101,Clean,6.070406025652055,Semi-wet,1,Holstein,Male,Lactating,398,Smallholder,Confined,85.21209588182299,1,7,3.4811481415880534,0,0,Negative,3.347174966687164,1.8673621324278848,0,234,Winter,0
38.72045008095554,0.22595475683774957,16.126015546558737,54.28090610991081,18.724228437310433,-1.2339149347285814,21.910500575205496,1,0.9136327461785047,Normal,15.973275816596697,68.6383229213933,16.599867590655244,123.58820919073594,9.579035355840173,Moderate,6.46164672240006,Semi-wet,7,Holstein,Female,Lactating,400,Smallholder,Grazing,53.34881887126651,0,2,4.327265433189412,1,0,Unknown,4.794480568979498,2.6196210770950423,0,302,Summer,0
38.23801606136482,0.7269741109816177,14.964938968258501,27.29518862223922,13.902101978679156,-1.227494225189589,24.404183268257647,1,0.15441010784226517,Normal,32.436047308856985,67.33579729723624,10.34952080201478,111.37257460639758,6.865358478198907,Moderate,6.635222639736494,Dry,8,Brown Swiss,Female,Pregnant,453,Smallholder,Mixed,59.44347216442184,0,4,2.01307057233595,1,1,Unknown,2.9843155432364172,3.9704735044724155,1,87,Winter,1
38.84027154707445,0.6258335007611635,23.403409322796023,39.21886541284357,30.52110963269169,-1.023689721484366,30.367864500139998,0,0.05693495693731343,Normal,27.766401736053034,49.46778942691999,18.496401362532843,57.99526912442256,7.555974529099683,Clean,4.993671953562397,Semi-wet,6,Brown Swiss,Male,Pregnant,113,Commercial,Confined,12.144065648612257,1,4,2.7012894148202484,0,1,Negative,1.0257193320548288,4.608604662531182,0,64,Winter,1
37.76646261227783,0.28261200710003875,15.385283437450324,42.41991463802391,25.55268340170951,-1.0917465836400835,30.14979888959661,1,0.4823161043863218,Poor,17.3933075918489,67.08652146669706,17.655319047762177,56.53735704463037,3.110665865935825,Clean,3.3279480156706374,Wet,7,Local,Female,Pregnant,486,Smallholder,Confined,60.18225319063348,0,5,5.797001159283642,1,0,Negative,22.537997661877693,5.161169761844608,0,190,Summer,0
38.898528139328675,0.3380191015570897,14.7744922835278,38.6377628734807,17.759985375561158,-2.1194717725238648,22.941386172022785,2,0.18912933682570665,Reduced,28.520413230163516,88.6550941315543,8.940970329783791,80.50092374967252,9.765582846760324,Moderate,2.4364843338490214,Dry,9,Brown Swiss,Female,Pregnant,415,Smallholder,Grazing,4.198835009510593,0,7,4.011611121253823,1,1,Negative,20.280493011430412,1.0353456273903647,0,182,Monsoon,1
39.20011737696536,0.6543794378528645,18.302779760020375,39.349395264488074,26.317596985749347,-1.886300145420467,20.996743086313845,3,0.9373992755778612,Normal,27.47480744576561,75.72042979268949,8.935626257540326,93.02459965387463,9.581265321995549,Clean,2.850789325198657,Dry,2,Brown Swiss,Female,Lactating,236,Smallholder,Grazing,92.32087666406505,1,3,3.1193531813626025,0,1,Negative,6.32554025173802,5.098781996207357,0,82,Summer,1
37.503758614457126,0.4370860908106307,20.742358985193665,63.71074482308114,21.578658276552247,-1.443980561542055,29.689500430515004,2,0.010303398453738954,Normal,29.614466047145285,64.0491279791676,24.425221395370922,77.5222559179286,5.075615916806196,Poor,9.210329900750729,Dry,5,Local,Female,Dry,191,Smallholder,Mixed,86.35374720025972,0,2,3.469872496589117,1,0,Negative,14.285560184631176,3.139948822363945,0,131,Winter,0
38.924433941908546,0.9506525829210528,17.433405655959493,36.49115910961101,20.27734297082594,0.6873565276796465,26.90883960525903,5,0.41261967505903496,Normal,31.010068013649857,85.80419927906877,26.197424141513117,115.1459858069918,5.285780778004019,Clean,4.243000052964057,Semi-wet,3,Jersey,Male,Lactating,480,Smallholder,Mixed,19.43174236312246,1,3,0.6265727166861501,1,1,Positive,19.43685198859082,2.427273395073624,0,239,Monsoon,1
39.436601395483976,0.8549921835872407,22.66548218267701,69.41221722471914,24.611269169737614,-0.7718559309093103,40.943295324686424,1,0.9267477713451683,Normal,14.918439451632269,68.76571782526528,33.23541259726714,69.51079317256219,4.196814505731355,Clean,2.614583865688356,Semi-wet,2,Jersey,Female,Pregnant,343,Smallholder,Mixed,59.38006660566318,1,6,3.5519325347342496,0,1,Negative,9.430359189303582,2.9829486631851223,0,140,Summer,1
37.97421538878528,0.9868537652109304,20.12390264785636,49.371267797310516,17.551010500523653,-0.5107425336410604,28.219621939378474,1,0.38441820672976834,Reduced,24.643962208859037,46.75239993639017,7.610140713832995,120.41410963961697,10.138396760361527,Clean,6.988237596354823,Dry,3,Local,Female,Lactating,462,Commercial,Grazing,60.26991205028634,0,7,5.018993811253081,0,1,Negative,17.998165992221438,6.383491470485601,1,38,Winter,1
39.70354343210263,0.4077366711603312,9.287154721074279,45.92055137311992,19.93746088293934,1.7051320378823454,38.88551696620165,1,0.09310928060046075,Reduced,26.554849874834982,67.37548239062282,8.535844771347605,127.31507418889302,9.470068019617804,Clean,2.6024572100902823,Dry,4,Jersey,Male,Pregnant,157,Smallholder,Grazing,80.34324147019728,0,5,3.141694134531273,1,1,Unknown,20.979142205584793,6.524660435717773,0,334,Winter,1
38.95141140561963,0.9757789062383817,15.882132145971967,49.76240353387666,22.728766385197275,1.7425107249076273,20.97769841137396,3,0.3028949428617871,Poor,25.52313762231086,49.048655768293386,6.55454385403733,62.431930759565056,8.091477381842527,Poor,2.560423517352194,Wet,2,Jersey,Female,Lactating,323,Smallholder,Grazing,75.69203627523045,0,6,1.0613865296233176,1,1,Negative,12.469038522241211,1.2781844778783242,1,91,Monsoon,1
38.27699288654496,0.5449870958332463,15.752631602593205,70.29927749251952,19.00329284268872,-0.6231874147066024,18.560722362629757,2,0.49801039383443346,Poor,25.244857479093554,78.37524193738372,20.9668529227079,115.0806243362988,4.3882210312969745,Clean,6.972564046969772,Semi-wet,2,Local,Male,Dry,175,Smallholder,Grazing,99.32432155768191,1,2,2.6892594746227223,1,0,Negative,21.424983750036944,4.210053559083871,0,146,Monsoon,0
38.66653855340538,0.4780150362510037,19.91744381371769,35.06406996068552,26.014511261605143,-1.1462952660251133,21.279489204846794,0,0.1851516873433331,Reduced,32.27225113576246,88.35871071473542,23.682398428856793,146.1435975900114,3.7185333261374423,Moderate,6.731161953588245,Wet,8,Jersey,Male,Pregnant,280,Smallholder,Mixed,35.08406771345671,0,3,1.6681426175129874,0,1,Negative,5.82935456978808,4.471238022607956,0,84,Winter,1
39.034996147513034,0.2402796215754826,7.500731774503553,33.79582081063611,33.214399022069564,-1.4966454705103067,35.1347786887208,2,0.4665617051432619,Normal,18.34367466016345,58.040929227166515,17.10570355796473,69.28238172633468,2.502688511746131,Clean,2.331818295599681,Wet,3,Brown Swiss,Female,Lactating,495,Smallholder,Mixed,12.463245181772686,0,4,2.158445018093606,1,0,Negative,21.73320276117755,0.7266069961854134,1,163,Monsoon,1
38.74560323484745,0.2422122062876821,28.19603883487089,37.45133803428079,17.474211204357143,0.8391636545623566,38.5366095381612,2,0.8363431957858375,Normal,25.542581436191394,61.745894006259725,28.937066628833982,140.93028311161544,2.4561148177851946,Moderate,5.68382267549559,Dry,3,Jersey,Female,Pregnant,319,Commercial,Mixed,57.34717199517302,1,4,1.3500539956478188,1,1,Unknown,19.52623242382536,5.877974222396655,1,340,Winter,1
39.02325359546782,0.7536090047573238,20.124104379576842,45.32143146964561,12.009248222175733,-0.5070608502834316,23.306923276284195,1,0.872617970196613,Normal,25.938717891631946,61.074823341931506,25.600983080114005,110.60479492740166,3.8713613980832697,Poor,5.486146463248277,Dry,4,Jersey,Female,Dry,178,Smallholder,Grazing,76.39916740667151,0,5,2.0034678348108583,0,0,Unknown,20.321504979121634,3.250955136548915,0,198,Monsoon,1
38.147595844152384,0.5663431955472223,18.595507215670764,27.742288751874266,9.989558995142431,-0.7797423354841853,25.236603821442653,0,0.04926073471073211,Normal,26.45287968101367,54.26499878974409,34.5752126284058,109.0944867331712,3.0053253232322215,Moderate,6.37351303762044,Semi-wet,11,Brown Swiss,Male,Pregnant,291,Smallholder,Grazing,28.57933523056404,0,7,4.930189915520716,1,1,Negative,1.1034585288976668,3.634982922144775,1,358,Summer,1
38.80161649442165,0.3812173008288846,22.726270865676586,45.22339239318608,21.097191151030106,-1.420496862706329,20.986114538725,1,0.1609033580525735,Reduced,22.113430057618643,79.70899824393155,9.136849498990358,55.19226823208672,7.56107672922443,Clean,7.9027576834943,Dry,5,Brown Swiss,Female,Dry,142,Commercial,Grazing,23.62063668579889,1,6,4.5462369872795225,0,1,Negative,16.263368236120865,5.074462740049947,1,332,Summer,1
37.85177130185701,0.6911762450601862,27.374616211250498,61.93547133413672,18.021012459242904,-1.3544996135170828,17.13016091728968,3,0.27529013576680417,Poor,37.70873193975267,70.8864166373498,6.7494699302750405,124.83002783863982,5.58090127794477,Moderate,4.262400380497553,Dry,3,Holstein,Female,Lactating,298,Smallholder,Grazing,80.24545952796839,1,4,2.9432346926404334,0,1,Unknown,10.21499942242672,4.017053282083971,0,273,Monsoon,1
38.63326436319078,0.402286494600089,21.482986578353614,46.51407390624777,23.247163006402484,0.2800872872398668,32.31047018665978,1,0.5948658508876018,Poor,31.892943066959038,43.20257784282798,13.244111167081634,97.82730526480583,6.449457821681463,Clean,5.462242268670482,Dry,6,Local,Male,Dry,368,Commercial,Confined,75.37222917252228,0,3,4.695011012608094,1,1,Positive,14.904975835770884,6.109624285473499,1,70,Monsoon,1
38.15765541512113,0.662105403475538,21.79525238588648,42.07314541024723,22.795586032156606,-2.1731573988308934,29.33812181777298,5,0.3609947587924671,Normal,38.057677049717945,81.94031675115679,5.571505859505321,122.11743918351341,7.940671835871898,Clean,8.341941474887719,Wet,10,Holstein,Female,Pregnant,386,Commercial,Mixed,20.33919677371866,1,5,5.853391103866128,0,0,Unknown,2.9241366917556233,4.968939613152537,1,303,Winter,1
38.258682034446146,0.4873669975861523,18.522760097857528,38.81839551316372,12.380698920315423,1.2923030406819076,28.062927896043252,2,0.8440409134460755,Normal,30.20135616732505,49.35441155766036,32.97834283599538,130.9181103446606,8.591017453535137,Moderate,9.38045112368455,Dry,3,Holstein,Male,Lactating,40,Commercial,Mixed,86.92706039953319,0,6,2.4368670394457377,0,0,Negative,6.4389308526946,2.1952618149850935,0,310,Winter,0
39.44165590512627,0.8588417812894553,17.433896986532208,53.98511704551564,11.110697023111564,-1.0007669657223777,19.59966077701972,3,0.7166718682829376,Reduced,30.8114046214204,88.95755808545606,14.118549760645262,102.37963733722785,8.48201719882578,Poor,9.130583784399025,Dry,8,Jersey,Male,Pregnant,405,Smallholder,Confined,13.47294172591591,1,1,5.879923145936252,0,1,Negative,9.079507228956324,7.028658761011442,0,271,Winter,1
39.35478607235657,0.8565569286134236,16.096818223980396,36.74167226761952,23.775599442076572,-0.4244539163776888,37.839740090971965,2,0.10045602311350821,Reduced,26.978090283233936,58.833156950128284,21.572905009143767,76.36443132783143,4.608565868208324,Clean,5.821047616752334,Semi-wet,4,Brown Swiss,Male,Pregnant,298,Smallholder,Mixed,10.923982527179277,1,5,1.4754368973539216,0,0,Negative,17.523875379675328,2.1184458268999875,0,9,Summer,1
39.06548287254431,0.5818803184979211,14.695552033141832,63.46395920599248,22.81257300831974,-2.2054669372108315,24.979859571703162,0,0.6245575025120912,Normal,34.81541562337346,70.8224823575162,14.542088986362257,64.15724913928133,10.096270202961026,Moderate,6.166926376016815,Wet,5,Holstein,Female,Lactating,227,Commercial,Grazing,35.11072364584986,1,4,5.727226908919921,0,0,Negative,13.717027756389845,5.851495610964279,1,196,Summer,1
38.044612341196455,0.4806552874680125,15.251943601202012,64.33359747714357,19.445092009800693,-0.21854890736354682,31.201758548898855,1,0.11301262534697842,Reduced,29.827639959072705,43.89118094480152,12.374258659664704,66.05031279324143,11.1770966991923,Clean,6.232843537217275,Wet,3,Local,Male,Dry,414,Commercial,Mixed,88.65325929586335,0,2,5.186602730699255,1,0,Negative,1.3364597292941918,6.44156997752279,0,3,Summer,0
38.51015493018312,0.49004783724727563,12.597776142628067,47.567507986617876,12.057138489206173,-0.6924814140358397,19.272631568531654,1,0.25503566963646007,Reduced,26.04675576842902,57.23316373441783,9.570941719246399,136.69346539457987,5.159383472231952,Clean,8.949724557659877,Semi-wet,5,Holstein,Female,Dry,137,Smallholder,Grazing,69.54401686592102,1,5,1.1947857567851488,0,0,Negative,8.699840072689865,5.662116472472798,0,269,Monsoon,0
39.42785861998751,0.8445716205345744,17.69651419725991,44.88484911923355,24.828347576589945,-0.2751208982847,26.856848862279776,3,0.17787063353422805,Normal,36.23285825147198,80.11769786803907,14.610977609874068,62.35780956303887,2.1706541656606797,Poor,8.719516055504005,Dry,11,Jersey,Female,Lactating,142,Smallholder,Grazing,39.47185825512348,1,3,2.099061018067242,0,0,Positive,22.61909478425833,3.6635337566348336,1,352,Summer,1
38.78503014818394,0.4625435862380896,11.261329691094453,55.30659808241559,29.63139727254366,2.0075633475428356,29.748246737431504,4,0.17306194920070495,Normal,20.485911928734055,63.86042459766292,23.462567912239237,88.46940730465684,10.99154186648505,Moderate,4.492260228362761,Dry,7,Holstein,Female,Lactating,220,Commercial,Grazing,15.72509234518722,1,6,4.247526512422856,1,0,Negative,5.136562352706819,7.084647292791342,0,6,Monsoon,1
40.09159772398902,0.3672474989654768,18.76366609657484,55.94798502227325,23.667894641313534,0.0665470686853597,29.962451308319846,2,0.6163955247768592,Poor,23.339414972207617,85.23017417720115,34.148635990625834,83.42746462890308,11.235487329534761,Clean,3.302797515376282,Wet,3,Brown Swiss,Male,Pregnant,405,Commercial,Confined,71.34765127226444,1,5,1.1497264992248437,0,0,Negative,6.445876117775394,2.9577478610568813,1,234,Monsoon,1
38.93599070363663,0.2677506735002455,17.854677567830635,36.94008268940584,16.91515665660961,-1.391988776218706,28.927891259419752,3,0.5636049225541615,Reduced,41.05308962123119,68.75692205254036,21.742761211014482,136.54556667389704,2.5094644041303353,Moderate,5.031796491936813,Semi-wet,3,Brown Swiss,Male,Pregnant,357,Smallholder,Mixed,59.914721948831264,0,4,3.5442392008200896,1,1,Negative,8.069853066075746,5.6530719847972755,1,66,Monsoon,1
38.81522946989402,0.5733544967075268,18.58774119354675,39.73444866863298,22.26731299342691,-1.2669798658198521,30.967134952292636,0,0.17602815278772688,Normal,30.353517294193026,86.42860976978739,20.981271982970156,97.76935006942915,2.0495659185921227,Moderate,4.307251065995209,Semi-wet,1,Local,Male,Lactating,416,Commercial,Grazing,98.76829110691308,1,5,3.2088427740276835,0,1,Negative,7.163723282700686,7.082472954010578,1,96,Summer,1
38.5145301214785,0.5857056791358735,15.91147371992003,31.776525653167045,13.803315514397891,0.6926967788706528,21.216877263802232,0,0.9901728054184318,Reduced,13.83428477988982,89.1304953506278,6.057890543154406,149.64464173481377,10.164047829927423,Moderate,9.606245798519275,Dry,2,Holstein,Male,Lactating,320,Commercial,Mixed,76.55594618145449,0,3,1.7512444918052144,1,0,Negative,3.7996782678474554,1.665709448826435,1,112,Summer,0
38.78012454286937,0.8727269683223258,30.307441480722012,49.09064938334057,28.347764283032756,1.7480399364901358,29.18423563263796,1,0.4218367323682938,Reduced,32.094660088918,62.69472797591379,30.20297047003078,123.70547463031447,5.0146335448310655,Clean,4.127325435509213,Dry,4,Brown Swiss,Female,Pregnant,347,Commercial,Confined,10.212395640847138,0,3,1.8032006383456323,1,0,Unknown,8.191184854560221,5.394764088787693,1,125,Monsoon,0
38.60851809817168,0.3769909571568512,23.44046360072125,51.66627883456891,22.49106600717723,0.22287703112657503,28.682546100881666,2,0.09706932815493663,Poor,21.88448196792442,68.2578286288904,6.345241249927197,135.09235754042857,11.145821672959885,Clean,3.4496534538154844,Semi-wet,9,Holstein,Male,Pregnant,413,Commercial,Mixed,72.82150594106311,1,4,3.0978496235996014,1,0,Unknown,13.406915312028074,7.257194259345585,1,41,Summer,0
39.124865206013155,0.50479301893472,13.021829999661108,31.500743621387272,11.39105852948061,0.8330691168321542,29.390036105170367,2,0.12056901695511513,Normal,24.128428730437022,81.7460321625635,32.18696822310437,59.867226602667486,4.167435732695466,Poor,9.195832500473724,Wet,3,Holstein,Male,Dry,110,Commercial,Mixed,25.744704551645025,0,7,1.7990964098061701,1,1,Negative,16.53143188433167,1.2731095080936412,1,7,Monsoon,1
39.274021390076754,0.8467245911149528,18.931472349707594,40.44801095183841,20.195953837337903,0.7146065850050576,28.43407130391509,2,0.5838937137265947,Poor,39.75470017596966,51.07665027679065,21.160151760701538,75.31022552648959,10.61154616126587,Moderate,2.691828834848568,Wet,10,Brown Swiss,Male,Lactating,100,Smallholder,Mixed,96.18956989754177,1,3,1.0815281733966984,0,0,Negative,15.785691730903658,1.5931494193944227,0,277,Monsoon,1
38.22840632369523,0.8588988885991788,15.567975428250705,31.52746082418651,24.779809061405384,1.9285966200362814,20.360723356519614,2,0.9790694033834728,Normal,35.27758112333335,83.08147868905547,10.053998157021063,63.54461955718283,2.6864426972503668,Moderate,4.082128411411682,Wet,5,Brown Swiss,Male,Pregnant,235,Smallholder,Mixed,1.9273617474210747,0,4,4.640152181632349,0,1,Negative,4.741544794452796,3.3369171607988237,1,209,Summer,1
37.901260227865336,0.5076888607830146,13.942081093170344,36.012001897561625,20.001714274146867,-3.124385259089049,20.093201487346157,0,0.5719511016191978,Reduced,36.9905576791768,69.59600701886347,18.551221760193762,96.36219724005596,4.606368473139736,Moderate,5.512889552004707,Semi-wet,9,Jersey,Female,Dry,296,Smallholder,Confined,23.835059031796447,1,5,3.490569583030048,0,1,Negative,15.134056119814725,7.957330754474554,0,193,Monsoon,1
37.59827677613802,0.5672992186293447,12.63971171550426,50.510170602262995,20.344625671358955,0.8008284089567923,14.71439088469269,2,0.9490414766166372,Reduced,23.963505626123965,76.27500676922628,34.84953442049595,121.82874881619098,11.73128879145641,Clean,6.7608590252774565,Semi-wet,4,Jersey,Female,Pregnant,20,Smallholder,Mixed,49.89983765118249,0,5,2.625816243283368,0,0,Negative,9.241467511427315,2.179518389501217,1,160,Summer,0
39.00479479614753,0.4426287126794264,19.728866763037015,37.6651793332172,14.653586757716369,1.2756040658553458,32.905207059071785,1,0.4441328507580268,Normal,25.54446711202562,43.99270113317226,14.152485561322791,66.90635682030002,4.311966543312823,Moderate,4.621383170986451,Wet,4,Local,Male,Lactating,163,Commercial,Grazing,7.906840045385943,0,1,1.0874855086758595,1,0,Unknown,19.902225598259633,2.935401831559918,0,96,Summer,1
38.03798003629568,0.9460439027354497,15.274479059721704,41.99174043967702,25.399245922489936,-2.2080855592033606,32.965945058411194,0,0.435841103652012,Normal,28.09332811295945,78.30938417267018,13.08379305645736,63.01685445697388,3.3301298407504114,Clean,5.96987197536804,Dry,6,Local,Female,Dry,269,Smallholder,Confined,34.40628343441985,1,4,3.5661928665989286,0,1,Negative,9.33546168883157,6.7632254533716845,1,247,Monsoon,1
37.408265644228514,0.29491501259326425,21.871304096100815,28.726882720526845,18.109184799885174,-1.5285022760096239,33.06130174733272,1,0.5000073593158822,Poor,31.341986148437663,55.53934522868292,8.540176851275177,111.46087487804404,10.570546524729952,Clean,3.590649491444852,Wet,7,Local,Male,Pregnant,190,Commercial,Mixed,49.72349732119235,1,2,3.771639538408527,1,1,Negative,23.461081233636094,1.4805751810913044,0,6,Winter,1
38.93314716271858,0.946999538401176,21.975128858121757,46.869902097246644,9.061327737969805,-1.47617412294223,29.84073977476871,1,0.6974254581555552,Reduced,25.290080073913117,80.2616138424921,22.914270463725163,73.03127537634239,3.1780079176147904,Clean,6.594192961803883,Semi-wet,11,Holstein,Male,Lactating,153,Smallholder,Mixed,44.693325270670094,0,4,2.8785337269502493,0,1,Negative,15.140894578731164,7.971547844901028,0,41,Summer,1
40.195799710459674,0.7470931614682745,23.495657540845798,44.55726680155351,19.772455775977637,-1.2931852945660751,15.201284693691335,0,0.36761596645133265,Normal,36.39186601734555,65.45762691513535,7.676809970418887,97.9325071753741,2.9745610857950346,Moderate,5.262534466237276,Wet,6,Local,Male,Lactating,95,Commercial,Grazing,46.058522506740076,0,5,2.2364364761462956,1,0,Negative,10.866518414504629,6.041462479345593,1,33,Monsoon,1
38.69635745307607,0.6252577221493849,14.590452935703585,37.71040749966838,27.886898293422117,-0.922575576403289,21.839737049288402,2,0.863886032678957,Normal,29.45592863392428,53.73071674078166,27.980241914122313,55.11177277277177,5.234251341895358,Clean,8.794077498147603,Semi-wet,11,Brown Swiss,Male,Lactating,499,Commercial,Confined,87.90230519393539,1,6,5.203480392548901,0,0,Positive,12.571581398531317,7.693777662077991,0,153,Winter,1
39.20309446467099,0.2261272486275967,19.90146244276804,43.10985702317526,19.678423320400316,0.1639042195824122,29.02249250555867,2,0.029281384768146235,Normal,34.45465557996025,87.6379848510827,32.57670542991674,118.06128120674649,8.353285065969594,Clean,5.325873067109219,Dry,4,Local,Female,Lactating,131,Smallholder,Confined,50.5290873565318,0,5,4.228858843426156,0,1,Negative,5.046921528108369,1.5829849590704212,1,280,Winter,1
38.74909761512854,0.5804769534576066,20.529816866569202,46.80294880503445,32.42790991074112,1.0985119767510547,28.81310801675077,2,0.43976419502844233,Normal,23.100051714939195,78.25311988557496,32.95613333646498,104.13163816420536,9.107463737786956,Clean,5.550523343056402,Dry,7,Holstein,Male,Dry,269,Commercial,Grazing,94.1046850825897,0,3,2.137028598180519,0,0,Negative,16.64317175245156,2.2432799585381105,1,95,Winter,0
38.640666208085314,0.5261984840021858,16.10328729958414,36.85131851090656,24.5738076912911,1.4219754366528046,26.663510721087874,2,0.5109918499799179,Poor,24.905607138530854,89.28430369368235,8.237487586323134,114.74228989586328,10.812387838273958,Clean,6.7373999147393,Dry,11,Jersey,Male,Pregnant,286,Commercial,Mixed,14.773168076407872,0,1,3.558542694211432,0,1,Unknown,23.1505560067232,3.280811273458658,1,243,Monsoon,1
39.25144588979266,0.32897504958009804,14.9129121704285,30.237374559982207,24.032548973682196,-1.4567345917516727,30.213503217449478,0,0.6070322382630962,Reduced,28.22837088427487,58.22349492061019,21.747877920589065,77.5406380059746,7.4091152595910605,Clean,2.9853600326155316,Dry,10,Holstein,Female,Pregnant,485,Smallholder,Mixed,28.025608750603435,1,2,1.4023868110839295,0,1,Positive,12.844040940678664,0.8825851380187628,0,106,Monsoon,1
38.52583527348681,0.7251276828005255,24.43808266310389,63.05574432686815,21.22961040449435,-1.467054498054474,28.069910246111473,3,0.27607191236586326,Poor,24.704419745955903,72.46098167708193,7.913295647064999,77.86029753615311,5.934177867609754,Moderate,3.2543614136502486,Dry,3,Brown Swiss,Male,Lactating,469,Smallholder,Confined,65.65157751939338,0,7,0.06881979568866337,0,1,Negative,23.82408447748036,0.9551873315969803,0,9,Winter,1
38.86043538844314,0.9769207258946286,18.909983502928213,38.66727295289727,21.590282753414257,1.7737327600243344,28.72462279330817,0,0.42747997098583534,Normal,32.238621995101035,70.57943389318633,22.160484244528917,130.1360533090758,5.588337618344651,Clean,8.321901977817923,Semi-wet,3,Local,Male,Pregnant,115,Commercial,Confined,28.312258190228146,1,1,5.213083826062724,0,0,Negative,4.460634566611979,7.278660659153643,1,93,Monsoon,0
38.893018683717614,0.64975104885162,20.543871002846952,44.032398968131105,20.419458189282977,0.7701159031279667,24.165608003007904,2,0.48453775021405665,Reduced,32.33823855858326,74.37783705344015,29.449417556287433,121.85623129848263,10.46902728477474,Clean,4.187350233116376,Dry,7,Local,Female,Lactating,452,Smallholder,Mixed,34.727606941405156,1,4,4.913334166667859,1,1,Positive,15.666728001578006,0.8206119714452721,0,126,Summer,1
38.29914572781417,0.7718026211551567,14.71169595268829,55.108397350203134,20.18638364750484,-0.0757027371965058,33.89206591672954,0,0.6869099786832132,Normal,25.80468460206281,41.915828302066544,21.13370486909854,107.97286511986147,9.238153094826654,Moderate,7.477575431427648,Dry,6,Brown Swiss,Female,Pregnant,260,Commercial,Grazing,90.10281980075911,0,6,3.836419175458267,0,1,Negative,16.59203296337894,6.124697743618751,1,67,Winter,1
39.295225409721915,0.25476036205281344,13.122862133911225,80.29055187570484,25.18520297240289,0.5100050133324507,25.415370347917694,4,0.773544184735814,Reduced,30.289855903999545,54.58596619386871,31.161614783200434,112.81434757820804,11.054290137251392,Moderate,2.779415759817617,Wet,2,Local,Female,Pregnant,295,Smallholder,Grazing,53.855917480503315,1,4,4.86788179413592,1,0,Negative,8.169618789434484,5.882317507740646,0,4,Winter,1
38.595024145982755,0.5341335966535958,15.722200902031558,32.555135501111344,16.385012621256607,-0.24470567277716096,20.01610550187624,0,0.7378273273437872,Normal,37.20927043431549,85.46687868954037,29.050230645481328,59.40441795011054,11.64035455731614,Moderate,8.574773282544104,Dry,1,Jersey,Female,Pregnant,296,Commercial,Mixed,33.46607559593171,1,5,4.6849356531728015,1,1,Negative,9.085993857014428,1.0461095613744535,1,54,Winter,1
38.246552904304295,0.2930867881315967,17.50391445044001,49.4982721372651,15.544637027654442,0.5868770245714219,23.37400592308763,5,0.3415830522895853,Normal,32.222987236892344,61.19100274361134,13.296450498197851,135.61713044512535,5.000508360838074,Clean,9.905824887351656,Wet,6,Holstein,Male,Dry,311,Smallholder,Grazing,77.67117778909127,1,3,5.161537381276457,1,1,Negative,22.745816333725465,1.9072682382361554,1,341,Winter,1
39.021905906142244,0.6902366684292083,13.743119972730604,37.92447714705894,15.260829694747734,-0.7041000447586108,25.90920285182812,4,0.9994505229919636,Normal,30.260007279263743,88.03218395407737,23.90306848647325,126.99070330116626,7.2967411870083945,Moderate,4.989527561662275,Dry,9,Holstein,Male,Lactating,57,Smallholder,Confined,7.066475405020323,1,2,5.3511841513283676,1,1,Negative,15.074602031715276,3.911129793082442,1,134,Monsoon,1
38.16091921092538,0.9507857265713238,17.960620765398467,39.61209695423289,34.27392728606293,0.2032074016588462,33.96401673021308,0,0.8486653117871794,Normal,33.47658380802468,50.67515863224879,5.222363794283943,109.04915338234477,8.318208073648329,Clean,6.044240815319173,Wet,3,Brown Swiss,Male,Dry,331,Smallholder,Mixed,56.36626102062125,1,7,4.912819463439428,0,1,Negative,18.97509221903382,5.312428897797105,0,45,Winter,1
38.71690869442148,0.7294221859773109,11.245979247726,37.7978797899321,25.18205741002348,-2.4658190755542444,27.746392009391244,0,0.26002337314496893,Reduced,35.40410083647086,89.87119867405447,16.881257477745933,141.85951311009072,3.6384894677645754,Moderate,5.541695838718418,Dry,9,Jersey,Male,Pregnant,366,Commercial,Grazing,9.966972214657233,1,6,5.1104922681803995,1,1,Negative,17.697655352965,7.21870136346117,0,225,Winter,1
38.69452860201348,0.26144243865153727,13.519810310120512,33.743450321994146,23.82695321008087,-1.2316764422381465,26.883110686206106,2,0.19510580567282754,Reduced,34.58957143111506,74.87904544797661,12.138805033528856,66.86379076993998,2.533470339249847,Clean,9.153501989112188,Semi-wet,6,Brown Swiss,Female,Dry,286,Smallholder,Grazing,17.685080204936597,1,3,3.010174773341081,1,1,Positive,15.052590363784864,4.451239220057389,0,142,Winter,1
39.35153733949895,0.4837329639880663,20.6836449931075,44.58708638215339,15.654911978239411,-1.2155167651855152,20.508019451424236,3,0.3140212505833905,Reduced,26.64010698141306,78.81967120332439,33.11349037830458,118.66573860341668,10.677639141153135,Clean,2.079472301575037,Semi-wet,4,Brown Swiss,Female,Dry,293,Smallholder,Confined,6.244545428950332,1,2,4.24804461851412,1,1,Negative,2.101046476376297,7.52275080599314,1,340,Winter,1
38.98481893972797,0.6405307035526813,20.415162081111575,30.254973129517644,25.74005380404897,-0.7615850498103711,32.712895538977456,1,0.4523448529996449,Poor,31.511424999359633,59.84305861012679,17.161670351694802,146.29817776521608,7.355235107553732,Moderate,7.227674569310689,Wet,10,Jersey,Male,Dry,100,Commercial,Confined,90.16830287828004,0,6,1.9994798747761755,1,1,Negative,16.241894449562707,1.9269161644694033,0,171,Summer,1
38.68498382475292,0.5225662049066018,16.432492938452533,54.468075665118704,21.300571921280028,-1.589769882169622,24.088287075859686,1,0.8507993783196138,Normal,25.509697696429,85.35040606303104,24.62193285267442,81.00089645699208,7.707742163600392,Clean,7.218946182428263,Dry,10,Brown Swiss,Female,Pregnant,117,Smallholder,Mixed,4.820445876783652,1,1,5.166791247694253,0,1,Unknown,8.932996522369379,5.17085014374823,0,311,Winter,1
39.190659779520175,0.8669152083801379,13.928942763692188,45.550029360333745,23.2850136467905,-1.0003154387346227,27.399832846351984,2,0.7783622637945344,Normal,26.727779545259878,67.27314504793111,26.959448278208217,51.52923140675095,7.549143454279548,Clean,5.059080066383625,Dry,10,Holstein,Female,Dry,64,Commercial,Confined,51.6416447940187,0,7,5.151543817365081,0,0,Negative,11.787539112082424,6.834803262607526,0,165,Monsoon,1
39.53412452941039,0.8517368037679913,13.890385793895955,49.2243497290144,16.140278104818663,-2.471621093597181,36.88109846129119,4,0.851246123505876,Reduced,29.396208099272954,74.04691901123175,28.196376160445226,123.48674669691331,9.549607048326905,Moderate,3.7546691369361165,Wet,2,Local,Male,Pregnant,173,Smallholder,Confined,22.497740198409886,1,5,0.396854874069861,0,0,Negative,20.583443012011696,2.2499349003349827,0,204,Summer,1
39.03468618381112,0.6894648160825771,16.506927016234744,40.33811388053777,22.96161314450546,0.6230507145923505,31.052579986295825,1,0.2719571149103285,Normal,19.757769088392983,44.7404135668143,27.073255760525864,50.698032445612704,3.4550194468204323,Moderate,3.9174614513202854,Dry,9,Holstein,Male,Lactating,401,Smallholder,Mixed,38.35886336972276,1,3,2.0821190840628327,1,1,Positive,23.28027320391627,6.414090042166628,0,272,Summer,1
38.70621157190603,0.4987663561061642,20.578073966581165,41.327960657882514,19.4569987707611,-0.3237702783670917,18.230475713708955,1,0.5934612224518362,Normal,28.843215702248735,71.58403504464468,13.674951829632043,137.2533649182167,8.140484407715327,Moderate,8.40371296971113,Dry,5,Local,Female,Pregnant,334,Smallholder,Grazing,49.365618467983055,0,4,1.0286688186585005,1,0,Positive,16.968485012756698,3.5021692037575267,1,273,Winter,1
37.912898260589905,0.4042690990105953,21.712982765377298,47.87563905167328,17.406333057818873,-2.7578114116640253,17.382938581885167,0,0.28324906227737445,Reduced,23.54279312304272,83.95394941310784,25.582030901876664,55.63012521035699,6.6947951157763015,Moderate,2.5288247709996723,Semi-wet,5,Local,Female,Pregnant,153,Commercial,Confined,45.00601412837752,0,7,0.8147996144517888,0,0,Unknown,6.3355512949418635,7.997181308298494,0,251,Monsoon,0
38.06093180215478,0.2846994545705035,16.013873058072125,33.35949367594175,26.404638014843492,-1.4522448658200096,27.614137299284522,1,0.10902316071949314,Normal,21.069448611359313,48.9141614107994,21.4702844678685,115.27647298718772,10.969581595077242,Moderate,6.510593170194872,Dry,2,Holstein,Female,Pregnant,62,Smallholder,Mixed,74.80871898717719,0,5,2.4893566429114706,0,0,Unknown,8.306838758323003,1.1866358938499721,0,71,Summer,0
38.5168651773872,0.4839181467892433,13.386030296060865,41.42009565586664,12.773753148819985,0.3049021413432503,20.72355631075117,0,0.6841977434746807,Normal,30.974570308546227,76.8862967317423,22.921179943925566,87.71841444231504,7.196209378963253,Clean,4.454724823826124,Dry,5,Brown Swiss,Male,Lactating,113,Commercial,Confined,91.18833262561259,0,2,3.7539683830251853,1,0,Positive,4.176543530025049,4.649542314648681,1,346,Summer,1
38.334292678704436,0.5305380137661757,19.071374551465333,36.40386486121546,25.388657585884904,-1.0145329195786845,31.891280485797985,1,0.14299755119543878,Normal,25.69606906313803,41.270037949732725,5.024438519262646,70.33406537167329,11.429349740741657,Poor,4.121982499746563,Dry,6,Jersey,Male,Lactating,199,Smallholder,Confined,30.027221408469885,0,7,2.0623547534472237,1,0,Unknown,14.356158691862571,6.372762431319445,1,255,Monsoon,0
38.587817218208734,0.7406583400832589,14.705860117496602,36.094311894089856,26.10691680131798,-1.2454121902071449,28.253578389789876,2,0.6676977617064714,Normal,28.099934841407542,86.31015082812596,12.747728028585696,139.8258399853829,5.5325299417990665,Moderate,6.0459013242482875,Dry,2,Local,Female,Pregnant,378,Smallholder,Grazing,2.4540497156058882,0,6,1.8552898155856616,1,1,Positive,22.38807820822378,5.571474818028417,1,129,Summer,1
38.73398995493827,0.7265278594380589,15.92698944455519,23.901617593743584,16.722137946692555,-0.3118890155121145,28.992308614143177,3,0.6479643049054091,Normal,25.818125880619125,89.14585580155932,32.92051090146967,124.62458519268623,11.668947063899905,Moderate,9.182892050238136,Semi-wet,1,Jersey,Female,Pregnant,275,Commercial,Confined,89.39454357398326,1,7,0.5667455526325083,1,1,Unknown,19.651507129430318,4.291886963989013,0,2,Winter,1
39.01781565261404,0.25608651171300556,23.301104361748152,58.393265894799995,17.078029233205196,0.3153963027673243,23.75954091014588,1,0.810248444424017,Normal,23.916779481069966,57.709003339904726,13.702282499171773,84.04405661432601,10.751579480917677,Clean,6.944735352298647,Dry,6,Jersey,Male,Lactating,465,Commercial,Confined,97.87840656993941,0,5,2.297518735155055,0,1,Unknown,13.503684548261926,4.348317342859684,1,351,Summer,1
38.657700733164546,0.5162074523449263,21.30846171426307,38.13461246846231,20.66184591240159,-2.354528685558741,38.44830193172024,4,0.1395546045635644,Normal,27.587852192404746,45.35369248576674,18.140465667489277,78.4153092857225,7.842632897353547,Poor,8.308885022042588,Semi-wet,9,Local,Female,Lactating,261,Smallholder,Confined,43.33511743728645,1,4,2.8258662410868833,1,0,Negative,22.6521821289366,3.540721674421424,0,84,Winter,1
38.991900986295725,0.3454230937738896,18.631897249005807,56.633760551635504,23.692217262773323,0.6251927218268192,45.05556236806275,3,0.7834801485088109,Normal,20.188758764021337,72.92881840815724,10.600219465872232,123.60122941611394,5.537099333190246,Clean,6.805470234103048,Wet,9,Jersey,Female,Pregnant,243,Commercial,Grazing,45.57888773492279,0,4,2.392235948904113,0,0,Negative,21.62524167751813,3.06725318869012,1,357,Monsoon,0
38.73868464888608,0.32545016425344453,12.912323995549109,55.68792321394292,21.082870049114646,-1.400439922411065,26.32849165745971,2,0.9992765259462371,Normal,26.518804813056278,41.49172570737395,9.158076557110693,133.65707626063306,5.759233574525599,Moderate,7.5817262389819255,Dry,9,Jersey,Female,Lactating,36,Commercial,Confined,14.415611048627497,0,2,4.08050593463954,0,0,Unknown,9.304738940204238,4.9524990861186335,0,123,Monsoon,0
37.51472006018768,0.8618417197897967,18.845586269882634,32.14000293483507,24.601374761151277,-0.2268919523746981,30.118235490490004,1,0.8510424485859022,Reduced,36.90366599142571,64.12431406485933,11.260069059161154,121.58504642958094,9.727520864582917,Clean,5.459261190346365,Wet,5,Brown Swiss,Female,Pregnant,352,Smallholder,Mixed,47.552345009598504,1,5,1.728948782516296,0,0,Negative,13.644929165394666,6.112755926321837,1,161,Summer,0
38.13639876370875,0.23353217337300602,22.250629163150105,34.11588764327154,32.57787791522439,-0.2531302110372643,28.584504058385875,3,0.7518120763276662,Normal,21.00261720705055,53.58895875689433,21.60941986600919,113.99892250357414,7.806313511690445,Moderate,9.407853081665472,Wet,10,Jersey,Male,Pregnant,136,Commercial,Mixed,30.334923598097387,1,3,4.296255902929145,1,0,Negative,7.807123167299247,2.5945290372113905,0,321,Monsoon,0
38.613547466567034,0.5353463007216971,16.497465336937857,70.60502959355684,18.953699385101718,-0.9905991773596612,26.441878819353587,3,0.6621653546947076,Normal,34.13079150358097,63.66695269764384,32.57085954170324,72.79247251886488,6.01587585469321,Clean,6.0155121635132875,Semi-wet,1,Holstein,Male,Pregnant,65,Commercial,Grazing,99.43800675361362,0,5,5.29661583323573,0,1,Negative,1.2017507451967941,7.599641689810001,1,307,Winter,1
37.97418315429534,0.3345629246132146,23.40445635994686,62.50925941927143,11.708920175779477,-1.7354896191960716,23.00757719360322,2,0.4217814846854294,Normal,37.433989022176235,40.91377573691785,14.785975396885709,135.28039832764722,8.360549614121643,Moderate,6.414197353814105,Wet,3,Local,Female,Lactating,188,Smallholder,Grazing,18.484796420664384,1,7,3.5474417938476,1,1,Negative,11.3773334773216,3.2361379916388024,1,161,Winter,1
39.05995723799773,0.9034641725427792,23.170981158072827,44.68481486671896,26.95554149818392,-0.6285298221383954,21.490192075117136,1,0.7305001678916022,Normal,23.07245906604193,42.58060915353532,14.702238566239132,124.96619834583748,9.332333979009444,Clean,6.199724026038797,Dry,8,Brown Swiss,Male,Lactating,160,Smallholder,Grazing,37.85867320124579,0,4,2.332065943548489,1,0,Negative,18.252539726906573,3.7548103256086183,0,3,Winter,1
39.61845049940622,0.6456324106200282,24.654931328573895,47.573731064173494,32.09988745556518,2.2379954636127923,21.186416406846853,2,0.7241780351404532,Normal,28.638044791709508,40.79879144216912,21.92421760660605,101.72742897664145,2.229005125584659,Clean,4.529512161319348,Wet,9,Holstein,Male,Lactating,409,Commercial,Confined,61.65019819986037,0,6,1.0781573056554195,1,0,Negative,15.585910035010373,3.583550241498581,0,229,Summer,1
39.43125711101839,0.3851045091014784,19.220972506125413,38.691535970528115,24.356610178306745,-2.2425125456954467,30.431440153294872,2,0.6314982826872882,Normal,20.501353149422698,70.9565935023557,15.702281530794057,101.15877622667807,2.8986280111751013,Moderate,3.8499074847934853,Semi-wet,4,Jersey,Female,Pregnant,233,Commercial,Grazing,34.51235518223985,1,2,5.594542363026331,0,0,Unknown,22.31683217136391,1.3350483160024953,0,60,Winter,1
38.571934277441876,0.6019418297331012,20.34956679922405,49.3235271420034,15.47350794787799,2.3384695286573134,24.88195313077819,4,0.7962783782978284,Reduced,19.753147835720455,68.00464588376042,32.312481439519644,106.91730278073464,2.944854404070792,Clean,2.59067971292444,Dry,11,Jersey,Male,Pregnant,244,Commercial,Mixed,47.44235390520273,0,1,4.511133688329789,0,0,Unknown,16.772806607336843,1.3693330579788714,1,172,Winter,1
39.594435682109975,0.7851890877624927,23.65674915332436,37.82818099277529,21.256645820588794,-0.5895817566147987,12.530242899156818,1,0.4487638884268347,Reduced,27.835850064674865,51.657899926830225,16.335441279267858,132.82763941786627,4.319338052633348,Clean,7.745399856020389,Semi-wet,3,Holstein,Female,Dry,436,Smallholder,Mixed,97.34836332408764,1,1,1.478646688723617,0,0,Negative,4.2489160748601495,6.4645320764955585,0,104,Monsoon,1
38.78920047432127,0.966494407135547,19.7895757482759,24.676462357016153,15.288859094730206,-0.14694287436704134,30.669149323589934,0,0.12125271213239064,Poor,29.045900819044107,72.33215644520106,19.713267575584013,124.22595488375575,6.26990439227314,Clean,4.314202105362966,Semi-wet,2,Holstein,Female,Pregnant,407,Commercial,Confined,50.807137605079824,1,6,0.9038087138627697,1,0,Positive,7.1368189437689065,3.359924925414155,1,133,Summer,1
38.49774841732918,0.37635680339633515,15.99506356883915,31.78444213488949,25.857132963777687,-1.8300662170770907,27.770432305215063,7,0.5590677276092374,Normal,24.16542465238919,84.21036284474874,21.001678519112325,135.62449939458833,10.036498992925544,Poor,5.113583705564857,Dry,5,Brown Swiss,Male,Pregnant,481,Smallholder,Confined,91.03204384738176,1,5,0.2958612773907483,0,1,Negative,3.8828517044360265,2.119906968150618,0,43,Monsoon,1
38.33195840187544,0.9089454177034761,16.205828653888556,45.21092747850587,13.892257583809393,-1.3569041250162213,36.08003800840687,1,0.2650435287113426,Normal,21.345030801703672,53.86610505130568,28.462033853914136,100.72827716587224,5.510990349995574,Clean,9.3594253018097,Dry,2,Jersey,Female,Dry,197,Smallholder,Confined,4.308286874527944,0,4,1.1433178650553224,0,1,Positive,19.27891581247616,5.807753279565544,0,303,Winter,1
38.51851818810712,0.9474432913339923,18.954219815094955,33.68932764497412,20.1992272790308,-0.9543644750570286,30.238734382546056,2,0.3844330974291502,Normal,23.080363045585663,81.59969039394937,21.91717818244651,112.46490590182572,2.1747778838060476,Clean,6.5315787952949895,Semi-wet,11,Jersey,Male,Pregnant,67,Commercial,Confined,11.981834390183577,0,5,4.394251321037357,1,1,Negative,22.8659990645641,7.6980553888183945,1,229,Winter,1
38.46709390887526,0.9331364356256531,12.837754312215125,44.32722535086465,15.973973042236562,-1.7685424563168681,19.127958422138217,1,0.017414903941226023,Reduced,31.455466446656885,73.12545680010908,12.174653004419724,135.45718068959798,6.83361852951729,Moderate,2.776624511231506,Semi-wet,9,Jersey,Female,Pregnant,118,Commercial,Mixed,94.45115947531171,1,2,3.777201550613521,0,1,Negative,6.20409742589014,7.52601802200238,0,6,Monsoon,1
38.8022497334253,0.708331485489528,17.42696433854323,34.25338960567137,22.76094811080977,-0.5133769360563076,14.621940155620113,7,0.38279058791788334,Normal,31.48962126333089,41.69102215864916,8.71961619879102,73.23200601767154,11.966285954246219,Clean,8.396895302590798,Semi-wet,10,Holstein,Female,Lactating,302,Commercial,Mixed,12.873111168809482,0,3,5.80461990597837,0,1,Negative,18.607040773481906,5.9255529939268445,1,188,Monsoon,1
38.79634438862992,0.7038565235477663,22.386188472921013,37.176460774980065,19.801949937173454,-0.8105238377101567,23.683165693972377,1,0.8088011061354546,Normal,30.212545306112787,58.75749479147173,33.13323640066892,94.4020680256224,5.49020995654919,Clean,4.049044792875644,Semi-wet,11,Jersey,Female,Dry,281,Commercial,Grazing,73.65511953910378,0,1,1.9318257450351795,0,0,Unknown,11.051057728031015,1.937168743136179,0,6,Monsoon,0
38.70182761209205,0.5225685065470582,9.234984595338876,53.531653064131916,23.060572619501585,2.5761717136535998,24.249355475838083,4,0.5427223669382548,Normal,25.07197902104209,65.38786079295086,29.04688983917322,112.0652236979387,11.612545187673149,Moderate,6.42164674116946,Dry,9,Local,Male,Lactating,77,Commercial,Confined,44.60036041521494,1,5,4.719601153442555,1,1,Negative,9.169934947892122,1.6556955817694274,0,286,Winter,1
38.96216290184781,0.8019183058430304,24.13792840717806,47.474805476401045,22.134103329798194,-1.9489612785206916,33.658955206000996,0,0.009800526933971043,Reduced,21.62219151369399,76.58495949773607,5.688956308667472,141.51462573581014,3.0134513113642263,Clean,6.079851798911925,Dry,3,Local,Female,Dry,272,Smallholder,Mixed,40.67483291999553,1,4,0.722753727119597,0,0,Positive,23.698351200534923,7.032548510869581,0,101,Monsoon,1
39.414387764871805,0.6250352146807456,22.489496874812637,44.90335578686653,16.080045833655337,-0.045964224877119125,27.94677440626256,1,0.4698438202398473,Poor,33.56380329503021,54.35652791267085,29.645869529706427,51.5836011046125,3.730996579053048,Moderate,3.9046307388150456,Wet,4,Brown Swiss,Male,Pregnant,210,Commercial,Mixed,65.92202642760788,0,6,3.3754961864098623,1,1,Unknown,8.955228479165168,7.721106967992271,1,220,Summer,1
39.269732481264796,0.7419504569826356,16.160941536678095,53.78963973070651,25.76126238117413,0.1717694228527371,34.80213098859105,3,0.29145164764540743,Poor,35.205839547362196,89.13650524289662,22.717933817143063,71.25731581732275,9.241220701457083,Moderate,2.9261682783566485,Wet,9,Brown Swiss,Female,Dry,20,Commercial,Grazing,72.76008252588278,1,7,2.8007446327003045,1,1,Negative,16.203683451568498,5.1673902906458675,0,138,Summer,1
37.80906121893006,0.5427663230790364,20.17356331148724,49.806085933473476,21.70740608894131,-1.8054808229777561,20.05100166578419,5,0.4775506553971711,Normal,24.375461512968222,74.22698702525429,20.5668270510483,73.44505077612904,7.0121244897070625,Poor,3.6900928519597445,Semi-wet,1,Holstein,Female,Lactating,254,Smallholder,Mixed,93.19692802857061,0,7,5.029196697374888,0,1,Negative,17.39435603657008,7.259409579728792,0,156,Monsoon,1
37.16764731905883,0.7851971712345114,18.012590907625306,59.465632912513676,16.0688259528046,0.8302412431792578,33.79158630628269,3,0.40469272144787705,Normal,26.205496909990618,58.640683858218026,5.366875370706767,82.66126802617941,9.65121803465886,Poor,2.778702396511725,Wet,7,Local,Female,Pregnant,303,Smallholder,Mixed,25.688548887519445,0,1,4.2096193906083,0,0,Positive,18.77966977782481,6.611674590296991,1,262,Summer,1
39.26059194674357,0.8595772140836393,22.919961473754732,40.401407376848596,35.445559337234755,-0.7974905193224422,32.32593492058552,1,0.9319792195573815,Reduced,19.664745551196972,44.8512519538556,28.425921691532455,78.17866204206788,10.6355834502889,Clean,4.20502415161681,Wet,2,Holstein,Female,Lactating,304,Smallholder,Confined,69.80803776614165,1,1,1.165892281325893,0,0,Negative,20.82616862744061,1.6550958433301342,0,73,Summer,1
37.87987278095075,0.3171490052822529,21.930732571079766,40.70365021472492,24.85858100030275,-3.938584477374601,15.890595331412822,1,0.04117729896301581,Normal,29.6696869902953,49.0683880135405,10.941950427237504,109.01387855622386,4.510848760610346,Moderate,9.978380085899715,Dry,9,Brown Swiss,Female,Dry,371,Smallholder,Grazing,34.22858176726577,1,3,5.903306785192116,0,1,Negative,14.022293394623023,2.1722724285867194,0,280,Summer,1
38.565140758864395,0.8663437724593825,12.399717107267964,31.988907336086548,21.080436679604166,0.7897744181568476,35.935707047564634,3,0.6835880112819323,Normal,37.378931106209976,64.38038800275783,26.83943639582237,138.56202642547453,8.828291704397419,Moderate,5.21673812193106,Dry,11,Holstein,Male,Dry,175,Smallholder,Confined,71.76097448829775,0,5,4.9388600778348515,0,1,Negative,14.901127276614273,1.0081938917780562,1,52,Monsoon,1
37.99793218436439,0.6322372254322458,20.349049653856706,40.7101928262758,30.49122716021094,-1.8754113261535457,28.560750950598116,1,0.8510265963017415,Reduced,31.71815408908449,64.73476774791834,5.476047420974518,113.69778410723895,8.076012366337562,Clean,8.911107130680083,Dry,3,Holstein,Female,Dry,110,Commercial,Confined,14.211612592037714,0,3,2.1277823325412455,1,1,Negative,17.356159331484573,4.055426834498661,1,82,Summer,1
37.61881173745199,0.8757327272721795,17.17748858542701,54.64769894302446,33.050893656319644,-1.7716624192086485,30.352267023211034,3,0.9592385846504754,Reduced,38.05999099767068,78.38593824106768,28.890609489985586,74.15265589543591,10.615350291921311,Clean,6.393421537032491,Semi-wet,6,Jersey,Female,Lactating,477,Smallholder,Grazing,45.754254973052944,0,4,4.956181528706564,0,1,Positive,4.424410736817263,2.9296115389710584,0,324,Summer,1
39.024877636922874,0.5450413650728116,18.3313302820724,57.99987372262134,21.12790346611669,0.8318531243385974,22.810623325429464,2,0.1776362265442959,Poor,25.048079502948543,76.30883127861262,5.691184050651216,136.37528500700847,6.301039006098827,Poor,7.332664634669864,Semi-wet,5,Brown Swiss,Male,Pregnant,229,Smallholder,Grazing,18.362972767632346,1,4,5.741463854840337,1,0,Unknown,5.601159717824787,3.6953451876762964,1,283,Winter,1
39.155493096181594,0.503232388306428,15.087312396120737,54.60305168086668,24.08438491860857,-0.7207422236276746,35.65148207753184,0,0.5313048019661939,Normal,20.461925799059884,50.063651925890866,12.076787122175572,113.20457891475132,2.5187043071066,Clean,3.2507837580044496,Dry,2,Jersey,Female,Pregnant,343,Smallholder,Confined,33.64462297726772,1,5,5.341691636898233,0,0,Negative,18.579130133802032,0.5649796425620858,1,269,Monsoon,1
38.35409375956397,0.9320485860137779,24.99254827648334,27.058081334505637,16.071983091982354,1.1766582258272504,20.884886024566782,0,0.043589577317211914,Normal,34.52154001351188,69.74783102791325,13.048346375381403,71.89621249879016,7.741861272725119,Clean,4.1984469393758035,Wet,9,Brown Swiss,Male,Lactating,249,Commercial,Confined,71.56294074624721,1,1,3.337259956532951,0,0,Unknown,4.104202844114612,5.909330107569826,1,75,Winter,0
37.14537462471306,0.40093541403872107,22.160247279610303,55.831452126607346,21.11684349539193,1.6152491430479783,32.99255211024368,2,0.4991835244550885,Normal,27.85902245358002,41.031090037144416,9.725259143207792,86.16665371665033,11.588783191184579,Moderate,6.083547384231404,Semi-wet,3,Jersey,Male,Lactating,272,Smallholder,Confined,23.33498494759655,1,2,3.4628869675041347,0,1,Negative,16.83475606715117,2.0042876448413915,0,147,Winter,1
38.37225333104851,0.8753698602289146,15.04091534410813,26.614813767279294,20.805624677440782,-1.1673926904834468,32.923644855452025,3,0.12545808954098192,Reduced,22.534713476585463,59.92736996921667,19.43174588586107,128.99648067397825,2.146311795052234,Moderate,9.049147473814724,Semi-wet,6,Brown Swiss,Male,Lactating,262,Commercial,Confined,68.48839038169878,0,3,0.6395926762628794,1,1,Negative,1.745523703378125,3.261994322729187,0,161,Monsoon,1
38.93508240324153,0.5872164580075233,12.661557572359069,53.98117324122347,23.108962201729923,0.9898937439325459,22.154995430966668,1,0.8378966746987134,Reduced,36.3616042035986,78.20526202858028,13.510638788501266,123.89311814871142,4.402579884224546,Clean,2.3431042870795213,Dry,9,Brown Swiss,Male,Pregnant,60,Commercial,Grazing,49.59401940474869,0,7,0.9882391624646689,0,0,Positive,8.763595533183697,3.5178184300338042,1,206,Summer,1
37.81265305873553,0.6112763540410078,16.457309476088607,41.32215473428945,23.99656287182206,-1.3331912020893226,39.900241596535444,2,0.11387000260536484,Reduced,23.969654104518014,59.97542966435832,34.798639271817706,107.65823695056426,5.1606778996412,Clean,6.055359676525767,Dry,8,Local,Male,Dry,381,Commercial,Mixed,9.203655705661307,0,1,5.895651831442134,0,1,Positive,16.231621148589426,0.996832610655365,0,269,Winter,1
38.8100159518675,0.4467746251915872,19.738010584365224,52.02533313933856,25.35897069296836,3.149673875698265,29.389170881305116,1,0.5132883603864953,Poor,21.401050623322764,81.77981199007121,22.39906380096317,64.47675027405619,9.658388878909754,Clean,2.4080977000674393,Semi-wet,10,Brown Swiss,Male,Lactating,391,Commercial,Grazing,38.6694685216134,0,6,4.618741026867763,1,0,Negative,17.25442159222848,3.241360770269136,1,263,Summer,0
38.690814090496204,0.6584337604952126,18.96082337578489,31.67551652105434,23.425855937799753,-1.2394355067968226,31.923355661626147,1,0.5210960689927537,Reduced,30.008052412937797,88.80776450626408,21.994334751627214,130.32892973145042,5.232769224681618,Poor,5.65458141159426,Wet,5,Holstein,Male,Lactating,458,Commercial,Mixed,86.92062029602516,1,4,0.15304201622797664,0,0,Positive,15.492687937419255,7.2488517320359955,1,289,Summer,1
39.047574899760654,0.46016895702096905,23.012531299072975,56.71167632706147,14.735544240225012,1.339131161440006,18.837275227985465,1,0.9716504979316054,Normal,20.491259390442956,70.36063013496829,11.626088903193656,80.75425285527481,4.390838631963139,Poor,7.030945274661095,Wet,6,Local,Male,Dry,435,Smallholder,Grazing,98.92908979563472,1,7,3.285256789688999,1,0,Negative,11.155412830796184,7.199025990928664,1,160,Summer,1
38.7717482210485,0.23141553139332185,21.15967888872341,30.35025253895111,16.36919736555349,1.0656850388223635,40.70638001805139,3,0.6549806940388881,Reduced,32.11175344498217,47.25020381708783,17.26068316144734,127.15979389991624,8.485580144670411,Clean,7.957785531426459,Semi-wet,3,Jersey,Male,Pregnant,142,Commercial,Confined,36.89210973177583,1,4,2.071781180705357,0,0,Negative,6.857445995396887,0.6844243287654321,0,45,Monsoon,0
38.116158635471066,0.41759888427548486,21.87827610301163,38.315450891468224,18.721554283217962,0.2741317331634007,20.65265835864946,1,0.2878402930768019,Reduced,21.238438440390986,58.98386039527054,8.7193398308,114.75663657622587,2.464052889609996,Moderate,3.1082560420850136,Dry,5,Holstein,Male,Lactating,216,Commercial,Mixed,5.48747312186978,0,1,1.869077693214737,0,1,Negative,15.105847071499488,0.7234230320073477,1,312,Winter,1
39.417942900998696,0.20510323472527256,19.30742160244175,35.01905372230965,20.306556448460626,-1.2058147421250247,34.149318596595585,4,0.24079930993813847,Normal,28.25745017331392,40.47416775341876,27.875877567511587,76.41702816435182,3.70596859958747,Clean,3.3326022676907847,Dry,6,Holstein,Male,Lactating,169,Smallholder,Grazing,13.018777430610795,0,1,3.3396227643999183,0,0,Negative,5.254373658813331,4.95474257917145,1,229,Winter,1
38.60488225618382,0.9826838296454854,12.442805079156038,27.45715147177501,28.30464574283268,-0.4270962379121138,22.03136969240983,3,0.1282482056450649,Normal,28.583398298949916,70.13629619203763,14.934777384604308,71.23692281326566,6.080302286694437,Moderate,5.760519373534325,Wet,3,Brown Swiss,Male,Lactating,396,Smallholder,Grazing,78.81484139444393,1,6,1.9209048802359536,1,0,Negative,2.386121806942763,2.03617232315382,1,302,Monsoon,0
38.683617276294044,0.972597767855798,17.217205875412393,45.94527567588468,15.022366078882522,-3.430382169416828,24.286067182913904,4,0.7565147240490595,Reduced,28.324591686129306,81.07842504868991,27.55897500179631,63.09099232577188,5.555999623400311,Clean,9.984291663832593,Dry,10,Brown Swiss,Female,Dry,259,Commercial,Grazing,65.57870731896784,0,4,1.5093272700343503,0,1,Negative,1.4508600901075543,7.238834834289696,1,226,Summer,1
38.140039224556084,0.5161242379778441,22.240358959634662,63.060891178369616,19.855509710975802,0.13663005757337549,32.73252426331268,2,0.6907566561823386,Normal,20.561530930672948,71.49700394615215,16.150879997884264,74.19462365881158,5.471658191833632,Moderate,4.848374685254107,Semi-wet,2,Holstein,Female,Dry,332,Smallholder,Confined,28.501199922184128,0,3,5.626895440952755,1,1,Negative,7.157851726419069,4.121406602644688,1,275,Summer,1
38.4340306492851,0.7826966834717168,17.793908285901416,71.66905222320008,27.7180569892843,0.32442299654257795,34.165316282050945,1,0.609877127308106,Reduced,26.027342929023924,79.30431145917248,34.66271720344537,65.782902244914,3.0855501311966176,Clean,5.420219418903282,Semi-wet,10,Local,Female,Dry,297,Commercial,Grazing,39.12985627074137,0,3,0.23914323036397356,0,0,Negative,1.6892249709014586,2.9434475593958456,1,100,Summer,0
38.16911837158386,0.47664487872834,20.012361474494988,45.971557870862476,20.200735153020325,0.0002491285920571962,20.372294505315388,1,0.04084044294998834,Normal,33.867940546687116,79.99519636379434,10.133648667638653,111.70512477877514,5.608400194497966,Clean,5.459573942516412,Dry,9,Holstein,Male,Dry,341,Smallholder,Grazing,81.11502312455718,0,1,2.617026018927777,1,0,Negative,6.7317994601348,7.6495768945071,1,228,Monsoon,0
38.596232364045946,0.736874525668781,16.725006739015466,56.16681275067522,24.762493899056945,-4.659959256938836,34.542833014341966,2,0.7628288663942945,Poor,25.9899164067915,82.55062881087318,5.045716816499938,109.87831189772535,9.979927719914027,Clean,2.6456065708567635,Dry,7,Holstein,Male,Pregnant,444,Commercial,Confined,41.31099469578682,0,5,3.067116635491823,1,1,Positive,7.656327329373335,2.8844609897950972,0,191,Winter,1
39.72702508808541,0.8443440344367834,13.880752605832619,47.320946379285374,21.16274774243258,-2.0984546676347167,34.269882970799166,2,0.6418875771484792,Normal,21.24559828361935,53.33318914987771,22.84476624135157,108.61720601327971,6.1384420179739525,Clean,8.193377162319962,Wet,4,Brown Swiss,Female,Dry,62,Commercial,Mixed,75.57732118360941,1,4,2.6397107296410334,0,1,Unknown,8.933465895284504,2.9062139795695363,0,70,Winter,1
37.87685931424119,0.9574049957537927,17.50662374381556,49.98883194768213,23.540699543948335,-1.322136474272994,22.372279546930645,2,0.9638888681104884,Normal,24.774644504322698,83.5634261410211,33.58859600263514,114.18898092248384,7.861711848156849,Poor,4.02481219540886,Wet,3,Brown Swiss,Male,Lactating,53,Commercial,Mixed,29.520570138356582,1,2,3.943507428388337,0,1,Negative,17.41004483683749,1.4982285382875387,1,251,Monsoon,1
37.73186316127396,0.5201698206797376,19.236189772130615,41.57851348872761,20.629164737142755,0.23748839978356917,37.59188556154666,4,0.5872021298768121,Normal,20.708517358280652,72.70469992317454,24.41162164717938,131.47845339645664,3.635794093173175,Poor,7.629336455063359,Wet,4,Brown Swiss,Male,Lactating,133,Smallholder,Confined,72.4811798594977,0,4,0.15405611350761217,0,1,Negative,11.150176768920455,2.1668904345872013,1,247,Winter,1
39.582702196496165,0.8266383863648381,15.377249122154225,46.950769254226024,26.002392836370124,0.2340083584644767,19.258854230511773,1,0.3039519066617081,Normal,16.09133884849429,54.486277829724344,7.571705682445429,141.35527115498036,2.6971136346857607,Moderate,5.800719030684726,Dry,9,Jersey,Female,Lactating,21,Smallholder,Mixed,46.63974431054343,0,3,5.309990650065458,0,0,Negative,23.66192178002081,6.20368017576168,1,310,Winter,1
38.574405793708884,0.412742760505695,17.057155020573326,50.374787046064284,12.729661555561389,-0.4553356879567689,24.251364503334308,2,0.38152055218932024,Normal,26.11779541323512,89.36473574981306,21.214411473986765,73.03755379017622,10.799560419315606,Clean,6.894237937755072,Dry,9,Holstein,Male,Lactating,257,Smallholder,Grazing,54.53542816604049,0,3,3.001273423259451,0,1,Positive,22.789207724110426,6.198093473654674,1,306,Monsoon,1
38.298556356804056,0.9922658430349187,14.242147032056069,39.215402711236685,19.82012794966873,0.752868304905935,30.874015744551933,1,0.1758407053782325,Normal,27.500052496709024,87.50911968658346,32.28460808413182,108.77744901689258,5.313725961459588,Clean,2.43177309195997,Wet,6,Holstein,Female,Pregnant,266,Smallholder,Grazing,59.87331123503699,1,2,3.322046710691862,1,1,Negative,23.575357586449428,3.399491571272661,0,321,Winter,1
39.32394281243765,0.22061567901148094,22.476979670256384,44.22505700107012,23.77943606016585,-1.73936356295435,22.87860229178436,1,0.7229141822013851,Reduced,30.49442467392309,68.72204916031997,5.195182036400382,57.83362212472714,5.5033723306813265,Clean,9.11972547533253,Dry,11,Jersey,Female,Pregnant,78,Commercial,Mixed,45.05746944997057,0,3,2.7766265106408925,1,0,Negative,10.481280688805056,3.1203134426840067,1,301,Summer,1
38.33663067615788,0.6828230452008968,16.822176969647863,44.41569881002512,25.20217148803716,0.7153525085409944,29.582914514076045,3,0.7077216600217253,Normal,29.3368263574257,82.16041891997818,10.007366385133963,62.01424383555951,10.776878494788585,Clean,3.950854155357707,Semi-wet,9,Holstein,Male,Pregnant,55,Smallholder,Mixed,46.61356196971946,0,2,2.667051128690585,1,1,Positive,2.0166595755076475,3.6379596752712944,0,30,Summer,1
39.79560582812817,0.7276047853210617,23.811022180504732,53.26403317330525,30.957715736522964,0.5121131572598365,29.446456472819772,1,0.20065001547767625,Reduced,30.073237078548495,53.07472443599359,29.436846683078493,115.43393129613905,9.07771348908744,Clean,7.360763100006696,Dry,9,Holstein,Male,Pregnant,251,Smallholder,Mixed,26.570862069262404,0,3,1.1201964326994256,1,0,Negative,20.786846121327017,2.7562766356050212,0,79,Monsoon,1
39.10675552280357,0.7504364456593031,24.114991402163632,34.339678283723195,19.65385199880654,0.3663320992568658,26.87755438046368,4,0.1584893231822786,Reduced,26.794647350081625,60.8018498305445,31.817213197324484,98.65805616904508,9.562627109876129,Moderate,8.384152896529294,Semi-wet,6,Holstein,Male,Pregnant,27,Commercial,Confined,98.5764378110567,0,6,3.0263730423324793,0,1,Negative,11.002386416651785,5.058457422315851,1,329,Summer,1
38.40725315511258,0.2963100630312712,17.675816141113025,44.48457791392349,30.876890571165237,-0.47306064662848374,32.99440323154336,2,0.07700493320219459,Reduced,37.63749638551285,49.19858803719168,26.214818626048128,125.83320868344337,8.820034841676627,Clean,6.320309738265577,Dry,5,Local,Female,Pregnant,180,Commercial,Mixed,90.58150560487887,1,2,2.52808340443584,1,1,Unknown,15.746715780385609,6.774368512237878,1,247,Summer,1
39.9943849279593,0.9508238267785043,13.966205069810602,64.12005469052697,18.045857040041977,2.5461157372468923,26.629835244054163,0,0.9119757436817586,Normal,22.792495642303447,66.0051321314624,34.74680490919462,92.56774809905713,3.057922447915364,Moderate,4.698672176628993,Wet,11,Jersey,Male,Dry,308,Smallholder,Confined,52.738282761878544,0,5,2.8087166954442955,1,0,Negative,20.398829403507595,0.5703020866735898,1,317,Summer,1
38.336571046198,0.34494662324006625,9.656408489066651,56.640601525859374,29.971878469267864,0.539793532734818,29.389246412882834,5,0.23306983369485113,Normal,25.414443596244745,64.80007150358327,7.70647788759708,62.75984068329381,11.579958210562276,Moderate,9.823226995848614,Wet,3,Jersey,Male,Pregnant,471,Commercial,Mixed,3.4629412556489547,1,4,0.082985284259536,0,0,Negative,14.968047854975149,7.520053037785918,0,221,Winter,1
39.14525722320559,0.6982027225918729,12.111851707892834,58.49179048888705,26.904802760190236,-1.6525037948803383,34.87883126492741,3,0.34416352675180395,Normal,35.29318038808291,50.64066129807832,21.37029547509681,137.20536538308255,11.091362871279276,Clean,4.227517706165565,Dry,1,Holstein,Male,Pregnant,37,Smallholder,Confined,16.84279708549884,0,3,0.7853608930785863,1,0,Negative,17.94876647228235,1.3846503378068218,0,130,Winter,1
38.8795755482439,0.37814086329846797,12.50466070040536,45.24431840178034,16.519248522206663,0.17245821360397628,32.74411726015504,2,0.28050450837749064,Poor,25.050444034600066,73.64008468580488,25.549841679427587,58.28884711453223,4.362201268314545,Moderate,9.589298696986162,Dry,4,Brown Swiss,Female,Lactating,83,Smallholder,Confined,85.39352114361101,0,1,4.5790278204357255,1,0,Unknown,6.721210892143689,7.247795926155118,0,158,Summer,0
39.48104477363928,0.44577313361701676,23.51387850984602,48.20997563686023,23.84223542351093,0.9287250656113277,32.71610374488525,0,0.41362460261079104,Poor,26.448913613721977,45.88951477627063,26.079341611072635,68.8964642535382,10.039941911438413,Clean,3.249793069477854,Semi-wet,1,Holstein,Male,Lactating,80,Smallholder,Grazing,93.08120730797637,0,2,2.514623896600601,0,1,Negative,5.486261896116077,2.25167974777955,0,174,Summer,1
39.636906718036116,0.6371668333824996,18.463298348907784,55.02236166702925,21.69258498680685,-1.0821628983864644,21.104922386699318,0,0.7140487993824833,Normal,29.020923209590563,43.08457255348556,28.80453846032548,77.6976865961851,6.093964314973199,Clean,5.113777052178748,Dry,1,Holstein,Male,Pregnant,102,Commercial,Mixed,16.12921045744433,0,2,4.457442057733646,1,0,Negative,13.771192774179552,7.377744440336225,1,247,Monsoon,1
38.71920248943946,0.5337547348516611,19.55841809636795,60.60255529530931,25.753507562050004,1.4339083703966484,31.14875545300793,4,0.8705956337262845,Normal,32.83730594855685,59.2452484331193,32.5287813529815,149.52806070654268,8.83766967864483,Clean,3.107964673178418,Wet,6,Local,Female,Dry,29,Commercial,Grazing,73.45186563567961,0,2,1.0266675665577436,1,0,Negative,15.672753916637847,6.404983131827683,1,68,Summer,1
38.247949277792294,0.32818048078120504,9.118315964259496,25.483970871171135,20.660370469400142,0.373050558574016,22.72900725418297,1,0.18259874952854016,Normal,27.710015526182467,60.49123888923525,15.84924336851344,91.68598201759839,3.65602999813234,Moderate,2.017923784589568,Dry,11,Local,Male,Dry,453,Commercial,Grazing,62.30233095760298,0,3,4.189261831644822,1,0,Unknown,21.050977175931823,2.5187699933849834,1,147,Monsoon,0
38.975983285763476,0.3367491219366786,13.208134283130953,31.845586929501543,20.15652264602961,-3.713717506498021,20.311510121331843,1,0.6864123437411651,Normal,22.58127995769834,55.98703032632431,6.2889017842290755,100.17085304781149,7.385542506564208,Clean,4.082068323171799,Dry,5,Brown Swiss,Male,Dry,125,Commercial,Confined,30.33849699511225,1,4,1.7346698884677052,0,1,Negative,19.892168793088704,0.7120723374559069,1,5,Summer,1
38.29337077814874,0.5345158305302398,21.548319105785147,58.09444101402648,30.214567496577107,0.24950796600688946,27.56976192229019,1,0.35256214224248517,Normal,24.94961580692045,52.897331878912524,15.87325743442875,126.96967509738684,3.2661629955990605,Moderate,2.6976832073516377,Semi-wet,7,Local,Female,Dry,252,Commercial,Confined,43.60914036267262,0,1,4.230729769990537,0,0,Positive,23.748218304393454,5.868824059529379,0,73,Winter,1
39.908032348515974,0.8058263826204006,19.147096449530345,42.23110644231196,21.407674633265962,-0.8090437316190731,22.57422888009046,4,0.9805271682972928,Reduced,29.70003052451067,56.93881725047652,25.14844290161705,113.64155853388138,7.361671653581159,Clean,9.890764184722777,Semi-wet,1,Holstein,Male,Pregnant,241,Smallholder,Confined,67.72694273755229,1,2,0.5207024994474849,0,1,Positive,23.22612799870393,6.66322058631549,1,212,Monsoon,1
38.78192119864965,0.9183717174782309,17.411178885257613,38.282792107419226,26.9585339451506,0.6057697218126041,32.743706313039866,1,0.29891915928407686,Normal,25.524449944632728,48.16877869760515,11.403682620009306,134.14206919413334,4.435939560572128,Clean,8.09322654361442,Semi-wet,1,Holstein,Male,Dry,297,Smallholder,Confined,10.129591380279123,1,7,2.0018488200977886,1,0,Negative,15.340724883892026,5.598230666803861,0,57,Summer,0
38.48080706921274,0.2673021298075063,20.25936943440049,32.45839013004396,20.647891089734802,1.2163222603777215,32.88721275817194,6,0.007192956007859963,Reduced,24.663495115590326,60.17262345664387,29.29918854676131,98.64334585878937,6.524665287688147,Clean,2.0296383705760705,Dry,8,Local,Male,Pregnant,58,Commercial,Grazing,18.90426519259978,0,2,0.7161384865732827,1,0,Negative,12.579836468627912,3.3624973067456456,1,52,Monsoon,1
38.81080818351895,0.5144831260475209,24.54319122454326,39.44983298455891,31.99997955536514,0.09274307071272697,16.58424258141135,3,0.5156399740198452,Poor,22.340001112349594,85.23016867587219,11.592933731684925,147.2177687493222,8.679693671744307,Moderate,3.789172678588737,Dry,6,Local,Female,Pregnant,377,Smallholder,Confined,3.3314972269091747,1,2,3.777865246774724,1,1,Negative,18.49478228986076,1.4554410948078407,1,59,Summer,1
37.891724226282186,0.2801964509783013,17.1158301458518,30.976307165761753,17.92999222398704,2.2978783509170433,23.03018476253866,0,0.15073108427593773,Reduced,32.96741157631482,51.221344060441915,5.3019020714052,129.68123615863078,10.770745816606189,Moderate,7.360993930269736,Dry,8,Jersey,Female,Pregnant,340,Smallholder,Grazing,90.220172541331,0,6,2.355588413584333,0,1,Unknown,7.011569419508231,3.102865415381784,0,316,Winter,1
38.11703157689361,0.21327398450607832,18.27747921063228,65.91094272732477,18.315138812516892,-0.4680603268452436,19.24127996849201,1,0.0444944268183991,Normal,26.39211241123839,74.22255521751751,20.24242322670738,90.13653883132652,3.6528900308527805,Moderate,5.188416905318036,Dry,6,Holstein,Female,Pregnant,305,Commercial,Grazing,57.38961895354213,0,2,0.4456615596353728,1,1,Negative,9.104650169286689,2.5143797606189597,0,123,Monsoon,1
39.420248344766655,0.7293749461151653,18.77038767492522,44.775639480194265,31.147103086695417,0.7372267345808128,25.224224340442657,3,0.6982692319477085,Normal,26.42381455699684,47.08922551989197,26.7938471421086,88.1271822945248,10.932691154176982,Clean,8.654740504353818,Wet,6,Brown Swiss,Female,Pregnant,152,Commercial,Mixed,52.342743580872295,0,1,3.1581957309671376,0,0,Negative,18.643896046363864,5.9231728111903355,0,80,Monsoon,1
38.305863432617166,0.6819595535732703,27.568438541095972,44.420494582372825,19.330321654628484,1.007413860456021,30.731054019212948,2,0.7322592825084565,Normal,30.399448373530404,57.69533120051154,15.48966021610502,142.94911920442178,5.900376479272901,Clean,6.038886227005853,Dry,10,Local,Male,Lactating,262,Commercial,Mixed,70.62406406165064,0,2,0.14938199889855142,0,0,Negative,22.8493263830769,1.6952068774975178,1,241,Winter,0
38.07185341039084,0.330415291051909,9.602574942323898,50.880766751678316,31.606445836986357,-0.34601895333909916,26.54627141092967,2,0.4606990131165025,Poor,20.188199830572582,56.05873902726282,27.466873986103604,118.44156358147173,10.43796568605881,Moderate,7.229211357859433,Dry,7,Local,Female,Pregnant,386,Smallholder,Confined,98.83502236854673,1,6,4.910865990979893,0,0,Negative,21.593215942842612,6.646569394331248,0,84,Summer,0
39.02199165151637,0.3870502664744513,20.732892059155233,54.6234516926657,27.351043477568876,0.9681614619666734,24.46144455599719,2,0.6768855167565773,Normal,27.209935626005425,86.85146972041639,18.152130023630246,112.14336345256386,7.12547918417763,Clean,6.776299180755845,Semi-wet,2,Jersey,Male,Pregnant,301,Commercial,Grazing,17.22372884371938,1,1,5.630077809350352,1,1,Negative,2.675715575447058,5.0895688664682135,1,103,Winter,1
39.411422492797804,0.21896620291561472,17.540791004963744,54.45888156554639,21.072101760635,-1.0920094807432532,35.801059160878836,1,0.5382394482471339,Normal,34.52660863009743,61.399102790090446,10.151438519202063,125.78306374338109,10.622085717629398,Clean,7.105351204989074,Dry,3,Jersey,Male,Pregnant,139,Smallholder,Grazing,13.310601753067452,0,1,4.860424737304407,0,1,Negative,6.3340796642263815,4.119265032740021,1,161,Winter,1
39.131371986399046,0.867957764555523,20.26708690473672,55.73621943907572,11.120239167897049,-0.8338526285318277,14.170856964422269,1,0.6298011077219317,Normal,26.680832556368525,74.5232971890692,7.7167518139686475,106.08338281117115,8.628240675201997,Clean,3.8407908306174408,Wet,4,Local,Male,Lactating,82,Commercial,Grazing,29.479086490996476,1,2,5.709035010962426,1,0,Negative,7.285851593865912,3.201741054125976,1,140,Monsoon,1
39.29762861148349,0.9797524768388413,15.370509784021102,38.69154449209144,21.884090174368986,-2.1687330355044687,35.42123136110935,2,0.5967039731879612,Normal,28.097578080813427,70.12314044856646,26.317614947220424,65.91667730857267,7.087161406167683,Moderate,4.986315513649533,Semi-wet,1,Brown Swiss,Male,Lactating,193,Commercial,Mixed,90.39441597700394,0,5,5.382670218369893,1,1,Negative,9.81334610730762,4.30620245109586,1,312,Summer,1
38.24592294685833,0.3083676294357527,17.8041398765662,42.02133195043139,22.60978032120055,0.16211367455507042,24.734270241067087,1,0.6658227640555924,Reduced,27.985854219922327,47.05150376423807,16.571443628086335,81.92154620784311,5.125386330003288,Moderate,2.405034022915931,Dry,9,Brown Swiss,Female,Pregnant,50,Commercial,Grazing,41.14606114408613,0,1,5.3695824075458365,1,1,Positive,2.6266926619602837,4.551116848582793,0,151,Monsoon,1
37.846913599954895,0.3851801710122385,20.84564231786198,52.69031655442276,29.003306399826236,0.2878775137815161,27.531345939323263,2,0.19963064867317126,Normal,32.306721858764156,86.97702255153092,32.383213037713105,105.79448637089698,11.689090876186553,Clean,6.70109211750567,Wet,9,Local,Male,Dry,250,Commercial,Grazing,79.34967581372095,1,5,1.4726407736931628,1,0,Negative,6.310309365942774,2.2773868121817427,0,49,Monsoon,0
39.60080019117329,0.8947276191575473,30.451640804175362,39.7261093836038,31.53068305744067,1.5688947378688438,24.83581997367935,2,0.2687066200367002,Normal,28.006124655104806,57.29346459278816,21.207651757218493,51.81678209271669,10.008976576664178,Moderate,5.674067696606205,Semi-wet,4,Jersey,Female,Pregnant,188,Commercial,Grazing,20.292815986752387,0,1,1.3870129801349207,1,0,Positive,17.471286385761232,7.915659217577122,0,175,Monsoon,1
38.50639209669472,0.9411710383649479,21.232144757608285,44.94893367972775,17.890076925137514,0.9867100065338255,37.25732863323471,2,0.439963149507692,Normal,39.34292446831334,42.23791778918249,15.452972546621078,93.73507049632278,5.811871851722613,Moderate,8.085729192152577,Semi-wet,1,Holstein,Female,Dry,159,Smallholder,Mixed,49.360544236012295,1,6,4.856538651894876,1,0,Positive,6.6223788121420695,7.321607436563827,1,70,Monsoon,1
38.54950019012698,0.5357019062454482,14.607737607877965,48.987637644248146,26.807090583929096,-0.6271933349711498,20.614129019168445,2,0.4461280094191864,Normal,28.156381678807715,55.02218534220938,15.469727809691694,125.58028792759367,3.6672359305904605,Clean,3.651059716973137,Wet,1,Holstein,Female,Dry,292,Smallholder,Confined,12.747053914646022,1,7,2.948308035325321,1,0,Negative,22.67846148717837,3.430984701941641,1,255,Winter,0
39.49691648510944,0.2404979778152593,16.304961271909185,52.85185082310376,26.592412936080095,-1.9672695310014154,28.070418218331614,3,0.7744117115869043,Reduced,24.82123610386252,56.781686294116305,8.943135933579475,66.42340045162723,9.795354185932938,Clean,5.494496928542414,Wet,6,Jersey,Male,Pregnant,165,Commercial,Confined,41.28984000307291,0,3,5.653875314847282,0,0,Negative,10.72978011279763,2.405161884933688,0,301,Summer,1
39.0337380056404,0.23151346695425554,16.186343566464583,27.22319037629799,28.44047621446267,0.44927560377996095,31.16463191115998,1,0.36739365922953204,Normal,34.55973415434744,44.63726636893636,22.8136746076747,56.45589501569057,11.899442878109198,Moderate,3.4459634644590897,Dry,2,Holstein,Female,Dry,213,Commercial,Confined,26.22819668617441,1,2,5.383552298407746,0,0,Positive,3.2927724214787806,2.8028403393788595,1,204,Winter,1
38.97353266324897,0.6591598928552084,10.817427309479939,52.147456498889454,24.992139472813268,1.466129758621963,18.333983392688996,6,0.16250515605918237,Normal,25.94656931148142,70.99887031899715,22.465014062309663,133.60291407276986,4.78974953792472,Moderate,6.9118338019875365,Dry,1,Jersey,Male,Lactating,388,Smallholder,Mixed,54.943159584620396,1,3,5.359069494314516,0,0,Positive,20.381464271777155,7.851258522829306,1,163,Monsoon,1
39.99900140694065,0.5143160871145432,16.67963923319425,42.66275942148275,10.34501385422938,0.9327774607059152,22.480610977323078,2,0.2514659704910759,Reduced,24.00199275556661,57.338210277077266,28.999810758094807,111.7273868463362,11.158630723349958,Clean,8.784242052091617,Dry,10,Brown Swiss,Male,Pregnant,491,Commercial,Mixed,78.0406213075193,0,1,1.9567183922799287,1,0,Negative,22.056521680417646,3.5529841493175818,0,328,Monsoon,1
38.31388906177192,0.22292194206212362,20.93131632728698,52.07457710864381,21.06746540483344,1.4267162872859314,27.110928799010626,1,0.2147335023842284,Reduced,21.05786395520594,71.45673031654854,11.035908874012282,67.6578972489464,3.253707055879202,Moderate,8.12354598759188,Semi-wet,11,Holstein,Female,Lactating,367,Commercial,Confined,93.83703713480281,1,3,0.7974133718905763,0,0,Negative,22.34660150144834,7.339475751960573,1,155,Monsoon,0
39.25670407684874,0.6666019138500454,12.90307152369282,52.76931692354829,15.065754550498509,-0.5178342967973639,22.680009791893752,0,0.731660019256022,Normal,29.39379552962405,40.337028179453355,13.723689274274822,130.63049805831935,11.52206254251854,Clean,9.553583781047099,Wet,2,Local,Male,Lactating,263,Smallholder,Confined,28.384278126488905,1,2,4.067663321069157,0,0,Positive,12.360371349201323,0.9426776368121144,0,303,Winter,1
38.73420787493826,0.20904202927121798,22.19393060420237,61.07915061119158,20.784365362491556,-0.8999284522634683,23.1064493726851,2,0.47033961462598206,Normal,24.712698403838953,89.10241994953762,7.9171390728674504,115.81294714872124,9.453389124430634,Moderate,9.773806254908727,Dry,7,Local,Female,Pregnant,314,Smallholder,Mixed,74.3131695709341,1,7,2.6434608302926748,0,1,Negative,22.17175211559366,6.325972620443689,1,245,Winter,1
38.861155367317956,0.8298975665194184,19.951099284337353,58.53453647621203,27.880025416803363,-1.3053520283476985,25.900824021541375,1,0.7086306979709834,Normal,23.11322812679518,48.52581792723408,13.860266068067201,83.41192696484381,5.465962292637035,Clean,8.176270940655925,Dry,4,Holstein,Male,Pregnant,93,Smallholder,Confined,88.55923372820324,1,2,5.603654824073257,1,0,Negative,17.311347479870335,6.2159445207216,0,288,Summer,0
39.61708105584752,0.44514625816269726,15.063066712115848,58.46571662610296,23.830905015249837,-0.2838446999203933,31.89748798987704,1,0.41621968075762694,Normal,24.170934391912695,72.96654933524681,17.84306347263202,87.61962719617392,5.046318222962339,Clean,4.294448683042069,Wet,7,Local,Male,Pregnant,386,Smallholder,Grazing,12.485187705032995,0,7,5.123171443030623,0,0,Negative,5.499162121497545,5.382399494844352,0,29,Summer,1
39.00470145377378,0.2322064024073857,17.43388145064861,59.43670319166238,28.888545198384598,-0.31788619395322915,25.943693338731133,1,0.8897356025039052,Normal,25.18339770347192,75.78921516397577,33.92085217861951,65.58881631870483,8.434353539393513,Moderate,3.754091017722546,Dry,7,Jersey,Male,Lactating,436,Smallholder,Mixed,58.59322281052156,0,1,5.57297422132743,0,0,Unknown,13.263425653935935,1.4083869355533905,0,199,Monsoon,1
39.022977647429784,0.6706817767865227,24.393287230564134,47.91378984815946,24.050523524281235,0.11001644280867429,34.47055716683768,1,0.9835203077227346,Normal,31.163573609651632,48.58041748737381,24.5919800862474,133.52555942087403,7.935071402587,Clean,5.5803922763915494,Dry,4,Jersey,Male,Pregnant,491,Commercial,Confined,61.18463085984701,1,1,3.4071975707923228,1,1,Unknown,10.955402055236107,7.860494577029326,1,53,Winter,1
39.34350440238588,0.5181475315464438,20.934191254023464,45.321850870368394,14.210044361986585,-0.393946185553262,22.01345330404387,2,0.6698425087026116,Poor,29.41767936967834,45.585614105120925,28.486217893375862,100.9006651643742,11.189367014936865,Clean,9.951069556616964,Dry,2,Local,Female,Lactating,478,Smallholder,Confined,27.238510230263813,1,5,3.1573664877994414,1,1,Negative,11.374228307063763,2.095846728868916,0,93,Winter,1
38.48102836227427,0.9790403306857196,18.03513461959259,53.728170831783345,6.874917960563593,-0.4004415945901569,20.488466437159286,0,0.8638125572362189,Normal,26.277298897758037,47.62885959224043,14.765296556614706,105.70190766436605,9.662431342092141,Moderate,5.301344166537243,Dry,9,Holstein,Female,Dry,155,Smallholder,Mixed,2.251455960919202,0,4,5.082501382433923,1,0,Positive,10.506568703678928,5.82284060429842,1,217,Monsoon,1
38.1964741995966,0.6353589300029618,17.049266732156063,52.32080951433022,22.892852570077544,-1.3650410794582157,39.5580724343268,1,0.5079332671720627,Reduced,29.804195990441,52.340912792247224,9.335384384242893,138.34919151977476,7.403648725739268,Moderate,3.59254728457815,Wet,10,Holstein,Female,Pregnant,110,Smallholder,Mixed,25.670294648370916,0,7,3.0713401994689224,0,0,Negative,5.031306399644209,6.136071478959718,1,299,Monsoon,0
38.07311448358738,0.42019134482960663,18.30643628180664,41.9093376326174,20.71644120189301,1.2124285203272362,24.05225123400693,3,0.9346208403539079,Reduced,26.468296909715793,48.41160589964544,12.701598257399894,51.58306164530939,11.275658418396546,Moderate,9.554743022265928,Wet,10,Holstein,Male,Lactating,45,Smallholder,Grazing,58.47346072412586,1,7,5.400173055963794,1,0,Positive,9.970753782038608,6.19939188751611,0,100,Monsoon,1
37.520186046374405,0.7675510917071799,15.952945768230787,49.04823408808268,16.138325563708708,-0.08522290663443306,20.13452795756704,1,0.831586485672828,Poor,28.032833062524734,73.69997134780408,12.694030729979634,56.6923062523292,7.927306313332188,Clean,5.087343820768182,Dry,3,Brown Swiss,Male,Pregnant,95,Smallholder,Mixed,19.64427124134679,1,3,0.20657019134444932,0,1,Negative,12.776031272746396,6.6950375748638775,0,112,Monsoon,1
39.933724277964195,0.4171936020341691,9.581001977123941,44.64903533215406,11.796236502091732,-0.46166590142792324,17.54767634936902,2,0.9917785717660391,Normal,23.665298828982543,61.04166018630336,22.493459848802814,66.15789818598151,10.496848356606773,Moderate,7.5271910978210474,Wet,1,Holstein,Male,Lactating,54,Commercial,Mixed,28.734517960813342,0,5,2.15273695095608,1,1,Negative,7.570509033009585,7.918430606235937,1,132,Winter,1
38.038074980566996,0.9233946331260521,26.168711642138923,36.46067091539944,17.591540719163746,-1.321143879873807,34.450620722853635,1,0.6230937353277806,Poor,23.711480070160345,66.88957972576816,15.244133973650861,53.00378130881456,10.409426520978563,Clean,8.305223828916695,Dry,11,Holstein,Female,Lactating,332,Commercial,Grazing,70.7922460091281,1,7,5.009001832886253,1,0,Positive,5.067565234629546,1.219925769002014,0,91,Monsoon,1
38.56724782584854,0.49977757640590115,18.621299996797607,57.9046074137635,20.833051090811345,-2.197869665586629,25.952172912039643,0,0.7792067402682286,Poor,27.756737837565357,42.366839440457916,30.721965929998365,115.81561566243995,11.191948589495363,Clean,8.745247216476272,Wet,8,Jersey,Female,Dry,226,Smallholder,Confined,39.83155915707567,1,3,1.259703736122364,0,0,Negative,5.559414442867167,4.041418606436487,0,151,Summer,0
38.53391202006665,0.6398948502209643,19.59258906049015,45.551992425300895,25.99526694223834,1.7619462888240156,26.47774158960161,3,0.5428681399782135,Normal,27.76795128172378,83.06244815503617,34.656335577094936,113.38794681883208,2.676020312791046,Clean,8.570243096982324,Dry,4,Brown Swiss,Female,Pregnant,296,Commercial,Mixed,6.542538691727184,1,2,2.393801799896824,0,0,Negative,5.438317095543882,7.8113040195116445,0,316,Monsoon,0
38.884444018685464,0.2404584830593831,17.768369000492363,65.48708257698851,23.13178648940788,0.6319580621977108,27.04478973048016,1,0.25912010427142285,Normal,32.055904133939535,48.52857766030961,15.298952157903454,71.08019029289856,7.838196679467778,Clean,8.68997490399984,Wet,9,Jersey,Female,Lactating,184,Commercial,Confined,39.91658842201716,1,1,0.06025560300047528,1,1,Negative,11.275257910443568,7.115639852133429,1,286,Monsoon,1
39.18944232752358,0.5408969903617846,15.059532797101648,28.745077298001675,31.648403483036375,-2.635876763854951,34.077657308018686,7,0.35475517112975774,Normal,29.496623071137382,58.00761657275441,26.151808210610323,64.94064448866948,6.683925911710491,Clean,7.341227420623047,Dry,8,Local,Female,Pregnant,143,Commercial,Grazing,99.97689648723606,0,3,1.8103086750850834,1,1,Negative,5.8088287353245605,7.929652873576983,1,43,Monsoon,1
39.21628409301585,0.8658908317287961,17.256302076204918,39.432212271566335,15.786375663727634,0.9447134510644855,26.922820996144477,3,0.8940054147313161,Reduced,24.540266607900993,43.59508199138835,24.724597457611065,64.56847013866067,6.905423834646725,Clean,5.230648554179679,Dry,11,Local,Male,Lactating,241,Commercial,Mixed,26.105153883340837,0,4,1.9118278847476422,0,1,Negative,17.49852163053815,4.868259168017791,0,216,Summer,1
38.35015353685864,0.8445190442906736,11.602420951222754,45.326388366908716,27.286353352344598,1.1837217553496637,42.06432267299576,0,0.05594794659862057,Normal,20.599635463265706,46.839656732416486,10.833874631968445,145.3241413318642,6.599106036202029,Poor,7.338294832510697,Wet,11,Holstein,Female,Dry,408,Commercial,Grazing,26.52565284501831,0,2,4.395274812681545,0,0,Negative,8.719437744528623,5.546370235609244,1,304,Winter,0
38.59972697172815,0.379454847082821,27.108345992213216,56.37381097628914,22.283792458772368,-0.013435816548605761,28.802563444325376,3,0.5914798860744082,Normal,31.412954130396127,73.28997049878308,32.54025784461902,119.35045286247416,10.37466689422341,Poor,8.693874672479307,Dry,7,Brown Swiss,Male,Lactating,292,Smallholder,Confined,16.988641465940223,0,6,4.063995208815469,1,1,Negative,22.60583886598361,2.4785251569483604,0,263,Summer,1
38.869547970292984,0.3808632568084502,13.061952006310417,48.99469372602185,26.168014744711506,2.197166343627638,34.370708601749925,3,0.37248403250410866,Reduced,28.65835550429298,74.62935011278444,10.983277615652037,108.54288284650792,5.184328974169388,Moderate,4.8051397169953685,Wet,9,Local,Female,Lactating,401,Commercial,Grazing,27.16373827012014,0,2,2.6697445919079605,0,0,Negative,2.4427716056260973,3.937476313950456,0,87,Summer,0
38.550785324289876,0.8538442497705894,13.872134864611283,48.10472754180751,19.38091082040674,0.12507946318432445,32.83143914742644,3,0.3866925380055557,Normal,31.846113995964128,73.8482742312676,27.108713950090962,82.24868718050942,6.627510816297784,Moderate,4.372063922336321,Dry,2,Holstein,Male,Pregnant,493,Smallholder,Mixed,57.47533034145131,0,5,4.371018939467956,0,1,Negative,8.128911875257147,0.6571160274043295,0,230,Winter,1
39.664407345612,0.9443187361354604,16.2389631824544,33.727362074458526,28.430082243343538,-2.325235291923785,27.781316078451773,0,0.8845712064137673,Reduced,29.293813979870873,67.6068393923011,15.428289268229374,93.30431979087896,4.006825429010856,Moderate,4.749657736841308,Dry,4,Brown Swiss,Male,Dry,373,Smallholder,Mixed,96.46021320179258,0,4,2.5700097514835676,0,0,Negative,17.982059356931437,5.8979059694479705,0,287,Summer,1
38.994584970982956,0.27628873701840284,23.15230289940951,33.43058602770529,23.77134855007146,0.34775350157248147,24.47817408387722,0,0.8538223745462266,Normal,36.02481261540677,87.62608320059533,16.012447010269142,58.94058811992077,4.517166159247347,Clean,6.410267168234947,Wet,5,Local,Female,Lactating,116,Commercial,Confined,60.76952722725481,0,2,2.6076646654152142,0,0,Negative,16.750017648596447,7.4440803288919195,1,118,Winter,0
39.14092667162989,0.5600469115409803,18.058035997050617,48.22504660289905,17.923330090493504,0.16734595256909385,29.99178357139932,1,0.5988423755724687,Reduced,25.91810080910883,65.35885803842882,18.66347158666881,149.81518880550016,8.60420083343875,Moderate,2.419550998511556,Semi-wet,5,Local,Male,Pregnant,101,Smallholder,Confined,40.98475922777685,0,4,3.873326349562756,0,0,Unknown,10.674540917706896,1.3411196589916208,0,234,Monsoon,1
39.09772876120045,0.4699634231713832,13.05545681587815,31.358940061816416,21.927855826520872,-1.1049452731672325,31.060592387243638,2,0.2729188474043339,Normal,27.207041337366547,62.47060146482232,30.93523934165419,125.50854635716348,3.1693593825066193,Clean,8.231766552134719,Dry,1,Brown Swiss,Male,Lactating,44,Smallholder,Confined,38.96336290737772,1,1,4.337298578854112,0,0,Unknown,21.014547344871094,3.9078344404724454,1,19,Winter,1
39.4040843144912,0.8965507643659516,23.017353443029357,39.68122249710672,20.5626648463774,0.6603382553161377,24.564483711240836,1,0.47545634616202403,Normal,30.95235365917462,52.37727828585717,9.207558245336363,112.1453156828228,3.878218109946773,Clean,3.1108156676016154,Dry,9,Brown Swiss,Male,Pregnant,380,Commercial,Confined,2.422588461138764,0,6,5.081425912166678,0,1,Negative,2.6415569149533513,5.173755107441494,0,52,Summer,1
38.80861293522223,0.266819931744015,20.924002507141925,50.00917329085858,24.93507010382676,-2.7014978992862932,28.998033195703936,7,0.40829339378921603,Reduced,31.315079016189348,44.94247646333063,6.637087335042617,108.77671952278823,7.280345595713141,Clean,3.0627092542727903,Semi-wet,9,Brown Swiss,Male,Dry,80,Smallholder,Mixed,0.25423021999002593,1,7,4.508415207556292,1,0,Negative,12.709254863486406,5.241336759538351,1,239,Monsoon,1
37.921900831226495,0.36890075404642997,20.15373982886581,35.17675727723224,14.921339503752948,1.2858502411641843,35.41722986955757,1,0.3536180292024953,Normal,28.635479776962995,67.40774649830894,17.06122456741344,100.43143720331724,2.437730279630135,Moderate,3.58127311484884,Dry,5,Brown Swiss,Male,Dry,113,Commercial,Mixed,79.71935469795308,1,4,4.021890857413553,1,1,Negative,5.609517478457724,2.7989874684893543,0,324,Summer,1
38.939812771051585,0.8019746700691954,20.86293696468336,61.053559623618064,21.823889787305834,-1.5171825554081788,40.41968643441807,0,0.10278557855729642,Normal,19.044528499405903,55.74450933464141,6.667552974262643,75.74274276746958,3.269269994203915,Clean,6.615419479779987,Semi-wet,10,Local,Male,Pregnant,312,Commercial,Mixed,49.016066251475266,1,5,3.3688649454792703,0,1,Negative,9.600698731262018,0.6483849475123333,1,134,Monsoon,1
38.309185863724906,0.24103507918497247,27.577447602329805,57.2393634423789,24.371843515895986,-1.6774191876755487,33.12621592209653,2,0.5431138867153203,Poor,18.160171970939913,66.20126915952576,25.628026491723215,72.63904034597337,10.633529389667489,Moderate,4.284547006431648,Semi-wet,3,Brown Swiss,Male,Dry,487,Smallholder,Grazing,3.320941303316316,0,5,1.848651702518933,0,1,Positive,17.078429052578738,7.158614084637627,1,252,Summer,1
38.38282999095015,0.5940283045714314,26.74037958014445,29.285800016616996,22.1981398431582,-0.37073715846121535,39.17655811828169,3,0.3018312978744836,Normal,25.07025320051694,50.305953913023984,27.8097522508164,104.95324571892243,10.461467657949957,Poor,4.944722631892418,Semi-wet,8,Jersey,Male,Pregnant,384,Commercial,Grazing,28.60270447903638,1,3,1.5665030362584567,0,1,Negative,3.2763635992174933,1.1883279873201151,0,211,Monsoon,1
39.05181841125306,0.553685627743776,15.253138627986818,35.67628756818013,30.081647466333976,0.4494593920654531,24.223754732761265,3,0.6608079429275284,Reduced,27.109075252780016,81.90863361039557,30.641371842597767,57.020081455795165,5.477761050469822,Clean,9.453192887825022,Wet,7,Jersey,Male,Pregnant,469,Commercial,Confined,35.66818838761985,0,6,5.059506007927869,0,0,Negative,2.006748349874206,1.8325980250267704,0,316,Monsoon,1
39.44296984286019,0.46752094319099896,24.49553997124461,22.1422275550505,26.644136644426315,0.04588609539014443,32.211293512355766,2,0.31920393582553075,Normal,17.660074891397542,89.98486048295345,27.315267364507907,57.44707988685357,5.479913153111845,Clean,8.77761743981588,Semi-wet,5,Local,Female,Dry,265,Commercial,Confined,78.3288889983881,0,1,4.304065509027332,0,0,Negative,10.679095911822508,7.720904508135256,1,349,Summer,1
38.71276294604164,0.515657852255139,19.532672759035602,37.174086374518666,21.95511521955552,-1.3139887486585673,36.031117051487634,2,0.43116349313480173,Normal,26.85095393866786,56.120175506032474,32.49054181078037,106.08136031603502,11.365154492640036,Moderate,8.817524264838259,Dry,1,Local,Female,Dry,160,Commercial,Confined,43.43867031994005,0,1,3.9924712525581807,0,1,Negative,7.242697915563178,4.252799524483123,0,118,Summer,1
38.885299807559385,0.6239524695441864,19.996383264550996,52.66388476572399,23.30013458498604,-0.9591339367878327,22.622000002168026,1,0.05236037419440753,Normal,30.25593559451362,82.11638036301649,27.449033681696665,141.98120482102394,2.2584113907202323,Clean,6.621134666607903,Dry,7,Holstein,Male,Pregnant,396,Commercial,Mixed,78.93001748261949,1,4,1.5530244155397588,1,0,Negative,17.571960073878085,7.055276987496288,1,140,Monsoon,0
39.721328966781144,0.3290938867107065,11.230916673426686,40.86105057725143,23.773993308892,-1.899563521066193,25.086459327729944,1,0.9925380699054777,Poor,26.704001391727154,83.64930681962036,33.082269196352044,141.42718511298546,7.802955130852708,Poor,8.931729178323845,Semi-wet,11,Local,Female,Pregnant,272,Commercial,Grazing,63.3734050868795,1,5,5.818785571348998,0,0,Negative,2.507663670818804,7.227091656962822,0,166,Summer,1
38.84445190769314,0.6575967026268743,17.318456938447216,49.60797243615968,24.419797625000946,-0.5370198524448051,38.427428571011504,2,0.5076103832751758,Normal,28.475632764326456,89.80368943785399,10.793323826280895,51.08283006607923,7.973905790407273,Poor,8.228526602724429,Dry,1,Brown Swiss,Male,Dry,315,Commercial,Confined,3.31362064160996,0,5,0.48787813109143885,0,0,Negative,23.229625070812467,7.920824647620617,0,141,Summer,0
40.26100986850824,0.8443458634399892,14.74870563865374,29.77665681718256,11.046052026012353,1.4125318217663645,22.149406865278362,1,0.024237594164172815,Poor,29.939087822288542,57.13600648889897,19.995893986031906,60.73942156474498,9.878870671816612,Clean,9.625894423288498,Dry,1,Brown Swiss,Female,Dry,189,Smallholder,Confined,96.86887040696514,1,5,5.029518900109825,0,1,Negative,15.277300275320439,0.805260445440996,0,28,Monsoon,1
39.03930578737893,0.8081287438321272,21.312235259573235,52.97975254581905,20.190842225383918,-0.20639440646581425,19.953219804065736,1,0.5412306587611441,Poor,18.993659367572175,77.80206968570528,34.81791799114726,108.3077693758695,11.517505158226008,Clean,2.5149472401753243,Wet,9,Local,Female,Pregnant,359,Commercial,Mixed,18.143303667532763,0,7,1.26468126197293,0,1,Negative,12.529111235689076,0.8975014393811738,0,5,Winter,1
37.643542344506514,0.32311992375501897,22.28432200161122,39.448907720716505,13.093365590839442,1.0891213821391796,37.16788944183707,3,0.8703539993056497,Normal,30.26290910444632,51.44045018209927,25.44734547628147,134.8475721806164,5.558275870433439,Poor,2.229817069231463,Wet,6,Jersey,Female,Pregnant,345,Commercial,Grazing,27.561956170809175,1,1,2.353577768453975,0,0,Negative,10.488642180052315,1.9304156208278953,0,174,Monsoon,0
39.15200497266272,0.3193995757931791,9.702054595934754,45.12169682282905,29.66968568475692,1.9831020065892873,35.180579349882635,2,0.7725521342662026,Reduced,23.332331276765654,71.23980006460717,31.35923353967772,145.44490866568287,6.378334734560012,Poor,3.400239525791129,Semi-wet,7,Holstein,Female,Pregnant,478,Commercial,Confined,80.9294028521325,1,5,2.5672766569795566,0,0,Negative,18.227120507707493,5.422987257253133,0,302,Winter,1
38.92869503092967,0.41453949419593067,17.911860543982918,44.07125498606947,21.634902879982434,-1.0820277785554504,30.592721463902617,2,0.7009066841294541,Reduced,25.809468787546674,75.24212847364188,5.911813814985657,136.0582226045779,8.712984805201774,Clean,9.432678564063805,Semi-wet,2,Local,Female,Dry,257,Smallholder,Confined,18.98398640874599,1,3,3.976207504646049,0,0,Negative,9.1954470727239,2.4647442600103,1,337,Summer,0
39.47385165244965,0.4888597810728298,22.487446019177007,32.28451479107716,20.839954301922262,-0.47985987958304704,27.725735472125034,1,0.1394646545990349,Normal,23.694540752520737,77.05603462675482,31.15273695705312,117.76131352964558,11.672716223441766,Clean,6.844520847633968,Dry,11,Local,Male,Lactating,428,Smallholder,Confined,40.10877837072807,0,2,3.279974174671451,0,1,Unknown,18.869801986187934,4.21718743274867,1,155,Winter,1
39.10390881076198,0.5267644651267861,17.25328415074622,33.469156682602176,27.38078399219941,3.0567892915937422,25.36885296637011,2,0.6577370789874724,Normal,32.369432080740346,50.35860842922308,25.93139703716293,70.05250775892358,10.907923537367076,Moderate,5.408900141562247,Semi-wet,8,Holstein,Male,Pregnant,189,Commercial,Confined,86.49912181532981,1,5,1.1165039021820071,0,1,Negative,17.345927825378585,6.397680995673203,1,246,Summer,1
38.61692640960974,0.7437577734666763,20.916254580009458,54.67794469003426,24.53394878469925,1.9665151179699178,29.691693242854306,3,0.7662983780122603,Normal,21.137902186640456,82.43627852480974,10.12266301963132,57.262147397896236,8.670530032700446,Clean,6.101688491809214,Wet,7,Jersey,Male,Lactating,413,Commercial,Grazing,63.72722762016735,0,3,0.18009891978353454,1,1,Negative,13.681026093764498,1.8934385049900637,1,62,Monsoon,1
37.96542105822638,0.24534434573266833,19.404661870508335,48.98992157501696,15.228192913724758,-2.7086067887185292,37.4788417444093,1,0.5724190639654966,Reduced,33.906726341056036,61.04859301962709,5.770428692707897,54.75157826856447,10.56723571671022,Poor,8.63683670582136,Semi-wet,5,Local,Male,Dry,370,Commercial,Grazing,30.208059948634457,1,3,4.303280262371649,0,1,Positive,21.4394673359828,2.6441342115378137,1,196,Monsoon,1
38.574586045628386,0.22773816338085312,19.366640927810504,55.500490415534266,21.574567824835786,0.3807224740913598,29.431396756852457,3,0.8927490045203516,Reduced,38.959138598210075,50.818475886727754,12.797797343769588,111.20767846254114,2.852044308914363,Moderate,9.432879966431393,Dry,8,Jersey,Male,Lactating,318,Smallholder,Confined,64.40497215257783,1,2,3.029537807751594,1,0,Negative,8.957673177620547,5.956442299059426,0,72,Monsoon,0
38.18968772747442,0.5135284503551272,16.91474008772681,48.24658235502518,19.988998160641692,-0.19916001149045692,41.0017556034818,3,0.2769897817848854,Normal,19.244399630622016,67.12655441859508,32.473200769783105,53.61886040153577,5.771269428518527,Moderate,7.837590674487279,Semi-wet,2,Brown Swiss,Male,Lactating,215,Smallholder,Mixed,81.26244755375005,0,1,2.1707150681005016,0,1,Negative,2.3305538266426282,0.5576440407138734,0,90,Summer,1
38.35168593011717,0.7577309537103845,13.133676783457162,46.42990634809217,11.532802668363676,1.0396796662881436,22.61234808615862,2,0.24214469973925057,Normal,24.069733177520018,83.1678564803471,25.043988161008592,123.92399564655506,2.130924956988472,Clean,8.07878266349837,Semi-wet,6,Jersey,Female,Pregnant,403,Commercial,Confined,40.388928259785416,1,5,1.7072357550376345,0,0,Negative,9.652626544460462,6.180353269771023,1,97,Summer,0
39.05314704265237,0.3547482743651861,13.51387941029989,27.739893813332333,17.858342600576773,-1.317468151227583,27.881915474030382,3,0.869569744942646,Poor,30.062238626083,88.35439548890568,32.584073128499725,121.2470737350969,3.7747223826095038,Moderate,4.563024353310704,Dry,4,Brown Swiss,Male,Lactating,364,Smallholder,Mixed,57.16746844761467,0,6,4.938265900798183,1,1,Positive,21.132703040379,5.572086235897418,0,128,Summer,1
39.70194270261084,0.7132035850050014,20.83741005782127,42.296333032388304,20.898758067901205,-1.4594125580610082,25.761647994016506,6,0.6253982429914524,Normal,22.03275078983646,77.41039108639372,18.384523474827784,57.961082477667894,8.30492571202402,Clean,5.7362815621963135,Dry,7,Holstein,Male,Dry,175,Commercial,Confined,98.79276848520607,0,3,4.773187603998238,1,1,Negative,2.7782598613643317,1.4718955034519166,1,180,Monsoon,1
38.93680291789379,0.4078625103522396,18.07783302207553,44.72615679596256,21.310294411048943,-1.2141060729404143,21.489150741026002,3,0.001447220520999326,Reduced,25.64062584045273,40.28114431356812,33.098812857057226,140.66223650367948,10.855616237336667,Clean,9.081681547769328,Semi-wet,6,Local,Female,Pregnant,427,Commercial,Confined,96.45628430539969,1,3,4.9563019352579465,1,0,Positive,18.552518409848137,2.3289362940670486,0,153,Summer,1
37.982470162778895,0.908868887050813,17.4459510215711,64.53107198272573,13.106611457936149,-1.0578928192976491,27.08149760194207,1,0.3531314085110525,Normal,27.879386309595674,46.735038023297804,18.88879446335017,102.19292886253024,8.327803099917954,Moderate,8.28747288058062,Semi-wet,6,Brown Swiss,Female,Lactating,118,Commercial,Mixed,50.90373119372777,0,7,1.3146296881139163,0,0,Negative,19.980956009982204,0.6155323506459736,1,39,Winter,0
38.96676160093209,0.9165519554132933,16.30443983071059,51.86956632098677,28.909993498284855,1.0229862502135214,30.50397580996264,2,0.8578559858146745,Reduced,23.43589492577883,43.81369932194329,11.127641732550035,140.44385673377315,8.641381070085668,Clean,7.4741673476907815,Wet,5,Jersey,Female,Lactating,316,Smallholder,Confined,9.614125651079974,1,2,5.111759496747354,0,1,Negative,10.84291223855258,4.860599345829932,1,195,Monsoon,1
39.417978891987396,0.4378297634250612,16.779244618076994,60.36061181709528,21.387381646651367,-1.9718017597233202,31.14538107971218,2,0.027319511641743288,Poor,27.40991569368595,45.06068714969424,9.541803925533419,140.1610056188322,3.038216052562019,Moderate,2.5219746871049633,Dry,11,Local,Female,Lactating,336,Smallholder,Grazing,70.06820888135037,0,6,5.913239924670113,0,1,Negative,5.4739452627188845,3.478200181594738,1,147,Summer,1
38.334130257408376,0.38399500317059243,22.187647177952556,50.97537705894728,22.22531845996338,-1.1339208499389783,41.02271307366733,2,0.003247928261508881,Normal,31.743681372138656,59.15174780098876,34.814354391051324,69.70340638871183,8.648604909133798,Poor,2.316057755631639,Dry,5,Brown Swiss,Male,Lactating,399,Smallholder,Mixed,26.862078708019844,0,3,3.5949161313753706,0,0,Negative,9.176859216361064,3.6757487434643834,0,71,Summer,0
38.619589699996254,0.529043177652985,16.659023672527894,37.886967730505205,24.40384983003902,-2.883518585752162,30.78680481834136,3,0.28125929052512977,Normal,26.608424448519163,56.92466574143139,15.015879844237126,88.05776279362848,6.5434671736919094,Clean,3.0432875449119603,Dry,2,Brown Swiss,Male,Pregnant,152,Commercial,Grazing,66.94749281421927,1,5,0.28302625991905406,1,1,Negative,10.16484807696302,1.2738870681292664,0,77,Winter,1
38.70881291683752,0.392425268144119,12.635741146793725,46.17124216149851,17.271542476577974,1.3106767351185595,34.9008208220777,2,0.9140000370092779,Normal,21.806727932359607,45.68424906341551,9.801590759527631,63.46263335038162,8.514402315818234,Clean,6.651128793582667,Semi-wet,11,Jersey,Female,Pregnant,372,Commercial,Mixed,35.17555982181967,0,1,4.213592213803652,1,1,Negative,22.441954099726455,3.142319305922319,1,280,Monsoon,1
38.22906101215066,0.7379070746333629,20.974607102160693,47.36223646264233,24.73813583879618,1.706545149146711,28.396565477793857,5,0.9014775814700163,Normal,32.82443314269521,84.11176758071245,5.252252926722565,127.49780101363207,5.261731095298273,Clean,6.2910947787291995,Semi-wet,7,Brown Swiss,Male,Pregnant,158,Smallholder,Grazing,71.87584384819647,0,3,3.2286412780446456,1,1,Negative,7.546316869987769,7.3924866184045,1,301,Winter,1
39.088968260306316,0.8608517476386284,17.18049334454113,35.60844430229318,19.797552123890902,-0.6906101462956797,38.06833360271557,2,0.5187619458015079,Normal,33.94517337774099,70.77137881661801,13.567086995888673,100.41249155378625,7.814859416631702,Clean,9.54152661237643,Wet,7,Holstein,Male,Dry,283,Commercial,Confined,36.732255828386386,0,1,4.272283847025446,1,0,Negative,23.370090246319517,0.9855223700058917,0,264,Summer,1
38.62743111083533,0.7384737047289736,18.125583462131107,41.15612623407079,16.62048675611685,-0.6469240472198345,42.390695713528416,0,0.5532368711396226,Reduced,28.84289849393449,79.82316544782245,31.67348430807617,142.88075753949818,6.240692968309894,Moderate,7.558077120347171,Semi-wet,8,Brown Swiss,Male,Dry,168,Smallholder,Confined,94.11952773795531,0,3,1.1294123982950088,0,1,Negative,3.502870128762173,7.812185943920488,0,130,Summer,1
38.95171946634422,0.8594803577994796,24.43031322559804,42.94233006322828,25.440684960132394,0.47983285342434584,31.1865107858557,0,0.3320080113171888,Normal,22.09103824863565,58.577469442771545,21.02027962031905,70.82152148762773,7.586370554350609,Moderate,4.351780938763408,Wet,4,Jersey,Female,Pregnant,499,Smallholder,Mixed,13.667287245778148,1,3,3.6347929730168054,0,0,Negative,23.402676701433915,6.860072291136784,1,323,Winter,0
38.16750469331874,0.5175937297659794,17.917757770597973,61.05619832565118,30.950043152810846,2.0117230110673834,22.04404590729051,1,0.24373666202780986,Normal,22.611363681566004,60.51180081437839,23.97305154574865,118.8367661519226,3.470895183298,Poor,3.2919703505255784,Dry,11,Local,Female,Pregnant,467,Commercial,Grazing,6.840483712222278,1,5,3.235166062321097,1,1,Negative,6.136343370525695,2.022424174517618,0,154,Monsoon,1
38.43752501980595,0.32505357656708866,19.156734692474902,24.192594746090215,26.34897624091499,0.4129161213458758,24.70716986333699,3,0.8152218542121182,Reduced,15.157827821439842,55.8810605268364,32.671733116715984,148.92368277727087,5.95824853617285,Moderate,8.796265914627057,Dry,11,Jersey,Female,Dry,280,Smallholder,Confined,78.11990972499513,1,1,3.614944559516693,1,1,Negative,4.858473744438432,5.7906642425432455,0,17,Summer,1
39.133428814696664,0.7903607579180738,13.284306034806699,57.05818420716043,27.537865390842583,-1.2463129137126718,29.691605819230972,1,0.10629486049964143,Reduced,24.039362623793235,61.921330604924556,20.38519754321088,116.53812618209913,5.742786572568541,Clean,5.676992829512193,Dry,11,Jersey,Male,Lactating,53,Commercial,Grazing,40.13259601254161,0,6,4.366484917679454,1,1,Negative,3.76231001298649,1.1820991999497936,1,38,Winter,1
38.476300108744944,0.4883796041132431,17.12132219059616,35.63204765040617,18.876216360626206,-2.628233857979661,30.738988211503877,1,0.48735437087863576,Normal,32.327897222427836,70.51886311775269,30.14839537557844,56.877393283071264,9.363945206528083,Clean,7.22775597927079,Semi-wet,9,Local,Female,Pregnant,28,Commercial,Grazing,46.55755899896287,0,4,3.265300640242054,1,0,Unknown,8.273951424185448,1.6974929571676507,0,323,Monsoon,0
39.736178310740044,0.7370166601833061,20.438104180834404,31.27920812730386,12.414281624989261,-1.8726893939952316,32.190550806306234,2,0.6343972594970845,Reduced,23.58015841276973,64.64920039201208,14.71499834229061,108.84243496951905,9.064095139680655,Clean,6.521148852726423,Dry,10,Brown Swiss,Female,Pregnant,313,Commercial,Mixed,93.38172602190913,1,5,1.9308626733193968,1,0,Positive,15.180917071528857,4.1597089408785735,1,57,Summer,1
38.46021828863124,0.4165151535854126,11.77850506463503,56.79942130038464,30.940825132599045,-0.09017082453130244,30.761186087380246,1,0.10368029037102922,Reduced,22.220336895474446,81.89585030942251,34.313055885236594,67.98427496812367,11.08858684731333,Clean,2.85965076909308,Semi-wet,3,Holstein,Female,Lactating,62,Smallholder,Confined,58.992071794488474,1,1,1.8540228620097916,0,0,Negative,16.325590382821684,3.503420505522017,1,161,Winter,0
38.83481083545114,0.26498370784533815,18.80338037246284,52.318980692343814,34.32708933642856,-1.1829912848011914,28.04190949753563,2,0.5196070954723462,Normal,32.11442208284493,85.00695843049121,7.364416205373572,53.05027774193154,8.320555922831975,Clean,2.4564670694546162,Dry,3,Jersey,Male,Dry,115,Smallholder,Mixed,66.01706482730482,1,1,4.170320762326693,0,0,Negative,9.508967384845452,6.612715431654692,0,350,Winter,0
39.25955449912386,0.9940654363902108,18.403164290579227,57.5451870238119,31.256840642618094,0.09245155898613788,24.182809352787228,3,0.5775212879124432,Normal,32.75639844313751,63.48419266837996,26.74488576539794,83.49606973052141,5.1454712979347335,Clean,5.016145517731308,Dry,2,Jersey,Female,Dry,413,Smallholder,Mixed,1.9465926407371215,0,1,3.9831117495288018,0,1,Unknown,6.307436313075694,7.544412261662262,1,72,Monsoon,1
37.848980560240186,0.32496120634447945,18.165149822349758,53.00701947545576,19.9852843661215,-1.029386024354351,30.406829567585376,5,0.7424960605073648,Normal,24.31934417996839,51.98739901743247,24.81698860280883,76.61040830540657,9.832246632353314,Poor,4.892402380365741,Semi-wet,10,Holstein,Female,Pregnant,31,Smallholder,Confined,67.05144071194698,1,7,2.532016229881068,0,0,Negative,23.88566337831054,7.5711155476722,0,350,Summer,1
37.64351471281154,0.9907367951707848,22.14863559463297,65.59845001737402,15.072193967626934,-1.7872196469416173,39.129924144883944,3,0.23483604914753287,Reduced,29.5472448370535,87.25962097296545,10.750145175524509,128.87708988157542,6.969976435336264,Clean,7.390384903751251,Dry,7,Jersey,Male,Lactating,374,Commercial,Grazing,38.835293593229444,0,4,2.1212341701408013,1,1,Negative,7.223504303628922,1.602521822613165,0,320,Monsoon,1
37.784606211257945,0.9818239460531579,19.337754059394086,50.587238369444854,15.6059038130826,-1.9655474471796066,34.119571632566526,1,0.2933275032907583,Reduced,22.661239676562854,76.75193215254613,16.66531996539608,87.36805410781005,3.9349321062907854,Moderate,7.057603272809294,Wet,10,Local,Male,Dry,421,Smallholder,Mixed,46.02144625237749,0,5,3.720767004180501,1,0,Negative,9.700681953870042,5.646710605923259,0,279,Monsoon,0
39.45755046205631,0.8350544831264317,23.912287593425777,43.435226238768415,11.897604594315709,2.143531764059844,31.20822369781719,3,0.5695211466330334,Reduced,25.28683928494905,72.00635430269399,14.384873503310192,123.29587803851965,9.474114683271264,Clean,9.751527427711956,Wet,2,Brown Swiss,Male,Lactating,490,Smallholder,Confined,80.80501190007953,1,7,1.872964270026942,0,1,Negative,12.062529169525892,4.780901999683213,0,12,Summer,1
38.36888511246453,0.7275383696655982,14.025641937623856,48.42926377321343,21.355728289539726,1.1334816237754646,34.17740154293651,0,0.9831264099816142,Normal,17.89944846093671,77.2706866811988,7.834786049974861,51.623899194933145,3.3253139571922903,Clean,8.864796022172573,Dry,7,Local,Male,Lactating,159,Commercial,Grazing,52.37935926818288,0,4,5.779587483655933,1,1,Unknown,18.010525328359353,3.2767274058917986,0,359,Summer,1
40.23491957140095,0.6622456402008678,18.543698268873392,57.434691283459635,31.63406774849473,2.3957769277419376,25.773615826594884,5,0.21749318282011443,Normal,28.80051073036386,43.799089119846144,22.543640688525237,51.48121334333911,3.781533312461292,Clean,5.972660206202303,Wet,3,Jersey,Male,Pregnant,306,Commercial,Grazing,98.68708095514572,1,3,3.578853165780148,0,1,Negative,4.498178847908972,7.961213841071389,1,251,Monsoon,1
38.36145144080557,0.8928812363022678,18.33786714555979,37.20624674739883,21.150024208766542,0.6099263511326543,24.950409123500076,3,0.985903827123464,Reduced,26.48543235118374,43.38131638188363,34.81009536695497,52.93134575475571,9.587559284351473,Clean,6.000202820501564,Semi-wet,1,Local,Female,Lactating,286,Commercial,Grazing,79.6811128806087,1,2,3.5516557620832114,1,0,Negative,7.121085714966645,3.920338543547318,0,8,Monsoon,0
38.810730781918224,0.4315516172955904,13.722982024979679,38.48111417468619,23.81393740208965,-0.8449871129222586,23.51328937380411,1,0.7143425330544813,Normal,23.640363377042235,47.65603262904937,21.78764423160168,71.93584417825804,9.70144694071288,Clean,7.393033832901555,Semi-wet,11,Jersey,Female,Lactating,373,Commercial,Mixed,72.85915482505924,0,4,0.8180002008154841,0,1,Negative,23.92883063887455,5.489985080142591,1,294,Summer,1
39.62526597154073,0.5741449699879017,21.825180008365386,41.91039985402092,30.25358178582525,1.785011383734907,27.24828026338337,3,0.8260820696300232,Normal,26.539849832053285,47.37254837202662,21.35779720638086,87.39877850285617,9.907812688042153,Moderate,2.9127246621862044,Dry,8,Brown Swiss,Female,Lactating,302,Smallholder,Mixed,58.868665716403726,0,3,3.6578875890990927,1,0,Positive,19.978658156752246,4.271312783233499,1,33,Winter,1
39.90365573289548,0.6955119754932015,27.29869322341127,23.954172012346678,19.5754281290056,-0.24960200204265182,25.46796461974552,0,0.08964126823633922,Normal,25.924745212936777,61.03352374247022,6.209411220636449,110.78458031168546,4.9332512441711565,Moderate,9.99912451705114,Semi-wet,8,Local,Male,Lactating,40,Commercial,Confined,41.23967218645483,1,4,1.769550757209449,1,0,Negative,11.209086008089464,1.271779528031096,1,353,Winter,1
39.93690214598184,0.5289523806955929,17.931975702064676,46.38078408417547,34.21318874031757,0.13126265543552845,35.24964844391283,4,0.30042018743063226,Reduced,22.86376970603968,47.870204114268205,9.176606700910714,148.59138858269728,10.66587457371519,Moderate,6.150464809948992,Dry,10,Local,Male,Lactating,403,Smallholder,Grazing,5.287233364577293,1,1,2.7109764745346583,0,1,Negative,3.499850168100451,1.55825177538803,1,301,Summer,1
39.425019738355886,0.5419891632722145,20.02008435309507,26.138712960489737,33.95256644498472,-0.2642365686132785,25.148059493906867,2,0.05773627965098105,Normal,28.992753852334758,82.72628221332982,20.39657267306783,85.44095670143327,9.226681359620727,Moderate,9.27923899127176,Dry,1,Holstein,Male,Pregnant,477,Smallholder,Grazing,1.8495907430539527,1,2,3.2291963408176168,1,0,Negative,20.934299324930162,6.126074455953481,0,75,Winter,1
39.31443751548688,0.46422773400166756,18.33807390326131,45.53059312932619,21.213331967917103,-4.620356328926022,23.1836697026505,0,0.37154699500317523,Normal,25.51025408566769,68.90484654640129,34.55535692552214,55.56589067571662,10.339674095513406,Poor,9.738850677217663,Dry,11,Holstein,Male,Dry,288,Smallholder,Confined,4.6758766522148605,1,2,2.8677096453881954,0,0,Negative,19.009096948555047,6.512628945456047,1,363,Winter,1
39.055516169520715,0.6513854533476289,15.145661320371296,53.652897561352496,18.534794415884722,2.2071025184422797,39.65546307298379,0,0.9812896599200519,Reduced,26.32859866544537,58.41309481751257,31.298232063855767,69.49001616658487,9.086054847468901,Moderate,6.653141919218124,Semi-wet,6,Jersey,Male,Dry,269,Commercial,Grazing,95.88363839111592,1,6,4.856359507310096,0,1,Unknown,14.355817232999767,3.2286358562380353,0,243,Monsoon,1
39.16701664569999,0.8804596224120929,10.716958888791936,40.23123539356165,26.18342827834188,0.5365059189366301,25.29174861351194,1,0.10527306220633847,Reduced,19.696693172200227,43.48112691126335,15.206273641195025,139.7851833814862,7.795964587463406,Clean,2.826789180198203,Semi-wet,4,Local,Female,Lactating,64,Commercial,Grazing,32.32121148620912,1,3,0.5967799736354469,1,0,Positive,10.302513465760063,1.0021936337478023,1,299,Monsoon,1
38.36928857020288,0.3612227024050503,15.176906067618539,61.771158701868714,19.91485034488685,0.2947345913027651,28.921170743502106,1,0.5623727823711995,Reduced,26.37191210286954,69.55138979795626,21.290127626843823,119.93791901477088,3.0939477157401933,Poor,6.5867664673597695,Wet,5,Brown Swiss,Female,Pregnant,194,Smallholder,Confined,70.06094823335613,0,7,1.0039732546906108,0,0,Negative,22.519139310702833,7.677540695829466,1,281,Monsoon,0
38.209080669946616,0.9475464310027533,12.432166476193075,30.394991005815122,15.060668697595982,-0.29266409340584104,30.70793694846047,1,0.006070622813812321,Reduced,26.10335016558665,45.826641029606314,21.5810666676241,129.02008240385598,9.109362119519492,Poor,6.781139497327894,Semi-wet,8,Brown Swiss,Female,Pregnant,300,Smallholder,Confined,59.431460431137076,0,7,0.9419401547085751,1,0,Positive,7.800200298600891,4.228042976476702,0,15,Winter,1
38.69797532555343,0.7512701229985839,24.816408312236472,56.91260681631832,29.687431921137883,0.04514173057919646,21.17984128647511,0,0.7126828160440627,Normal,22.871929598492972,77.16101252013031,25.560818382865495,62.41682056727926,8.904607754581841,Moderate,8.313545094186647,Wet,8,Holstein,Male,Lactating,96,Commercial,Mixed,57.16677094377365,0,6,4.9010002313067345,1,1,Negative,8.381024910497391,1.506112437289285,0,10,Monsoon,1
38.597889226485044,0.8586185701440241,17.539561224307043,51.751370564069205,29.298684323662478,-1.0959184037693714,35.41290261701842,2,0.19719269237204107,Normal,29.657718722521466,80.13790483719107,25.633461237174156,63.49869887075079,5.124911332868604,Moderate,2.385834135959249,Semi-wet,7,Holstein,Female,Lactating,252,Commercial,Mixed,57.92415638910921,1,4,0.7093456972346635,1,0,Positive,21.137293102084566,1.9884485635878189,0,272,Winter,1
38.42806317040364,0.6449525541040093,16.61632268381132,27.83966751689311,22.933069622581364,0.7248690284609067,31.822714242467367,3,0.12958453712476292,Reduced,16.460957391837702,67.19881289799206,28.69377465157921,61.2246007544896,9.35819769046426,Clean,5.730522937560751,Dry,5,Holstein,Male,Dry,339,Smallholder,Mixed,30.229582337057014,0,4,5.828654588963182,1,1,Negative,15.405876441588365,0.8402013894706948,1,355,Winter,1
39.117832468474035,0.8236133611392509,21.556615299151225,72.10794299040532,14.422811477630933,-2.160647516598699,37.35030407128469,2,0.33701781216078763,Normal,24.589008114304097,47.48014295704287,5.749130745190472,135.7169164309525,7.504545534313276,Moderate,9.382162066694505,Semi-wet,6,Brown Swiss,Male,Dry,217,Smallholder,Confined,88.65325454982424,1,7,5.814991742696185,1,1,Unknown,22.870710016131532,5.823919123664419,0,98,Monsoon,1
39.27318312514231,0.21296031787157377,13.512995588576448,44.36254714496034,14.622842492695684,0.07910264870582034,23.9246683766914,1,0.7710442979389815,Reduced,28.549772136733882,79.34313618702328,33.310405719123374,70.99676086936044,7.59406238543415,Poor,9.930392629429228,Semi-wet,8,Brown Swiss,Female,Dry,374,Commercial,Mixed,91.92062267503671,1,4,5.9508993541257915,0,0,Unknown,15.83525778337937,5.780705686912587,0,213,Summer,1
38.75304413177511,0.8547043398236283,14.93254384798179,36.22515977844368,22.643375730514915,0.6423602058566569,28.59475475485696,3,0.1066130863112108,Reduced,37.49254559789928,55.3913894629667,7.1018613796773975,114.31517453797217,5.676046787857126,Moderate,3.531061430073901,Semi-wet,5,Brown Swiss,Male,Lactating,274,Commercial,Grazing,64.4525785256762,0,3,5.878134961268578,1,1,Negative,1.7587904306529698,5.018783022009788,0,313,Winter,1
39.58651804863316,0.23211108726829321,18.272289076994483,30.929128052159832,19.000773792969806,-0.4980037007343545,28.236134529965174,1,0.22983899579869538,Normal,20.171635325007273,51.13265713767299,19.284803344308198,101.61663661832591,3.1678504134013656,Moderate,8.964791941880282,Semi-wet,3,Jersey,Female,Dry,175,Smallholder,Mixed,86.39492209863253,0,4,0.8941183708250986,0,1,Unknown,5.066310170901591,4.597252120717553,1,46,Winter,1
38.0149865315199,0.91193070109029,22.115075965693922,42.79981972340326,19.95344240715035,0.35630168870653706,29.58333096610013,5,0.008464421617309537,Normal,27.443137313842005,63.52783205092126,32.587378290771284,104.43899118738537,4.16928457865989,Clean,3.1700044930451527,Semi-wet,9,Local,Male,Pregnant,423,Commercial,Mixed,5.998101691959534,1,2,3.9445041191612438,0,0,Negative,7.481597835088676,3.3611816650022743,1,124,Summer,1
38.58380432443217,0.9935701977909146,20.006740180675152,43.725931276100404,28.13177893036002,-1.6870015883513754,19.272311508537033,2,0.968414862695618,Normal,29.739513965000736,86.13231206914588,19.630064876932394,69.54353583912683,9.688316533360581,Clean,8.729395476543177,Dry,9,Jersey,Male,Pregnant,487,Commercial,Mixed,10.039125075666211,0,2,2.3981420737445114,1,0,Negative,20.946998358493595,7.629751922611584,1,232,Monsoon,0
38.26990660763832,0.4352539697414223,18.99330057006353,46.02645528539664,26.399075904535344,-1.648740156343946,28.665018272153333,2,0.5921455999888638,Normal,27.31673963822556,54.86866460372619,6.909105026993505,113.52460934539894,4.7144155049689385,Moderate,4.218221819741308,Semi-wet,10,Local,Female,Lactating,444,Commercial,Confined,55.90662245937175,1,5,4.390939642547928,0,0,Positive,20.10967635981278,6.503909232692693,0,129,Winter,1
37.580078029756166,0.3682548450286349,18.312470940944067,42.0220384377604,30.26885608298568,0.15507568153958973,19.441216531457528,4,0.7198996363846994,Normal,20.838282038346144,85.27892504863101,11.877200594358175,54.31005344583312,2.0225305433561154,Clean,9.67700212839314,Dry,1,Local,Male,Lactating,23,Smallholder,Grazing,84.65070407983616,0,4,2.435507640572407,1,1,Negative,19.177522422285907,7.307162991311291,1,281,Summer,1
38.65039158849439,0.8122906910864327,19.6009434221071,51.33225310115093,16.056260659736452,0.8178244819315774,30.15000442718153,1,0.6513831711560145,Poor,24.581637000731924,42.68266543699139,22.360002661052683,149.34722762576286,11.970174211315502,Moderate,7.563974007205097,Dry,7,Local,Female,Dry,103,Commercial,Confined,31.54294011808184,0,4,2.299431744402605,0,0,Negative,13.731365271263634,2.8374447042217543,1,312,Summer,0
38.62695149497003,0.4024210727362026,18.806611620517018,41.123701673367535,19.94085058787973,-3.0122984832525663,15.22810525288888,0,0.14436455886967436,Normal,14.7917570625472,44.17618525089734,7.635848536969072,52.67589064927291,4.106822338503709,Moderate,5.192884811118076,Semi-wet,4,Holstein,Female,Pregnant,216,Commercial,Grazing,54.80559161585315,0,6,5.42370674803206,0,0,Negative,4.196078836512144,7.837127655857983,0,46,Summer,0
39.60806984594528,0.8924499065377629,13.880110900892257,25.65035882759529,26.553890172760674,0.5830309526661499,16.89047899425648,3,0.5949399389939941,Reduced,27.0193296741605,74.92805125676236,17.710337930518893,55.01565407158622,8.553831488703938,Clean,4.24778663926533,Semi-wet,6,Local,Female,Dry,233,Commercial,Mixed,0.9960531484080826,0,2,2.96728027917074,0,1,Negative,4.017617621692395,1.740127238753247,0,264,Monsoon,1
39.07848701073287,0.2822740737259814,18.184316886532606,43.506385043503585,24.68847004607735,-1.0148022505645056,32.91129229863999,1,0.1314155951412621,Normal,19.9205363146678,49.52963307240878,14.872797985742146,82.46474198916813,11.269220045749938,Clean,3.881900219795563,Dry,7,Holstein,Female,Pregnant,299,Commercial,Mixed,98.66300121276662,0,2,4.438549148442875,0,0,Negative,3.9001148543812167,0.9220439959330752,0,41,Summer,1
38.08548790540248,0.30076415710348664,13.70524536432899,21.325223466267218,31.19428229552573,-0.48920913096111873,24.718969268831305,1,0.4012364539631279,Normal,29.278304704803904,55.83103415983127,29.456228834727185,133.16253557695381,7.99712734633937,Moderate,7.446338615996681,Semi-wet,8,Local,Female,Dry,164,Commercial,Grazing,76.69808683122366,0,1,3.8995028906356772,1,0,Negative,20.656075764928772,2.8988034359621997,0,143,Monsoon,0
39.81245553980052,0.9833212440804926,18.324330171603293,48.5377063089139,24.523220235424414,-2.209276885347556,22.072851558206555,4,0.568963135925293,Normal,23.732888106258827,46.81864904902895,8.303958150063476,75.71892117767429,9.990306150844575,Clean,9.166328020615053,Semi-wet,11,Jersey,Female,Lactating,408,Commercial,Confined,36.14191465175159,0,1,3.9462508190606433,0,0,Negative,4.255813027350362,2.009651843699486,1,44,Summer,1
39.43262021731521,0.7390711186160037,16.077408234047034,35.20699769717365,33.088654624633314,-1.4774258602800623,35.62507372645329,2,0.5588811141021559,Reduced,23.262425882499542,56.61241345662742,25.483953504763587,97.19350137913281,11.763717121488149,Clean,8.039535756914749,Dry,5,Jersey,Female,Pregnant,76,Commercial,Confined,98.30128306561157,1,5,2.0947057914877494,1,1,Unknown,19.59613052763155,4.381426431080168,0,338,Winter,1
39.04925862208117,0.8775097795431623,28.157526491131446,46.633603549158,25.240106810338844,1.249187988295467,29.96575730397049,1,0.11907342598274095,Normal,27.83275128801704,54.02299969462317,17.197672126277276,51.797733117619295,10.603634259297857,Moderate,8.678332304132338,Semi-wet,5,Local,Female,Pregnant,173,Commercial,Mixed,9.24279892978721,0,2,1.5146900480008336,0,0,Positive,20.42923993819417,3.1264944808977044,0,255,Winter,1
38.564109540690104,0.45946350188121443,17.840422464993154,58.14074981524604,28.37300468553196,-0.15070493902968024,33.232541173202705,3,0.03443596964652218,Normal,28.30128281811826,76.81688194944918,22.632520414169857,57.88793164836442,7.579040886783617,Moderate,8.251070141076298,Dry,6,Jersey,Female,Pregnant,119,Smallholder,Grazing,46.4175765370626,1,5,5.312589159165636,1,1,Negative,3.4157853190284753,1.7880958359778558,0,129,Summer,1
38.12433645796592,0.7411869996164835,12.383041734953645,35.51251304732,20.058910319293258,-0.7741676025643378,27.002547566075016,1,0.7982343138738138,Reduced,31.356421509427793,75.10116940945218,11.165953157616341,110.79660485407072,5.637029304820762,Poor,9.833181331984154,Semi-wet,7,Jersey,Male,Dry,219,Smallholder,Grazing,5.885128500173686,1,4,0.14753922920830354,0,1,Negative,21.74607271065339,6.8319373887216965,1,111,Winter,1
38.476675934357374,0.6753934618468778,17.463279157292302,55.61256258512118,22.085723271303934,-0.3747325289465522,44.07777216340001,3,0.7259224369960053,Normal,25.693190416034426,87.74635882141827,23.291110542848767,69.43584694494285,6.824644491639596,Moderate,8.062439414610598,Dry,5,Local,Male,Dry,476,Commercial,Grazing,33.49650214919119,0,4,1.0375535213105558,1,0,Negative,21.643377693056884,4.309778908762448,1,225,Monsoon,0
39.35324917182251,0.6825200960983576,20.07743498255155,40.66610433313847,27.46566642303685,0.5338177369964519,24.37291683664123,4,0.08181890456473806,Normal,26.47109267560927,76.22108425865204,25.219331822483383,119.42545630195254,10.418261681905443,Clean,3.6818281477621904,Semi-wet,5,Local,Male,Dry,420,Smallholder,Grazing,21.936417983080247,1,2,0.7967234387056346,1,0,Unknown,15.678870699074958,1.3214745378036714,0,193,Summer,1
39.83075178356077,0.7460259676301773,24.693455784610094,62.531948020655854,31.677869023558326,0.46074174424500663,38.46697329615933,4,0.12741551880155344,Normal,20.06837959610796,74.74088765106924,7.106946939832335,128.53911750171773,10.533546101506403,Moderate,8.33278772379612,Wet,4,Holstein,Female,Pregnant,459,Commercial,Mixed,31.655085318112675,0,3,5.696322737925444,1,0,Negative,12.799221092356786,1.064998426698054,0,117,Winter,1
39.62594611696332,0.6602873385032788,15.642190400245127,41.34847386801787,26.375421695864517,-0.31254050059520133,27.631803759400523,1,0.8925837763896203,Normal,34.24199711625931,74.71019445313259,29.73032802748811,135.0334199472283,10.458549223583637,Moderate,4.576554887878407,Wet,1,Jersey,Male,Lactating,27,Commercial,Confined,94.74093160456995,0,5,0.030158236572140673,1,0,Positive,15.888028658476351,3.3738533833191298,1,337,Summer,1
38.40669034692824,0.5432498954421328,11.67028810390544,36.59507014493309,21.500969368392283,1.4394386663450025,18.072937630523526,4,0.7691289016217799,Normal,22.327797714898626,84.14837278240881,30.83762338664724,63.37993379993226,7.97224402750011,Moderate,9.966398901302865,Semi-wet,7,Jersey,Male,Dry,467,Smallholder,Mixed,42.71869967268872,0,3,0.048133800028631324,1,1,Unknown,10.310771808727859,7.309871819142624,0,255,Winter,1
38.028229540026594,0.4207381555044375,21.267348045723924,51.87238450395289,30.26401017717005,1.2556939553599993,30.89709247448865,0,0.9961602962166741,Normal,30.624173493347733,54.811836643777504,6.906621670483841,95.55085490319249,6.769559177576129,Clean,5.013380960801173,Dry,7,Local,Male,Pregnant,472,Smallholder,Grazing,32.48608112603657,1,4,1.3603694283153502,1,0,Negative,14.539186284951889,4.309999246963764,0,249,Monsoon,0
38.784531748146726,0.8148650647305618,12.477605176401395,40.64210270376364,8.848128062320715,0.4200580436955936,29.888575368730983,0,0.2539874492050217,Normal,30.660936462319114,55.00460545969021,23.095624642918573,144.70814499038457,5.113380560956617,Clean,4.342350046777839,Dry,6,Brown Swiss,Female,Dry,29,Commercial,Confined,64.07723800515578,0,6,1.6745246938365683,0,1,Positive,23.299081118549864,1.5435154324650258,0,138,Summer,1
37.638936380662294,0.38101794400254896,16.25537823397006,36.58550485870992,13.466592990958759,-0.11808232563489435,21.69206911456462,0,0.4878029888688149,Poor,28.999513273639884,77.06069048524684,22.82034490916681,127.20835424443078,2.033608551819293,Clean,3.9137278840712924,Semi-wet,10,Holstein,Male,Pregnant,453,Commercial,Mixed,68.3369191066622,1,7,3.3589479089331906,0,0,Negative,3.6056647574270158,2.3497420701753153,0,298,Winter,0
38.89390062851087,0.7538834449235314,16.969518057956023,40.22160149296209,26.089805342010333,0.7859816426793087,22.46668433719171,1,0.23645957606235568,Poor,25.813048130367566,51.435256857506374,5.373752356053299,61.696038184614835,9.644852708609559,Clean,7.268117216466958,Dry,2,Holstein,Female,Pregnant,143,Commercial,Grazing,98.37688663138047,1,5,5.767375655512881,1,0,Unknown,6.377189630091582,0.8710991451301598,0,45,Summer,0
38.6114384482208,0.3866662581194613,17.721466186799567,44.55393467816999,22.08465013751875,0.27140113270177507,27.851814141490046,4,0.6228001384773098,Reduced,25.186321159055357,85.6010002073985,15.27039241867854,100.25002450183942,4.769982800140546,Clean,2.8737687071002496,Wet,2,Brown Swiss,Male,Dry,458,Smallholder,Mixed,54.60577722930371,0,4,2.7902549861514148,1,1,Positive,13.05407569056419,6.73880213381758,1,101,Winter,1
38.420378098879056,0.7002641359635631,20.756657828297342,58.42180131244854,25.63308190674499,1.3912001077089216,30.098486891487887,1,0.11541423909131798,Poor,26.67961841329992,66.7390862543443,34.06777348141243,142.23805818388388,5.296778953853375,Poor,9.628479053863774,Dry,6,Holstein,Female,Pregnant,289,Smallholder,Grazing,75.25636438162188,0,1,1.7326770448638305,0,1,Negative,6.947996659573714,7.595392040466563,1,283,Summer,1
37.743178159639925,0.7976626137032232,15.26546287085445,25.65912254540423,22.386445134591654,1.1493420651074617,13.176020302723595,2,0.1272431727430331,Normal,17.480557340740074,55.00624640464159,21.663522568062287,94.00388055231858,10.43481224847044,Clean,4.354501429145097,Dry,9,Holstein,Female,Dry,366,Commercial,Mixed,38.21650192592499,0,2,4.902001900614439,1,1,Negative,23.833697074630305,1.0836035627488065,1,167,Monsoon,1
39.00816006394183,0.3749711111252314,16.905082991332957,45.230806589504205,25.425674167623235,-1.7273808521265928,34.31872871514282,1,0.07188789140512264,Reduced,26.869504818493372,78.80499648449913,32.99635408224515,133.7417608840969,2.5225115712262065,Clean,4.363204888307778,Semi-wet,5,Jersey,Male,Pregnant,46,Commercial,Mixed,17.10326462436994,1,1,2.314692732073718,0,0,Negative,17.566218621192604,1.797357423538037,1,285,Monsoon,1
38.380379496202856,0.24795464068904663,17.942918588202446,51.24903594654043,17.113583074040857,-1.8289447561125594,25.033012157110136,5,0.693586082264167,Normal,34.4287546983152,55.61603149376481,25.26933907632152,99.58437211885573,11.276203314574387,Clean,2.368528765656473,Semi-wet,7,Jersey,Female,Lactating,24,Commercial,Mixed,42.98354294437095,1,7,0.850481081343369,1,0,Negative,10.9814576882616,1.7830167730935136,0,22,Winter,1
37.99804989857383,0.3047789943953393,18.59839183007515,46.93448574991796,25.422916516478146,-1.2518743166061144,20.009515093610943,1,0.49407257743320676,Reduced,25.87074255563882,88.16391585359358,5.851715546698292,60.68116772457537,2.013619224385064,Moderate,3.9681401429885934,Dry,2,Local,Female,Lactating,354,Smallholder,Grazing,41.87758386915097,0,7,4.767475267084074,1,0,Unknown,21.763060866618314,6.527796531674828,1,346,Monsoon,0
36.97664267203101,0.6847975738168204,18.39130869883169,58.098651694335345,27.966487169245507,1.2642080351003817,33.64639930871159,1,0.61773121635463,Normal,26.83629916615225,89.14946048624924,7.3313959414517615,64.78549260595074,11.391691148254061,Poor,5.351834845409901,Wet,6,Local,Male,Lactating,431,Commercial,Confined,42.06134916930966,1,5,0.014486331562605814,0,1,Positive,4.322279470599634,6.794542261421251,1,346,Monsoon,1
38.68349105696962,0.8795571249805885,19.74402310089032,44.25654670241476,29.323303623587396,-2.5644634951568683,27.858292123489264,2,0.8793010465893589,Normal,21.87941230114688,73.3398120983098,26.66536866102269,54.66757528081797,6.547584910834164,Moderate,4.9568511217937665,Semi-wet,11,Holstein,Male,Lactating,152,Commercial,Confined,69.5420759908296,0,1,1.2306890808909987,1,1,Negative,7.621814544165428,3.6445526659294285,1,180,Monsoon,1
39.76335095800185,0.23599745698833952,21.37535803856695,43.15448557814055,34.081325767892196,0.39213608366199,35.29699466069353,2,0.7403284847553586,Reduced,27.92843654421137,45.681694487511464,21.637033711070583,69.53147405755645,3.021226251518196,Moderate,4.184159371489762,Wet,6,Brown Swiss,Female,Dry,361,Commercial,Grazing,40.5942311273556,0,6,3.8107988059820608,0,1,Positive,22.986465024529945,7.769977361385178,0,85,Summer,1
39.69675552872872,0.787321007233317,19.570536462603872,50.92329547013343,23.46459066101432,0.34381463663944206,30.627713577878534,2,0.461722918166691,Reduced,23.110154181901684,53.16044249666463,8.814549937996272,139.36140998704343,8.741613672411873,Poor,2.3259507027135857,Semi-wet,10,Local,Female,Pregnant,159,Smallholder,Confined,95.41627293852765,1,7,0.6147743840276729,1,1,Negative,13.810354635621133,2.4460756930595258,1,106,Summer,1
38.42574224604824,0.47305491676004174,19.814342094036874,45.9931381495135,23.643466521083074,1.543972088029289,27.990912982311723,2,0.9843559883942264,Reduced,31.24928250868912,65.77084811080277,23.42188035060849,115.01980459432566,10.958564257212219,Poor,4.404650988845139,Semi-wet,6,Local,Male,Pregnant,283,Commercial,Confined,98.274968238427,1,5,1.5349095241561166,1,0,Positive,22.175250533664823,4.438401599600425,0,136,Winter,1
38.33867276378294,0.582822695935618,11.671107333014088,41.09591261719529,12.860965214956913,0.07050803599583116,27.083620330119064,1,0.45625610114197324,Normal,32.70664131448445,82.57237250489908,29.308620817045885,123.88569348829111,6.3807281684762,Clean,8.22664750610496,Dry,6,Brown Swiss,Female,Lactating,334,Commercial,Mixed,52.33614294157767,1,3,2.3598261242243446,1,1,Negative,23.636771453878108,7.972163596012296,0,322,Monsoon,1
38.98126455364502,0.9430876398764525,18.200910796662722,50.1614403958638,18.81153159316945,-2.214814085875851,30.896276563336826,2,0.1124506732335332,Normal,33.79798312741827,49.24432484710143,27.58947290397836,112.16614583933278,8.913579040306663,Clean,5.51033828247577,Semi-wet,4,Holstein,Male,Lactating,468,Smallholder,Mixed,55.84440092133178,0,2,2.378511965134561,0,0,Negative,9.285199980917572,6.703278775389859,1,226,Monsoon,0
38.100968736487026,0.4655772037886764,19.918030192006434,38.47471706783355,20.841507555960323,-1.6390324409721841,25.51881244714402,4,0.992654747252716,Normal,19.782285812512228,45.220172950696615,12.384873800962009,88.65392921383477,11.793627201892939,Clean,4.326202780789709,Semi-wet,5,Holstein,Female,Pregnant,246,Smallholder,Grazing,40.76263717433739,1,3,5.836817846567778,1,1,Negative,14.25915451583411,4.153884969292527,1,204,Winter,1
38.881075139891685,0.5722695471515888,20.9157647782818,38.88822847980673,28.30191731365813,-1.972993282846737,22.884564467521002,4,0.0228207300148473,Normal,30.613552494926957,43.72387415945178,12.745848999681318,71.68611327960016,4.40700823713005,Clean,4.438337073183662,Dry,4,Local,Female,Pregnant,79,Smallholder,Grazing,35.559358167674226,1,6,4.053274178819985,0,0,Negative,20.473976900579906,1.3139420155934491,0,113,Winter,1
39.15964816703082,0.2109459318085449,15.230596903064823,39.72005978234387,18.333993255462225,-1.0069159494997104,31.659454735927863,4,0.5498835594877521,Normal,30.234949724436497,65.34837811800234,34.03513415306341,142.56145840098307,10.204494569226881,Moderate,6.435500611951206,Dry,6,Holstein,Male,Pregnant,99,Smallholder,Mixed,98.53265359552648,0,4,0.2221285120244063,0,0,Unknown,7.273045048844653,7.2826402101719685,1,18,Summer,1
39.43615993433059,0.26527897600387074,15.36384290044542,58.530691601664074,26.778040118492996,-0.47435235113589036,27.133072951333425,4,0.30909548869970926,Normal,24.924646958561283,84.2350484797353,31.622144064581487,101.48297815580216,4.952371093471767,Clean,4.418341421912598,Semi-wet,9,Holstein,Male,Lactating,74,Commercial,Grazing,4.065686868571106,1,7,1.328101452404561,0,0,Unknown,11.275347510980959,4.56594360576776,1,337,Monsoon,1
38.63990755411203,0.40687327290782727,15.703597298865606,12.789836440142864,21.99026969821972,-1.9481622893315853,28.201405888414037,1,0.5035521510169848,Normal,32.96338763870747,42.11796213219462,14.55011943292616,98.10998812079393,6.2633759999016,Moderate,7.046378558929557,Dry,5,Local,Female,Pregnant,113,Smallholder,Grazing,41.008623273946675,1,2,3.698586242367716,0,0,Unknown,4.526352836359875,2.8126059421296747,0,143,Monsoon,0
38.57779574989382,0.22228179265685954,20.145655599565373,48.95598834762942,20.936991309311427,2.005992985978434,34.536279016927644,6,0.5587129525945216,Normal,29.072227251660927,50.61607669967673,29.721634690070253,149.61040885935458,4.817658684972608,Clean,9.915636109800921,Dry,5,Local,Female,Lactating,446,Smallholder,Confined,15.1340387182622,1,1,4.2805369706717675,1,0,Negative,16.00835142733284,3.8841407459612554,1,259,Monsoon,1
38.17321044794607,0.7051002608386008,22.135524219696833,45.34271814200222,23.493363814799537,-2.187922057928662,27.316740353585555,4,0.2400958962784876,Reduced,33.86557920933244,74.66285079197509,9.852155891976363,88.39299883884766,6.4601174843412235,Clean,2.3294111820304453,Dry,3,Jersey,Male,Lactating,60,Commercial,Grazing,72.62802683292556,1,5,2.2835775018416054,0,0,Negative,1.0964713247624838,2.831961670641725,1,341,Summer,1
38.203871787576084,0.541118685441298,16.370159570833593,28.191295407618796,19.653061766482946,1.8191551357937208,28.090203553250742,2,0.5568587557372618,Poor,20.66189905148729,81.29317175718577,10.905233039796933,135.4125314892239,2.0508903242828254,Clean,3.3498940455789494,Dry,11,Jersey,Female,Lactating,29,Smallholder,Grazing,19.44456766488223,1,2,5.139430229054334,0,0,Negative,11.334090577628297,4.632916180773328,0,83,Summer,0
38.56411266485909,0.6385161621824176,21.631849254508197,48.097267791360025,19.425776511444006,1.5777445471590108,24.402102931294408,1,0.7560611120055375,Normal,23.4297233834636,80.36997646495848,10.435881615360358,136.23440603168564,5.034388473302715,Moderate,3.4328603623121925,Semi-wet,7,Holstein,Male,Pregnant,245,Smallholder,Mixed,88.46457283974384,0,4,5.660567941370299,1,1,Negative,22.370334815667285,2.5470184799092648,1,315,Summer,1
38.92041930408971,0.3397177487170636,18.49391923665838,49.75751991831532,11.771284565259313,1.147453824533553,30.584439603891106,1,0.26650983724399835,Normal,27.46861773163369,79.25340286601656,7.631623250405455,73.26702103577955,6.4529406393769575,Moderate,5.57656254345612,Dry,5,Brown Swiss,Male,Lactating,135,Commercial,Grazing,37.44779763213525,0,7,3.6843738702952837,1,1,Negative,21.637956618147918,3.844876707705061,1,183,Monsoon,1
39.24815077573995,0.4367456235492929,17.502856891350255,50.896392313574,20.512274756032664,-1.2406499112451257,30.098967476080528,2,0.38342613331390707,Normal,32.862952665486574,46.489990040666996,30.64034348484066,59.48396923501621,8.32240183706096,Poor,2.3313496964269955,Dry,2,Jersey,Male,Dry,478,Commercial,Mixed,91.71487328966383,0,3,3.3743379357756575,1,1,Negative,19.486705070568014,3.696951972884619,1,122,Winter,1
38.218092629591794,0.7310595798821802,17.154463080728124,18.48171936955051,19.12019112310764,0.3136763187653521,33.40465079074335,4,0.2682426931640579,Normal,29.273997278369016,59.861879109145924,22.36420694613726,147.56201157158642,8.373613911759088,Moderate,5.8201726219401335,Dry,9,Holstein,Male,Pregnant,359,Commercial,Grazing,98.6562530085249,0,7,4.504832718529982,1,1,Unknown,4.2466594494420065,5.120519026466563,1,11,Summer,1
39.595613141375715,0.9722421789043199,20.986445458408628,58.663894118544384,18.904114063905524,-2.116056700325927,24.525226977958745,2,0.8205597309882025,Reduced,22.258310092462494,89.23723314158732,12.768682774818156,92.58968641355669,7.837856184704928,Clean,9.431398064613251,Semi-wet,5,Brown Swiss,Male,Pregnant,126,Commercial,Confined,77.11714138661773,0,4,4.692262728931285,0,1,Positive,12.965981274855887,0.6062451427405953,0,181,Monsoon,1
38.53732583937446,0.24033341888176737,19.30231126714828,37.622632953151594,24.501238375540243,1.166360552550624,25.253098182458885,1,0.7249822592095967,Reduced,35.88171155937874,89.4443785794044,30.459650981827824,50.22203220101955,4.930318295922969,Clean,2.092512709541616,Semi-wet,7,Jersey,Male,Pregnant,26,Smallholder,Mixed,62.3158049155331,1,1,1.2926098089436782,0,1,Unknown,17.540199497537373,4.990633995102981,0,323,Summer,1
38.68717962339094,0.9123074566842129,27.10330171059055,51.86567746753176,25.95179171674306,-0.31097717230440336,32.75282439487282,4,0.8711964372184073,Reduced,25.526464109431743,70.12136959770939,29.07940278178461,99.90178338289586,11.474043159357455,Moderate,4.919510937481448,Dry,7,Jersey,Female,Pregnant,40,Commercial,Grazing,14.99016647021647,1,5,2.901419095824826,0,0,Negative,3.3269923568193356,4.948353321238063,1,220,Winter,1
38.25167299251131,0.6615049610489667,14.591101428010703,52.41073780682286,23.393167027853966,-0.8139803218800279,29.513278020177182,1,0.17004989290165928,Normal,22.418327468704828,75.46336023605672,8.028545543832667,111.93003637474504,5.919698237410993,Moderate,8.087150176887718,Semi-wet,10,Holstein,Male,Lactating,271,Commercial,Grazing,93.30603361131595,0,7,2.684595963317159,1,0,Negative,4.38109088435719,3.442162111084155,1,137,Monsoon,0
37.24545584383624,0.651135653404499,20.072406808119904,36.23302914380707,27.972491142696846,-2.035617269984404,22.562691242843833,3,0.07357963815975155,Poor,23.124513031023085,87.56418981426546,24.324181212049155,127.60882474480341,4.1689394123905785,Clean,3.2359560026705205,Dry,8,Local,Female,Dry,350,Commercial,Confined,77.68666569018113,1,5,5.6488007288247575,1,0,Negative,1.9215107350179814,2.351745428909887,0,313,Summer,0
39.230427237816635,0.6002228281662083,15.883195960753948,51.6045995235155,25.45337155498219,-3.9162591779435254,35.839324406407,6,0.11938350385867336,Normal,20.33879727277589,62.49639306206052,26.65500804577312,144.29421182236388,7.545129396679873,Clean,2.620472020212337,Wet,4,Local,Female,Lactating,120,Smallholder,Grazing,28.804577873261493,1,1,0.6705956441219811,0,0,Negative,8.430693270577919,6.794384956289012,1,166,Monsoon,1
39.142106338255466,0.25551526872334673,14.522852052045424,41.145067590876415,20.229662861166148,-1.7578112855536339,17.809296589598496,0,0.1610183328242364,Normal,15.763484451878794,46.84334289418966,26.474820109578918,141.5170628945463,9.489286698809135,Moderate,7.046228298101108,Dry,7,Brown Swiss,Male,Dry,234,Commercial,Confined,46.85019343624587,1,5,5.660822824179656,1,1,Unknown,21.17841370932646,3.0858756624715333,1,263,Winter,1
38.53120346572908,0.27190148138892856,17.956531451860112,24.28622820661843,19.22286228571372,1.4691972934193598,32.70570851958251,3,0.5330826606748024,Normal,26.41703288947136,73.44744377580392,26.694281235618124,144.01358200548685,2.1223357282226623,Clean,2.0796072723960615,Wet,3,Local,Male,Pregnant,63,Smallholder,Mixed,6.766500590790647,0,2,3.435567273263648,0,1,Negative,12.671942825783697,2.837970680522133,1,34,Winter,1
38.740194430334924,0.6807296045272688,18.549409917628143,56.67741925527779,23.876933420601077,-0.804250142712206,20.40872778401082,3,0.9709120703627648,Reduced,19.226982561522398,88.00511524502618,10.083733569471121,53.212514825947274,4.763440073955474,Poor,8.414163929357727,Dry,9,Holstein,Female,Lactating,242,Smallholder,Mixed,65.90003224088981,0,2,1.728317658617056,1,0,Negative,20.625226339504923,3.9737522353555446,1,319,Winter,0
39.009563530622465,0.4727668571484467,29.67269422024037,37.2495503698376,25.442602659411406,-0.45399328567257097,39.314731098913164,2,0.35723541661678204,Normal,28.568338487990413,74.86030469331472,14.452593628063081,121.17741338304677,10.249778526000298,Moderate,2.53482202852879,Semi-wet,8,Jersey,Female,Lactating,229,Commercial,Grazing,12.526466870228937,1,1,5.216060789114498,1,1,Negative,2.9239539518341355,2.584923937277488,1,265,Winter,1
37.76247248586808,0.9338144532621446,17.263416737267193,36.45506537261946,30.38706584218899,0.7833315374326792,18.73240163856626,0,0.9585082693602052,Normal,31.921413251216045,80.16605635118688,30.32535525513387,72.58579628056866,7.070210933855982,Clean,6.194834075362887,Dry,10,Brown Swiss,Male,Lactating,363,Smallholder,Mixed,65.15312848941943,0,1,0.3025493099821108,1,1,Negative,2.290362812919183,6.730725068588918,1,346,Monsoon,1
38.38256839359222,0.5252724298875778,13.479285082061267,40.969341319632775,29.147038269640575,2.5085033171743976,34.91350391123649,4,0.03820079498917972,Reduced,28.883100234231815,61.137440198530754,31.951752506826487,68.7552687205654,6.08488304579914,Clean,7.921021681821817,Dry,9,Local,Female,Dry,233,Commercial,Confined,67.15536613508331,0,4,1.9136411081816638,0,1,Unknown,19.48972459011861,4.737110693817556,0,200,Summer,1
39.1765588077731,0.3146251669621129,19.092042869977544,47.72236725327388,18.751161960956985,1.787506982418458,27.510193839932537,6,0.9268722028146583,Normal,27.219938458169736,44.82315770724255,13.37566659694611,130.03185685992503,11.309012795823119,Moderate,3.9360879099718193,Semi-wet,2,Jersey,Female,Dry,312,Smallholder,Confined,32.46290518627188,1,5,4.515219684953438,1,0,Negative,12.448253648063424,6.157843349790777,1,275,Winter,1
37.94742634609845,0.7717750668016288,9.701439849814527,44.427295891778975,21.38796231923643,-1.6585025057242822,25.800384580967535,3,0.18115260730497118,Normal,19.29572105525415,48.444104327586665,5.690585485332573,91.71296891728798,2.895350971228387,Moderate,2.8283212953819,Semi-wet,4,Holstein,Male,Pregnant,258,Commercial,Grazing,94.86626790859812,0,7,4.966150432615743,1,0,Negative,11.831368021400676,6.0903669855827856,0,174,Monsoon,0
38.87613475929998,0.4346827371528079,17.632172869582938,50.4806692470717,26.02610682950662,-3.1138558571561097,29.11237993880657,3,0.9124749857193488,Normal,31.23024674233591,89.13274147177385,30.793008414983245,141.66000757823358,8.15570200777849,Moderate,3.404982131348449,Dry,1,Holstein,Male,Lactating,447,Commercial,Confined,77.89625058742874,1,6,1.0049873230235673,0,1,Unknown,11.93993336377407,6.411554824981562,1,312,Winter,1
37.88605091722596,0.6203762458847146,18.064101129180642,31.605106334713412,28.407986668353832,3.3394213886501554,31.791402034946877,1,0.05622743011546116,Normal,36.732819602548304,64.65921584971437,16.31275513475248,54.243509079570664,5.42188716243777,Moderate,8.837468575480067,Semi-wet,8,Jersey,Female,Pregnant,84,Commercial,Confined,49.67336550321957,0,3,5.650616386304348,0,1,Unknown,9.764638892972634,7.019043870700248,0,266,Winter,1
38.97985798946012,0.7582662284041362,21.178401531780846,37.576136295692656,27.63381681222875,3.20348741748918,22.573596986014785,1,0.9482194474950326,Reduced,34.04134537387336,40.601029508862496,14.883906678798091,130.2180829487163,2.708233982929257,Moderate,7.6462423332161915,Dry,4,Holstein,Female,Dry,273,Smallholder,Confined,91.85691872866325,1,1,0.322335095472843,0,1,Negative,21.387317263466553,7.395979717458752,1,120,Monsoon,1
38.678615110621514,0.9202112889616563,21.894488997711388,43.84002927678466,21.61673300301192,0.08268039464392402,23.105273648988565,2,0.20079826431886083,Normal,20.347323536744167,87.7683640365587,15.40999039065877,63.68344112825957,4.137445086108202,Clean,3.584784393720782,Wet,4,Holstein,Male,Pregnant,389,Commercial,Grazing,85.58432639569322,1,4,2.601329205183724,1,0,Unknown,12.982933990591706,3.3770679621949844,0,171,Monsoon,0
37.730920910456696,0.833752955841341,15.98572152436913,63.97887292658706,14.475864085428901,-2.1057323683727325,31.897629190677314,2,0.3027140600731607,Normal,26.61016304016601,64.88899559855265,17.470892719029244,67.65772015649844,8.279332130172843,Poor,7.728966377047956,Wet,7,Jersey,Male,Lactating,25,Smallholder,Mixed,69.22182257572597,0,1,0.5846846064769387,1,1,Negative,23.39940952456824,3.8278813344948883,1,40,Monsoon,1
39.398843612674305,0.7410888542981793,17.39754394148027,43.86187461586242,16.00638174252645,1.2448398008409087,17.755942278102403,2,0.4909423441029581,Normal,25.58634992603049,81.81341991459189,16.347998649647632,97.7351715524499,2.2827693385455743,Clean,7.668945361669494,Dry,6,Local,Male,Lactating,313,Smallholder,Confined,15.296531436171223,1,7,0.5861864987005989,0,1,Negative,20.47009679921652,0.8754417132458663,1,183,Winter,1
38.25924505392118,0.743706545916115,14.935516677557317,55.85222263661632,23.635801085916487,-0.3619755290189153,24.494625440847486,2,0.3807208812354752,Reduced,25.009816971322294,67.42290710184467,21.99292697400681,89.55899408727996,7.922488153893509,Clean,9.981800784847684,Semi-wet,3,Brown Swiss,Female,Dry,240,Commercial,Mixed,49.707392552019726,1,1,5.483391741370374,1,0,Positive,17.964133383192777,7.44279783207729,1,287,Winter,1
38.21384853779137,0.9567397152256694,13.487749780769224,45.385551687843176,24.05335347654607,-0.36947168465991576,46.24412172495664,2,0.66752796926315,Normal,27.13539019124619,45.08511418373806,7.368208354945706,98.6172306128671,11.568504212173043,Clean,5.1324481882073,Dry,8,Jersey,Female,Dry,446,Smallholder,Mixed,86.44228725617931,0,2,5.423790260425511,0,1,Negative,15.632783579369741,4.903589072033667,1,47,Summer,1
38.820341518338566,0.43665927799722887,19.23957911752254,40.163413625624315,15.40792375939369,1.1416882646576936,22.191922212464313,4,0.9748077672500773,Reduced,37.82541108717302,70.77847910659733,34.14620582925545,144.00265220310553,9.950960623702693,Clean,8.918827953142166,Semi-wet,2,Jersey,Male,Pregnant,332,Smallholder,Grazing,60.88915468485037,1,6,3.6915501213201605,1,0,Positive,20.208915103587696,5.842358587323126,1,293,Winter,1
39.38918240965723,0.20088967535694993,12.905657805613604,42.53275575885559,22.26741766533563,0.30156212030994783,34.886816750558516,2,0.6064264908049407,Normal,27.53678658793618,89.87001381598046,33.09353103416484,115.73889355635731,5.455970793338457,Clean,5.57154148778252,Semi-wet,1,Local,Female,Lactating,222,Commercial,Grazing,54.551144478604066,0,5,5.797732342762756,1,0,Negative,21.279806292144524,3.770039410529751,0,185,Summer,1
38.090506908612966,0.41756364751855896,16.341492397712546,43.315802879711185,25.7873461418307,-1.9787223665224178,24.484295387717125,0,0.7214854094365493,Normal,24.778284293398556,41.73688913229715,33.032199398464975,79.03093818420007,3.382076463616083,Moderate,9.182081788935735,Semi-wet,2,Brown Swiss,Female,Pregnant,483,Smallholder,Mixed,95.52242002983053,0,6,2.94631969882792,1,0,Negative,4.064539890432066,4.0538593961901785,1,79,Winter,0
38.73700790990878,0.3743131037013952,14.01930416040305,51.036457389607385,15.092640054957135,-0.6871129026229608,31.054270868782865,2,0.0880052503057015,Poor,28.489516831619675,82.08970987575219,31.378328722457404,67.29087123178451,6.650644339129785,Clean,2.7328039927915944,Dry,9,Holstein,Female,Dry,89,Smallholder,Grazing,1.6548065388840572,0,1,4.69713305650284,0,1,Negative,9.274042572575121,4.573823393328285,0,185,Summer,1
38.95728990019835,0.7294676680911987,20.19873274516104,58.746112675765545,28.629983210826488,0.7917293929920199,31.926134143577304,2,0.6278124290700053,Normal,20.43346460690664,51.774039782538246,24.80978906545189,92.00462751309337,5.929504361784054,Poor,3.402501041001953,Wet,5,Local,Male,Dry,84,Commercial,Mixed,1.2046384933596888,0,5,0.5836162524757822,0,1,Negative,19.525326026693435,6.465175849384616,1,99,Summer,1
39.11586336435789,0.7069692798124232,25.205720397065953,48.59680847686321,19.73481310864105,0.5653783336075278,34.773740411097684,3,0.45384977704641316,Normal,23.419620490038916,59.69331113560928,11.633256882452972,95.16410272677376,11.71732960023852,Moderate,8.79963490453352,Wet,5,Brown Swiss,Female,Pregnant,271,Commercial,Confined,89.2820520138679,0,4,2.3737049447862963,1,1,Positive,6.090030228211938,5.097264432470011,1,157,Summer,1
38.80586493316634,0.674769106163779,12.793648068786675,56.870776787417554,29.545678675459904,0.19302486153771364,26.798477039123345,2,0.8857823579196283,Normal,31.931160367631662,58.635475588644766,6.484504614391168,110.12944098995162,11.89868054508422,Clean,8.55440259284316,Semi-wet,6,Jersey,Male,Lactating,202,Commercial,Mixed,3.853721502522589,1,1,3.090551545192887,0,0,Negative,14.482555491610057,6.584077429513501,0,45,Monsoon,0
38.47978329655001,0.21299475456756298,10.587926068409724,35.352102623703146,18.7992853253446,1.2001344317137963,39.93330783252912,3,0.38821109964310196,Normal,27.941721631829374,84.93985971345597,7.979631943452999,76.6002703539768,6.105846563237911,Clean,4.4434703348559,Dry,3,Brown Swiss,Female,Dry,131,Commercial,Mixed,33.25437137052091,1,6,4.668897479328422,0,1,Negative,18.95036172606265,2.1251452818366374,1,87,Monsoon,1
38.20344586761077,0.783022443560518,17.50045245859973,40.85369491185969,15.840247102694926,-0.7425754817258969,24.463980612488918,2,0.6794541440499191,Normal,37.50865043829342,65.22430944159191,14.719775013968167,126.75092470968168,3.4878398352993685,Clean,6.774386545067635,Dry,1,Local,Male,Pregnant,271,Smallholder,Confined,92.4025481792918,0,3,2.0068883824651467,1,1,Unknown,6.150571311602777,2.0437914130876447,0,329,Summer,1
38.75168632982783,0.45882432998839323,18.062791183831035,37.75697465792333,19.251178060949684,0.06800466282860806,29.40532248159736,4,0.2281537282590791,Poor,28.338402229196568,62.358714341721374,20.116490764873564,59.84602454793816,11.106095496429052,Clean,5.0615977768162885,Semi-wet,8,Holstein,Male,Lactating,310,Smallholder,Grazing,69.11525938152693,1,6,5.8820180618903715,1,0,Negative,10.246323928992156,2.051101980766472,0,2,Monsoon,1
38.05671659280864,0.732044791205305,18.87463722702919,48.14444590874852,21.42911126153608,-5.2633686502664006,29.471661593305644,1,0.259372533524196,Poor,20.77087718438046,80.90125544183883,34.79759213554382,106.04533636006545,9.935422756669933,Clean,2.082538794428171,Wet,7,Brown Swiss,Male,Pregnant,299,Commercial,Mixed,64.81589058639436,0,2,4.4089803801305925,0,0,Negative,22.047660513977675,0.5363288531577834,1,146,Winter,0
36.94718970990324,0.6452627428017227,16.21471793906262,41.41041614820586,19.669120559371116,-0.8744752907642208,21.26819128030351,1,0.3761224309222736,Normal,19.0747028253298,42.445356715247385,18.063304753837976,112.35316532441112,7.112742066556976,Clean,2.208833012537016,Wet,8,Brown Swiss,Female,Dry,313,Smallholder,Grazing,65.69983151556464,1,3,3.1978074486883834,0,1,Negative,9.188054260622751,1.842977342418058,0,247,Monsoon,1
38.9619358824946,0.4741847403423258,17.197442804698273,52.297729370341955,20.70399147056132,0.9458543628634666,26.284766470125277,1,0.3040635375065027,Normal,32.00822709830179,44.32281575476119,20.739382714741303,70.68315810651453,5.653546430151414,Clean,2.4340509238526113,Dry,9,Jersey,Male,Lactating,22,Commercial,Confined,31.764297884909688,0,2,1.9845895861142815,1,0,Unknown,14.90855841985158,1.390601848286091,0,157,Monsoon,0
39.24236090465172,0.30766101368328624,19.470041642162407,35.68998288367558,24.00379089805714,-0.7855917006757138,28.969080995430446,1,0.25387883939007483,Reduced,21.792366662600283,41.084442843814465,25.85471741564242,132.60113504996212,6.481658275997274,Clean,6.7525772346046296,Semi-wet,2,Brown Swiss,Female,Dry,198,Commercial,Mixed,53.05335910125811,1,1,3.8522919396908755,1,1,Negative,10.978431823071475,3.903157701727611,0,296,Winter,1
37.2822405386749,0.27553511812838477,22.161723570579355,45.430309733212816,20.972923781221603,-0.899341087575668,25.40727374122348,2,0.049668705900809296,Normal,21.34438256619751,74.39914520037753,10.422019113433887,111.54321252076775,11.018811753051104,Clean,4.233821882444223,Semi-wet,5,Jersey,Female,Dry,208,Smallholder,Mixed,62.99730640468648,1,6,4.038378222004716,1,1,Positive,21.171782548233633,1.454305352833321,0,3,Winter,1
38.09416157717404,0.8652146664897788,10.17980491872687,51.86857911012256,21.60332563628796,-1.7621794276622278,42.64554379273921,3,0.836746331752459,Normal,24.425077378174805,66.28080685395906,32.98481004686767,114.57222146479728,3.846434477635385,Poor,3.1515863865191243,Dry,2,Local,Female,Dry,187,Commercial,Mixed,30.571532569161263,1,1,4.075092117801924,1,1,Negative,10.755395100153757,3.618887617750345,1,225,Summer,1
39.07149255660312,0.9347180336652465,16.524242243874152,24.346972249593897,11.744641604784423,1.3050488390937185,22.968257958402816,7,0.06430153089128432,Reduced,31.98129035890367,83.80110629341414,20.871038175282024,99.77435057634385,10.06783521123471,Clean,9.5290488675511,Dry,8,Holstein,Female,Dry,73,Smallholder,Mixed,79.53639158041261,1,5,3.5171954263503045,1,0,Unknown,9.262234862258733,7.99627336434058,1,314,Monsoon,1
39.93449728182702,0.7198304374114397,18.855235175764253,66.21631307330203,24.350188096062837,0.6226949103108561,35.076546808842565,3,0.8873655156029676,Reduced,25.161380297143676,64.92664514863029,13.287690368053058,140.95942171763386,2.1819063282715536,Moderate,2.970549336649727,Dry,4,Local,Female,Dry,85,Smallholder,Grazing,32.174835876551654,1,2,2.402905153300012,0,1,Negative,4.985268364009089,4.2752529079214066,1,327,Winter,1
38.71247622460525,0.2827472918883867,14.328095581557056,42.16848115120124,21.46478021384999,1.0381218967346275,33.138758878892716,2,0.12546538906806026,Reduced,22.791942110560175,51.090978638099706,33.053269590165215,119.39275814876244,11.20571993142085,Clean,7.391853731399022,Semi-wet,11,Brown Swiss,Male,Pregnant,134,Smallholder,Grazing,7.144415350053057,0,4,4.899930923393086,0,0,Negative,9.032570971399215,7.434853775251001,0,350,Winter,0
38.26319823526252,0.5216217735105926,24.924678527069197,24.74960086323827,31.661757882897227,-2.7893209429368344,27.91682719297437,2,0.06526173706265903,Reduced,33.06303526645745,80.2573686552208,23.763518556768503,88.18355648957626,7.002972796462057,Clean,9.153281462581269,Wet,4,Brown Swiss,Male,Dry,335,Commercial,Confined,20.14545737841137,1,3,1.5496432857141862,0,1,Negative,16.399750973011457,5.764312067958666,0,219,Monsoon,1
38.5902621353371,0.7831513600841258,15.458360479085052,46.58093898576786,16.36260899647625,-0.44067506489845093,22.808745676886517,2,0.5630047639806971,Poor,32.209749469205974,54.716192711631145,19.510691937476313,73.86058877840861,4.267478263411721,Moderate,3.3106373379075977,Wet,10,Jersey,Female,Dry,290,Smallholder,Grazing,40.84104184115643,1,6,3.752320271036066,0,0,Unknown,5.0436491269874075,7.207405476431379,1,166,Monsoon,0
39.524925851488916,0.8238567072080545,17.83482925197087,45.33443467973151,11.150228029002914,-0.6201665116250092,23.39046807764938,1,0.5024417925747218,Normal,35.33533074178736,86.78448910761045,22.404677298823223,57.106167482348724,2.0285650281718244,Clean,3.717837457829721,Semi-wet,8,Jersey,Male,Dry,233,Smallholder,Mixed,90.8055888144169,0,4,2.830030749163722,0,0,Negative,17.223606494070058,5.191855080910654,1,157,Summer,1
38.31242149252528,0.2945748978328709,20.224088387369164,44.18105620427507,25.708410963580253,-0.6208575598978288,24.89219620470094,1,0.4912345688318851,Poor,33.75665273553827,52.521194392612024,27.449066567156798,66.53608371803595,7.595464687447742,Clean,6.590508268607657,Dry,7,Local,Female,Lactating,449,Smallholder,Confined,41.57616918724971,1,2,5.357026339275309,1,1,Negative,1.244881704848928,6.575709078196302,0,159,Monsoon,1
38.22048479600985,0.20002457507630594,15.634860844792422,54.91191112926666,24.079162109878002,-1.1240413155769338,17.285552308322423,3,0.5745043275013978,Normal,32.29458017947642,48.38603264351434,9.6361401107886,149.26829520836597,4.444878705598381,Moderate,6.067589491030382,Semi-wet,1,Local,Male,Dry,129,Commercial,Mixed,8.980380157404289,1,4,3.5433293492663513,1,1,Negative,9.43991912426076,2.7710027197608347,1,126,Winter,1
38.410353886690785,0.769709636704484,10.613707808782332,52.47444971427056,15.949401876813125,-0.7191564076700228,21.979207445204256,3,0.28705660611915573,Normal,23.243791396161473,64.66619957553439,30.94491292109676,90.67668959916402,8.312643360108433,Clean,6.16821933509014,Wet,7,Local,Female,Lactating,202,Smallholder,Mixed,19.64567666343835,0,2,5.134025510131709,1,0,Unknown,11.716501103955393,3.2893168162048108,0,193,Monsoon,0
38.128002835044775,0.48527694078896455,16.285381892333866,47.978761910238454,12.821506269975451,1.0744671740599776,19.105140907818146,3,0.6629492734296112,Normal,30.2951431324629,42.525755898512166,33.78520430894639,139.86872272774067,4.811692814520472,Clean,6.437424752144709,Semi-wet,10,Holstein,Male,Pregnant,279,Commercial,Confined,54.44674863125424,1,5,5.719898098243634,1,0,Unknown,3.210767775955643,7.701948569466818,1,361,Summer,0
38.77360218959688,0.40358506529460825,22.117762223708162,49.501556339466475,31.22438038410574,-3.0692770300217442,36.0752500190663,2,0.5024022197071832,Reduced,33.073176370318265,41.82058642413088,22.009989552502233,67.05693568852644,2.880240291902269,Clean,9.599223327688353,Dry,3,Jersey,Female,Dry,43,Smallholder,Mixed,17.76560047033443,1,5,0.762144787370066,0,1,Negative,16.734240197811665,2.5065034516602225,1,299,Monsoon,1
39.67480707508174,0.21031797583162037,16.652419492859444,43.956415505619134,30.484662343640693,2.46594215204568,31.71077435432931,4,0.33474346695732526,Normal,36.278991212873265,64.8007272627729,25.468125403927942,92.53608713408497,7.050516298435594,Clean,2.4307043357355997,Wet,5,Local,Female,Pregnant,358,Smallholder,Mixed,6.395461216093512,0,4,3.3311546851508176,0,0,Negative,3.363408915212287,3.660290133342107,1,155,Monsoon,1
38.89384756386962,0.6322395254091997,14.614262794164086,62.75490849240048,7.075259447763223,0.5257616875396922,32.71584459319276,2,0.8265006669807281,Reduced,27.855623125315635,50.75534403973938,30.795004425387223,146.05184670334486,7.644857362881444,Clean,8.083588165558552,Wet,8,Jersey,Male,Pregnant,113,Smallholder,Confined,71.48284653782899,1,7,5.303854722730803,0,1,Negative,3.069121188182576,5.383690967550203,1,155,Monsoon,1
38.54858789872423,0.8809205883407853,21.702688838010886,30.208039816422335,19.250661824460995,-0.26349784349031913,31.532991709251686,2,0.7277210963267101,Reduced,24.540202022625788,40.467631919759064,16.244318942495013,59.113225141929995,6.525900255395507,Poor,3.860051379253867,Wet,6,Local,Female,Dry,275,Commercial,Grazing,78.43473952954942,1,7,5.2324421918520425,1,1,Unknown,9.46246122098355,3.443023958632471,0,118,Winter,1
38.524913238650676,0.9661053170180705,16.676900415907788,46.396516742158965,31.985152328703396,1.1602512195593895,29.00180574000498,2,0.39361034194462197,Normal,22.57934168964578,54.802845571576086,34.78495384647195,109.39842838125028,6.580355543297814,Moderate,4.989421361379057,Wet,8,Holstein,Male,Pregnant,233,Commercial,Confined,85.06332352103776,0,4,1.1754559126097073,0,1,Negative,17.980863312028788,0.6570877687526093,0,325,Winter,1
37.76208551478201,0.6525959604906314,15.95935674539913,45.6502463118878,19.1436246533328,-2.3777521177526526,36.76408199277482,1,0.8476177852288728,Reduced,31.897151761749107,63.8683676923296,25.41504107920693,141.9171900696302,7.896501279000153,Moderate,2.7143289837205122,Dry,5,Jersey,Male,Dry,378,Commercial,Confined,84.3934161359132,1,6,2.8882019670402714,1,1,Negative,23.16452407179601,6.441728000726059,1,3,Winter,1
39.2298658662883,0.6115690621919154,18.597824358653238,53.13280406064593,19.056326595840083,-1.197051357726521,24.335424065609576,2,0.9202582501117742,Poor,23.666346272365697,59.71443507302116,17.719960950739463,144.96833729542504,7.263535094101535,Moderate,5.565014153228349,Wet,10,Jersey,Male,Pregnant,59,Smallholder,Confined,37.925958006637586,0,7,1.3385791209258475,1,1,Negative,18.848410165005202,3.0173680553625433,0,157,Winter,1
38.653297681792324,0.2680451083913929,21.08300083847515,36.561461225751,20.30344403422379,-0.38161314858583084,28.64001793220227,0,0.5368662670843625,Reduced,27.536216741980226,46.77347330802115,25.320139250048815,134.60074771117758,3.3256753886265815,Moderate,8.433754018200972,Semi-wet,9,Jersey,Male,Lactating,302,Smallholder,Grazing,73.4469982092362,0,2,5.380906024750811,0,0,Negative,11.71810788308948,2.2074858576028027,0,359,Summer,0
38.591712051845626,0.6390982412340798,27.526854126930182,27.56327397603464,15.274618157391044,1.8483405556482662,32.48235296694474,3,0.21495245015692077,Normal,22.598671802614838,68.98374139159887,20.650400975403095,135.59344323601493,3.9708564648503235,Moderate,2.7899227082636395,Dry,11,Jersey,Female,Lactating,482,Smallholder,Confined,58.35388594836856,1,5,0.01937605795956232,1,0,Negative,7.269739185766744,4.291742811913537,0,141,Winter,0
40.615864540706916,0.5039832631723158,21.308944430629694,46.56823016098193,11.771345534631735,-0.2697448716898369,20.072744608863225,3,0.9157921565469869,Poor,26.20539170688657,75.51664955738185,8.349247146150955,115.21829541174655,3.4179104142905006,Moderate,4.204828785762392,Semi-wet,6,Holstein,Female,Lactating,455,Commercial,Grazing,2.336430183324645,0,6,1.3103998530585619,0,0,Negative,7.932515854541862,0.5632440387975621,0,353,Winter,1
38.87925174501942,0.6857082247068615,22.639359865553377,47.812304922186044,28.315283864408492,0.47508200677771933,46.579533376855295,3,0.18947962009551722,Reduced,29.194928849818083,73.77695810816476,28.875959143079555,72.04231080949926,8.932955822197458,Clean,4.9844936694162,Semi-wet,11,Local,Female,Dry,56,Commercial,Mixed,40.15981097078666,0,4,2.4542038867800064,0,1,Negative,7.525068401799149,6.9791988369958124,1,60,Summer,1
38.248925369942896,0.5109810783012374,15.976135204048578,59.89599409447649,10.942378562513946,-1.0843684939041915,28.171394576665516,3,0.04842322641726915,Normal,28.346252866536496,59.688096064163624,21.931267407587963,123.06785444849197,7.28598412166966,Clean,2.8311936247011387,Dry,9,Holstein,Female,Pregnant,276,Commercial,Confined,5.287895923513208,1,6,1.3268195262750813,1,1,Negative,7.401423942099636,2.4601247099967334,0,84,Winter,1
38.44418544227668,0.3922392987602934,13.896527576122095,32.296379536749136,23.483628712652536,0.5302631034512364,28.851936703453557,1,0.32748700887313087,Normal,30.6897445387589,46.8798075585557,28.87536673621666,147.8384464458723,6.298551235309283,Moderate,8.098534479815468,Wet,4,Jersey,Female,Lactating,223,Smallholder,Mixed,8.335605544029868,0,2,5.841487952924709,1,0,Positive,2.5892077177756345,7.420601079298384,1,323,Winter,1
39.38906742551806,0.27597222018270123,18.249325398476493,56.5469376671672,27.3194769565459,2.315859389461685,35.54126819004953,1,0.7269663444610398,Normal,20.129537514542065,64.97433867453614,9.647358211023974,102.59335146728108,9.983389952728494,Poor,8.295576225739403,Dry,2,Brown Swiss,Male,Dry,412,Commercial,Mixed,5.60024471433792,0,2,1.4641595670030214,1,0,Unknown,6.070255885517718,5.583175578266701,1,198,Winter,1
38.76796224632266,0.45193475567111663,18.428679661038384,68.67414364027121,13.29264220659305,1.293290037511171,33.489731998061345,2,0.9232740863535495,Poor,26.417282970201597,84.52158774685414,21.15071470402327,76.06973590769012,5.2579465976080515,Clean,8.687159982239745,Wet,8,Holstein,Male,Lactating,230,Smallholder,Grazing,96.09465382986572,1,4,2.173889626709748,0,1,Negative,3.48233211080803,4.614866200750407,0,363,Monsoon,1
37.83703321300958,0.27731586743020187,13.685949034541611,41.22235112477523,16.45438958442957,-0.32218398166681916,28.228468116378753,2,0.6372856468144399,Normal,24.648997762958714,63.43614244706164,27.998728166387387,107.34710677649977,7.68106663090961,Moderate,6.671169638450546,Dry,5,Brown Swiss,Female,Lactating,421,Smallholder,Mixed,84.4200990800767,1,3,1.0444298848263338,0,0,Negative,1.1695968598059014,6.546915720558797,1,337,Summer,0
39.251537360745125,0.34151756065918715,17.298821880383947,32.09057780506776,29.27907513034954,0.8132362708982046,28.780776628588253,0,0.95183854696666,Normal,22.088240105752888,49.78405248707938,34.64913702772395,119.06103562406165,2.7440760149019843,Moderate,6.057910566835007,Dry,2,Jersey,Female,Dry,142,Smallholder,Mixed,43.91044775001801,1,6,5.560016451824855,0,0,Unknown,7.568839003527991,7.94942354862944,1,303,Winter,1
38.29911354867661,0.9898689268636367,19.597270406876525,40.93025633626629,25.19735032136224,0.6662754319108177,18.975108814312126,0,0.09237083927589662,Poor,23.252431141199505,44.65266515468652,31.53191829155776,70.82803094244132,9.44404083825112,Clean,4.100419563769936,Dry,6,Jersey,Male,Lactating,314,Smallholder,Confined,24.799746776457667,0,1,2.4676590457564536,0,0,Negative,9.100401449969288,2.3840675941130582,1,97,Summer,0
39.82397866573053,0.5552828455252949,19.44157358007232,45.140049673713804,18.296285758726675,0.5598815075459136,24.661205332900142,0,0.060753729588020056,Normal,22.529590750420944,87.19633190494397,30.93048881181918,121.91893476094225,8.951924448155898,Poor,7.241263738324382,Semi-wet,3,Holstein,Female,Dry,478,Smallholder,Mixed,7.24508295230436,1,2,1.5710882477672579,1,1,Negative,22.3309685988659,3.163220842487542,1,161,Winter,1
39.34802883942879,0.6254974132040132,20.01715141353709,50.63787875006915,29.213494020167026,1.4679300412906133,31.10326129695376,2,0.604191950743664,Poor,28.749654199921796,77.15047044384575,12.42380414439194,108.74328588843919,10.02379629296882,Moderate,5.556507885244348,Dry,1,Brown Swiss,Female,Lactating,478,Commercial,Confined,43.11962514943111,1,5,1.4767134423429906,1,0,Positive,23.880899101079173,4.133184129929996,0,6,Monsoon,1
38.43160686260475,0.8988948229897724,19.16385892054977,39.08605270161952,29.239214340725816,1.4567165557561996,30.66335703425732,1,0.9661163224927548,Normal,29.000694498566048,55.64834863502412,30.139538051271423,111.23499091480522,10.844759580165537,Moderate,9.766211248619108,Wet,6,Holstein,Male,Dry,305,Commercial,Mixed,60.03528810575821,1,7,3.5136959901875953,1,1,Negative,14.327063738417701,4.546082377457866,1,334,Winter,1
39.46860981704107,0.9964551203925502,15.971965362919777,60.55198534147342,23.614316158094244,-0.39073789531232644,35.32699450002452,3,0.502721308954724,Normal,31.378121098935807,54.76762031025872,10.078438326288893,80.59879297398342,9.580282672954187,Clean,9.745435975795653,Semi-wet,11,Holstein,Female,Lactating,295,Smallholder,Grazing,79.71033231117659,0,6,5.865872133382666,0,1,Negative,21.722620763977336,4.647279675648914,0,326,Winter,1
38.740713306316444,0.6661715594757452,15.944397493404628,33.854676849919386,16.599038632758024,0.7628185922166537,27.276993650660053,1,0.05151522593930513,Normal,28.640314353679898,84.76092433612988,10.943229936453006,65.52668101112012,10.444898901272937,Clean,9.241641054540501,Semi-wet,8,Holstein,Male,Pregnant,263,Commercial,Mixed,5.15609861776446,1,1,5.845032529579505,0,0,Negative,15.219198783059564,4.617293786348222,0,323,Monsoon,0
39.21166420507333,0.8499790568353374,13.204194408024495,27.607948478272,19.519307779169228,-0.7746423817396906,19.6762809194148,2,0.22121865607745617,Poor,27.79401965651775,48.878411740482555,8.303502312304161,112.3449895305657,5.456545989617245,Clean,4.880713104114656,Dry,1,Jersey,Male,Pregnant,269,Smallholder,Grazing,41.78700175166655,0,2,5.8900846008566194,0,0,Negative,12.444291897092484,6.711812127550091,1,357,Monsoon,1
38.99083969037669,0.46155281946934024,25.13910015674038,56.06710424287317,23.71832046373234,-1.5846085944733663,34.340382584654066,3,0.24479290641577067,Reduced,27.39445568881571,66.75186448282723,30.727895921413616,108.62329891525718,5.433373620149397,Clean,4.943779642832473,Semi-wet,3,Local,Male,Dry,162,Smallholder,Confined,97.68574456335138,0,6,2.3198590097386824,1,0,Negative,1.9817147013358842,3.5345047871187476,1,280,Summer,0
38.19218600700548,0.4445951659578329,18.05380145847717,22.253789687938003,20.868431025115072,-0.6042406335559796,36.61653607709209,1,0.33785712913695,Poor,30.378289355433118,75.67521375896507,8.24763489353956,83.80121877138049,11.443008198998163,Clean,8.821385312349726,Wet,6,Brown Swiss,Female,Dry,268,Commercial,Confined,12.072053541261784,0,3,5.486515082181112,1,0,Unknown,2.0257108284663015,0.5822840562745297,0,205,Summer,0
38.31387010060953,0.5221629767956482,17.100587776820593,42.95870231127284,27.633743069409107,-0.314417227609374,33.38946743713738,4,0.04360338358621263,Reduced,16.4657213615056,59.81951759828448,9.1433443923503,79.58936675458872,11.145745363262048,Moderate,7.833079453931729,Dry,10,Local,Female,Pregnant,339,Smallholder,Mixed,40.029939478589284,0,1,2.6663431925181245,0,0,Positive,1.7083413340826414,7.067702398910035,0,321,Winter,1
39.3179764905487,0.7380058101389193,14.284831674190166,76.17681129208047,12.821355519343982,-2.6923714837669883,27.018197974855052,1,0.9048927004979163,Normal,26.704344748202107,41.99511712715443,12.376614502471575,84.7244461662284,7.484973411052225,Moderate,7.63488775854435,Dry,3,Local,Female,Dry,394,Commercial,Mixed,27.505532361569518,1,5,3.0634020640740194,1,0,Negative,4.451847334455326,5.466891396377103,1,243,Winter,1
38.49913480073608,0.7457533514040791,29.74263160931111,44.87956447040069,13.034418825602568,1.0904988391250805,34.26631631125947,2,0.5155639447214952,Normal,28.58601118577923,51.387940685976076,22.17987227361923,98.98833384988203,5.665587852726459,Clean,4.236888088672926,Semi-wet,7,Jersey,Female,Lactating,428,Smallholder,Confined,13.403935540630963,0,1,3.1193999496651212,0,1,Negative,2.7687462401760037,1.9211114520705777,0,181,Monsoon,1
38.457810922054804,0.45219154771956066,13.706687871108418,33.7923234930375,23.085226668894595,-4.350988133903598,48.57346286804928,1,0.6709307929541091,Normal,35.948153483198595,85.09040687211868,31.40540555901209,147.4819735111161,10.660015302588004,Clean,8.666788892435807,Wet,6,Jersey,Male,Lactating,452,Commercial,Confined,83.8945688240987,1,6,0.3815515203837345,0,1,Unknown,5.477608799539677,0.7220067188941516,1,128,Winter,1
38.12692645239039,0.306567939309303,16.284608297575705,44.426025362132066,19.050733517158573,3.8722254092294817,28.690913886642853,4,0.06717283689500897,Reduced,21.442122921941465,66.15594834197772,17.546844657667044,126.35646220262063,5.234111324273662,Moderate,6.6353645781035455,Semi-wet,9,Jersey,Female,Lactating,86,Smallholder,Confined,69.71152103439753,1,7,1.062406979712275,1,0,Negative,12.941826581954464,2.8683489295038394,0,100,Summer,1
38.95415943935608,0.7059170051724069,19.663347345144242,44.49199211380466,18.237708311813556,2.0528187006944782,20.129579846529253,4,0.0541154678036494,Poor,21.265701640198078,80.77206232439849,21.388578475753555,135.17397391654885,3.536350828944444,Clean,5.574924593908585,Dry,6,Holstein,Female,Lactating,141,Smallholder,Grazing,41.1556484235082,1,4,5.316563170619093,0,0,Negative,12.573619872145265,1.433358004261748,0,288,Monsoon,1
39.93751495154589,0.3026606897510116,20.40085186297711,46.60649940353117,11.391659684953616,-0.5915130862584703,24.482289702687087,0,0.5864677720405472,Normal,15.645173604361823,67.78427713953087,9.994681998717589,100.5649568903531,8.3949267500548,Poor,8.923376992864608,Semi-wet,7,Jersey,Female,Lactating,254,Commercial,Mixed,36.906728274270066,0,2,5.378138807283483,0,1,Negative,8.916204170946017,7.2261912679682005,1,69,Monsoon,1
38.05948025144744,0.6627940065834641,21.831728220862736,51.6226298215962,22.11727506878909,-0.18586045915434016,31.752856001824306,3,0.887296010504208,Reduced,20.046096982833667,87.18010478561517,12.978375676933748,102.61236117787769,2.426218097329669,Moderate,5.153678110256912,Wet,2,Jersey,Male,Lactating,301,Smallholder,Confined,82.77487594684669,1,7,1.211960787256658,1,0,Negative,16.317426611422317,2.583997591788545,0,327,Monsoon,0
38.71453167400366,0.7547377024450472,25.230434031077053,34.608888316322606,21.683469351995406,0.25445781038092474,18.37117413461162,1,0.528482000959547,Poor,26.243477153881532,85.45670377784225,9.017772874573247,70.43246614370277,5.79101906166488,Moderate,7.231406494942124,Dry,10,Jersey,Male,Lactating,448,Smallholder,Confined,9.078384565173947,1,4,1.8158258237468707,1,0,Negative,10.014241888821047,5.792495677619753,0,242,Winter,0
39.54733233324926,0.7604891971155614,20.02463062184285,61.87548055236793,25.920873891710443,-1.083740581983413,29.016418449472418,2,0.8778191725700715,Normal,23.379834495071066,64.1444021005201,17.297565346012693,122.10458363010784,10.07663815694622,Clean,5.727241456033112,Dry,4,Jersey,Male,Dry,239,Commercial,Mixed,14.683328045132615,1,3,4.978853936270378,0,0,Unknown,6.065524851015834,5.434918721446284,0,45,Summer,1
38.65221516525257,0.8027776885276774,13.775876800133329,47.45114284372618,22.413436798725833,0.08892872138040453,30.282019901895296,0,0.8109912730552393,Poor,23.2730920791957,55.91370127181747,22.71006976034577,92.15840057906362,4.9521619569283475,Moderate,6.74190244936845,Dry,5,Local,Male,Pregnant,145,Commercial,Mixed,90.65500080935381,1,1,1.2250085912910382,0,1,Positive,16.91952115835649,5.854811995807756,1,32,Monsoon,1
38.97142307774984,0.8982875372525316,16.972219499512875,52.26794046401804,21.20437553055702,-0.41599996655249166,37.21073043887591,2,0.07585378579492075,Normal,27.11464486051283,70.0834393672805,13.520585901003624,124.24468588177112,11.313154790735332,Clean,2.3243717731878286,Dry,2,Local,Female,Lactating,281,Commercial,Grazing,81.7206654050729,0,4,5.284947742812337,1,0,Unknown,23.544693092502484,4.475316940553485,1,28,Summer,0
38.06256388311188,0.5999671935718307,19.23132949005554,38.718506002443576,29.06200382074202,-0.341409075846449,35.8611691363258,3,0.2019574743856899,Reduced,29.911530242514324,73.74438408347368,30.37987566724378,90.90553813126255,11.558246666166374,Moderate,5.688921305411073,Dry,11,Jersey,Male,Lactating,257,Smallholder,Confined,77.48777625712334,1,3,4.939146301935904,1,1,Negative,19.646218897039482,5.972605844811568,0,353,Monsoon,1
38.95698425832459,0.784199351623657,26.272904166023295,57.86382136995533,14.1251961793087,0.07219159522095803,33.187508750510624,0,0.6577106691553425,Normal,27.062525076718146,64.91775461503158,34.437150530199034,60.85171872139081,10.15816300765119,Clean,6.451930459974194,Dry,10,Local,Male,Dry,51,Smallholder,Mixed,62.39759243038153,0,4,4.845301345661914,0,1,Negative,10.523186841437159,4.342940801561982,0,238,Monsoon,1
38.58771344099728,0.6953381882926695,12.408778086302812,42.42947591186935,25.218335313085458,-2.170291697530992,15.023925936912823,4,0.44350138255004157,Normal,27.133492045179285,81.11416105475473,8.60464556943743,67.30536877858835,11.876433189920627,Moderate,5.9417546779968475,Semi-wet,10,Jersey,Female,Dry,222,Commercial,Grazing,29.24500515733869,0,5,5.3504751544327895,0,1,Negative,9.640370295923999,3.3320537270554,0,270,Summer,1
39.29143799740792,0.34931195183814606,22.81030602090091,47.775525134935314,11.973117011227906,-0.1406454137995278,33.52631876828755,0,0.29069981364692055,Normal,29.018046063145388,49.16642608924414,5.535801680459724,131.15700780746835,7.307641115114377,Clean,8.77928298005455,Dry,10,Brown Swiss,Male,Pregnant,480,Smallholder,Confined,93.4786605260418,1,4,5.321524313568011,1,0,Positive,1.888920431481917,6.938308691747556,1,141,Monsoon,1
39.412431630938855,0.22055171589552655,18.719657478185667,35.668939228128906,16.969828719995153,0.04517161992621585,32.23308031636148,6,0.4186338560479791,Poor,17.836454574584444,56.72059153120162,28.693307221843515,75.86164895589326,7.691995521389716,Clean,4.488991798334532,Dry,7,Holstein,Male,Pregnant,292,Commercial,Grazing,49.18688217346716,0,2,5.503247425877604,0,0,Negative,16.11267097573279,3.940446516972284,0,168,Winter,1
40.25373818521117,0.427633108541547,21.351322140917922,35.030683735978734,14.724057204260117,-0.006725567966128554,29.53566626247008,4,0.44519964627063435,Reduced,27.64497293617347,74.31881786832264,10.719280334100347,76.43544225670693,10.361668152704784,Clean,9.072612248036323,Wet,4,Jersey,Female,Dry,193,Commercial,Mixed,28.06195311644022,1,6,5.277253315028718,0,0,Negative,6.120351049748403,4.760278144679282,1,113,Summer,1
39.047779903928145,0.5544269650700955,17.59202113345627,51.882053064528826,26.69165521271151,-0.5237461331542317,17.618667243127085,7,0.9105522508215965,Normal,26.62533690188395,52.33419326937786,15.594397779825771,142.93680900023315,6.928052557880904,Clean,5.227695759255123,Dry,9,Local,Male,Lactating,328,Smallholder,Grazing,36.55746066129586,1,4,3.6415338922787726,1,0,Negative,16.72091442037926,3.9875399983805018,0,113,Summer,1
38.895477789949304,0.6936847555429251,14.630269479494695,40.56393169792614,21.607538598427634,1.5067866639540577,23.33935654487764,0,0.10345828370495302,Poor,26.964499388921325,61.992237234181694,16.82693654827431,115.76356228668494,6.0672000683306955,Moderate,7.5562138580852505,Dry,8,Holstein,Female,Lactating,257,Smallholder,Confined,1.6841015195934617,0,4,0.9463509825919718,0,1,Negative,18.483895925920653,6.316239961593293,1,286,Monsoon,1
38.8166305809464,0.8799674644025643,21.00349111760533,36.46176912495623,21.918980532442138,-0.7304788323223268,20.999063382795605,2,0.279730746807615,Reduced,24.079701347827548,88.18667733141464,32.497981667028334,61.43075538843563,8.14753591174539,Poor,2.693781824058382,Dry,10,Local,Male,Lactating,375,Smallholder,Mixed,25.51590618280457,1,4,3.6548434572834445,1,0,Negative,21.235309496694494,4.548155289525566,1,34,Summer,0
38.48810022431359,0.3569965733649325,20.617724108422486,38.5681665797297,15.359602073623295,0.14098886023478546,15.909949362957455,0,0.5375648165827139,Poor,25.972636161835425,71.29379863432871,24.76514647298486,64.35852701319342,8.57659510848882,Moderate,3.6012326685505816,Semi-wet,9,Brown Swiss,Female,Lactating,497,Commercial,Confined,18.795610865656364,1,7,5.653269968649613,1,0,Unknown,13.609750195257217,4.0308430966106545,1,46,Winter,0
38.90309030607702,0.3004398319187817,21.88822786295889,51.98953071717421,20.201839024402666,1.7459463008883185,27.982509091511233,1,0.6982869266305917,Normal,29.01323209238316,87.45286173205628,6.218284709086722,77.23674327202794,9.508958216961663,Clean,8.089328089130174,Semi-wet,8,Brown Swiss,Female,Lactating,407,Smallholder,Grazing,13.555664207119445,1,4,5.80605002162113,0,0,Negative,20.08948492949348,2.4336901787167906,0,1,Monsoon,0
38.52275915391659,0.9707839579794622,17.946781458485457,38.70962138796389,17.41920818014533,-0.3190642100304685,23.21306727134332,2,0.6306372889592436,Normal,35.04523892751265,76.1220701624288,5.444307221424638,109.39956878266328,8.682006972600853,Clean,2.0986294843091233,Wet,5,Holstein,Female,Dry,481,Smallholder,Grazing,3.2139993180154147,0,4,4.370781385229641,1,0,Negative,17.633261985134048,7.336563079030891,1,187,Winter,0
38.80107658576177,0.2864356475011257,15.600711906720603,43.82345068397836,24.300730089125295,0.12169490120132698,43.751833481613474,2,0.9416427377373945,Reduced,18.543145885898603,76.23333848335864,10.987042925908405,125.28254699056728,9.457217952633286,Clean,9.748221913176796,Semi-wet,9,Brown Swiss,Male,Pregnant,129,Commercial,Grazing,22.68754434174598,1,1,4.163012969238476,1,1,Unknown,9.118566939442282,6.973776554931192,0,170,Winter,1
39.490558521364775,0.5827928560857514,11.764852019904634,45.15027750287097,16.053453188010316,-0.34457695447234565,26.987368363372543,2,0.7956089248194732,Normal,29.858919451244613,69.59285868451028,14.545158226181341,77.4496443453197,8.745596708887524,Clean,3.5250312085057214,Wet,5,Jersey,Female,Pregnant,431,Smallholder,Mixed,10.35187180704047,1,1,5.6306102376727205,1,1,Negative,3.4478633524164786,3.7362024541426213,0,242,Winter,1
38.09607446083222,0.6684509830346415,21.277493072557625,25.82651113989701,29.978766191230456,1.656054690345399,35.762518935195764,1,0.5570768419744303,Normal,33.08931757501111,47.11042974073634,19.53571502259797,137.06420374149644,6.804452385001788,Poor,9.210431889960986,Semi-wet,8,Brown Swiss,Female,Dry,90,Commercial,Grazing,4.514037821401484,0,6,1.7476635181216331,0,1,Negative,6.569908770287953,5.447895542471472,0,275,Summer,1
39.38392713667743,0.6330995367259507,19.695557929775944,30.288735946264822,11.946517302255433,-0.5865868423794429,18.585405851840655,4,0.2146826916735075,Normal,20.647202465308286,65.98571454431439,30.135182369265664,60.91801788841485,3.349345843364703,Clean,6.127560225810286,Dry,4,Local,Male,Lactating,163,Smallholder,Mixed,13.732225909839368,0,7,0.9058891422753568,1,1,Negative,20.425290610174777,4.310848527758142,0,23,Monsoon,1
39.49026904040392,0.2688257256263546,14.136869468544162,48.362778892475625,17.16088100526063,1.7250318659323083,24.81946248397078,2,0.4508742314022398,Normal,26.10293725003536,52.63331002517355,14.444532681042784,70.75991680431795,9.854432289352584,Moderate,6.5166029351770405,Dry,5,Jersey,Female,Dry,225,Commercial,Grazing,20.240336352669775,1,5,1.7400044793049085,0,1,Unknown,13.291700737889101,1.8213752930648508,1,66,Monsoon,1
38.62915888380535,0.2456215312028955,15.845705306813503,37.629706388473025,32.06320305979658,-0.3553818419705971,28.581387256205886,3,0.6933822441944774,Normal,28.378877602993942,89.93362771756401,16.296116578149658,147.04649211428776,2.307791513876831,Moderate,2.6730543037682004,Semi-wet,11,Local,Female,Pregnant,376,Smallholder,Grazing,41.59623251126994,1,1,5.693691173775545,1,1,Negative,16.307938130834202,3.3202184648959694,1,86,Winter,1
37.426887060594844,0.28438674196882857,16.132964752194237,55.567249112804184,19.389167512227793,-1.4891895851720252,22.551076308353977,2,0.8379621748360849,Poor,37.04473255595066,53.34809700506103,14.880137900289728,63.47448636536576,11.925000917613396,Moderate,4.921750033258943,Wet,4,Holstein,Female,Pregnant,442,Smallholder,Mixed,58.36956862407297,1,3,1.273845438654155,1,0,Unknown,19.539706007577664,6.899132819605273,1,200,Winter,0
38.33530680774334,0.66847014709809,12.068062272070328,54.668071042505446,14.110728013573528,0.8190597558611816,25.466795891171536,3,0.9597362244223874,Normal,37.86663835787778,51.53429217307242,5.268960080987169,138.8111307723811,10.284584899396798,Poor,3.249750886244011,Dry,2,Holstein,Female,Pregnant,260,Commercial,Mixed,32.226586243331624,1,2,1.348427461801698,1,0,Negative,16.341985367061923,6.480785373375676,1,87,Monsoon,0
39.47819672793667,0.635475910107457,14.729270413579465,52.19168666355437,23.314429375226013,-0.657001750633484,26.692294562538766,1,0.6054527661379177,Normal,20.646483601772104,71.19415775620223,33.656046173543594,120.39350754040954,8.70910607981305,Clean,6.207451954887542,Dry,4,Holstein,Male,Pregnant,110,Smallholder,Mixed,14.125941547884446,1,4,1.1576945881289638,1,1,Negative,20.689255854765076,1.2686846886075451,0,328,Monsoon,1
38.68627916262067,0.3869926336293954,13.464678572774584,63.197717873125974,19.147646546712746,0.7307513486487442,26.596552087330632,2,0.5269193673044325,Normal,25.488838140916585,65.54744066098151,9.169876524094214,57.30870906417067,11.666067718544532,Clean,6.405857165375596,Wet,11,Local,Female,Dry,177,Smallholder,Confined,94.03238291784129,1,4,2.9087980426160076,1,1,Negative,2.98627030862719,1.064910117340793,1,345,Winter,1
38.100418660623056,0.7102193134764734,16.35008395244825,44.169106722568166,16.984778466290166,-4.294106577385601,39.130711438212074,5,0.017691923121148312,Reduced,27.997454993120456,41.06764566272571,13.63002434609741,98.37068288999438,8.124702814562093,Poor,7.6773355966744825,Dry,5,Local,Female,Lactating,226,Smallholder,Grazing,51.48537122209614,0,4,4.778330655004701,0,1,Negative,21.783878186149856,6.901375562126283,1,227,Monsoon,1
38.39713504726307,0.8560540016445195,15.04521000668175,51.488819259038394,15.424775135207696,-0.19219210715758045,30.269357712589063,3,0.07209906915017994,Reduced,29.782272513785713,46.47665894962349,8.879099062893253,101.89793531448063,2.5643288074434807,Moderate,9.026225263385466,Semi-wet,6,Holstein,Female,Lactating,76,Commercial,Confined,74.18803326957409,0,5,2.2911127836002363,0,0,Negative,19.690303705293392,7.244811538396308,0,111,Winter,0
39.204372015902734,0.23326316787727502,11.491980316533006,39.15599023403969,38.61024163375566,-0.8894079481362207,30.87706337764782,2,0.15610499763740027,Reduced,28.003989569892795,80.55214709137563,19.71629468470168,143.21396314158375,7.5938217401452,Clean,5.745438530158886,Dry,4,Local,Male,Dry,75,Smallholder,Grazing,69.44351412688705,1,5,0.6007258955048722,1,1,Negative,21.769173245441788,2.70674858629882,0,139,Winter,1
39.02804014092083,0.5985039548384339,26.090360922277924,69.52369912868724,20.490688598895183,-1.794888029796917,31.237928646070422,0,0.054759931189628075,Normal,22.25943015774903,64.18459775737803,32.96498344827498,92.11045930771687,4.7720418565694285,Clean,3.866882960644853,Dry,11,Holstein,Male,Lactating,186,Commercial,Grazing,28.489675712770268,0,3,4.441212740555828,1,1,Unknown,17.809734369057356,3.1196489265500498,0,297,Winter,1
38.55664074049819,0.7514483296821524,23.010162924116923,64.83633652436019,10.446595838002738,-1.0298615027596991,31.675758264022676,1,0.40086323880492647,Normal,22.038449191820064,47.30076074115072,8.021021528764589,94.67636154642759,5.694775279844368,Moderate,4.668573291533196,Semi-wet,10,Holstein,Female,Lactating,146,Smallholder,Grazing,55.98619253816285,0,7,3.6589759013690166,0,0,Negative,7.311052070515644,3.0185210499090016,0,235,Winter,0
38.47990535291119,0.4018495416557497,14.883922313920058,45.11880434517792,30.962258554033205,-1.0605547164389773,27.50267809675081,2,0.33687854513887217,Reduced,19.293742879813276,63.26212814178668,18.22690770765488,61.248375478637826,6.595851558500289,Clean,8.776718503511498,Semi-wet,4,Local,Female,Lactating,445,Commercial,Grazing,60.2164115852043,0,4,2.87489998400925,1,1,Negative,3.6192249805328505,1.4522628615075932,0,262,Summer,1
38.46494511057371,0.4462167242345193,19.08968558661444,48.86586229905192,25.666425430663423,-0.2719786922758717,26.075521771126922,4,0.6373541578683929,Poor,16.897027337300706,52.65745415412019,5.671245373147354,113.91725634376624,9.746007463887835,Poor,3.1669078806300917,Dry,6,Jersey,Male,Lactating,37,Commercial,Confined,35.17910240832879,1,5,5.784592176466619,1,0,Positive,3.9816771729099667,6.087579554686826,1,362,Monsoon,1
38.146553889300904,0.6909103223915071,19.66986035928518,58.592975993648054,17.401201413881275,-2.250989691927434,29.000896357109664,1,0.5356651079334027,Reduced,19.17974003309713,51.17957305561718,28.126946641584446,71.08969758890966,7.0292921437095615,Clean,7.01804862670946,Semi-wet,7,Holstein,Female,Pregnant,94,Smallholder,Grazing,67.07665654840267,0,4,2.822546341335645,0,1,Negative,12.474809418723533,3.2756450206298964,0,301,Monsoon,1
39.669225413681666,0.9183482347549896,22.76434341909391,43.52860495185893,16.40128546788315,0.2744106703895705,34.94082369348084,5,0.5959707593878597,Normal,32.80760978759602,87.88626382225522,24.23678430663275,57.753325822370684,6.746802908250788,Moderate,2.1046870707424814,Dry,7,Brown Swiss,Male,Lactating,297,Commercial,Confined,79.06765514391051,0,1,4.3951746684860264,1,0,Negative,9.991537423260887,6.7717036260929095,1,209,Monsoon,1
38.5066077184732,0.8479395362423194,14.725579893359686,38.433759292002954,26.040836776949384,1.8493221778086821,34.757429130618306,3,0.4719772029376541,Normal,30.551392695880384,58.101226342887045,25.990959911214507,149.6919000070794,5.019721377418461,Moderate,3.9653546276339418,Semi-wet,4,Jersey,Female,Dry,407,Commercial,Mixed,36.42105507078119,0,4,0.951001597067253,0,0,Unknown,16.04700082340138,7.0888943889071525,0,228,Winter,0
39.4302951124953,0.6665041752796668,22.368427135929704,53.73989751006883,20.518490035063273,0.22139274542173953,26.557609145869534,2,0.27773714855425713,Normal,29.766390800627185,42.321555233616955,19.17009082687198,76.96296279628052,7.39872241852703,Moderate,6.731267980011676,Dry,5,Jersey,Male,Pregnant,278,Commercial,Confined,1.4915371542391975,1,3,2.499214806204223,1,0,Unknown,12.575385729633394,7.345950819490028,1,185,Summer,1
39.612789631153476,0.7841773742057994,15.808378783172259,45.7843924608367,10.444133089329393,1.0134829138435135,32.60706216800867,5,0.952825314946477,Reduced,25.886424598218113,88.51633363186514,32.22899088669217,64.10531651288039,4.483908544353156,Clean,5.651296320021366,Semi-wet,3,Jersey,Female,Pregnant,464,Smallholder,Grazing,34.93359376308837,0,3,1.273602761056954,0,0,Negative,3.882359940015215,6.634565847976051,0,82,Monsoon,1
39.29898653888878,0.49185797616623894,12.656550383325547,46.829944496452605,32.72343978762801,1.4418436819206935,26.832492021761993,3,0.08640915976013896,Normal,26.792467029649533,79.74197873860788,17.286723526178285,119.94903745971763,4.60993815408228,Poor,5.948395921945851,Wet,5,Jersey,Female,Dry,43,Commercial,Confined,11.681560346660858,1,5,2.088835506723298,0,1,Negative,1.0516467614781209,6.416830468981943,1,161,Winter,1
38.44102781236917,0.7127724224790062,20.89654623725799,36.65728656932035,19.396057226704258,1.6547342682762654,28.203223296611466,1,0.9388909994653072,Normal,25.65651288483587,52.72066532820793,20.42255224361231,132.16821559219017,9.572587751445205,Moderate,7.284496403676848,Dry,10,Holstein,Male,Lactating,481,Commercial,Confined,15.560788918339007,1,4,2.878301203098169,0,1,Negative,3.951202359348377,3.8711595356314406,1,189,Winter,1
38.942238054201965,0.5729452729020457,23.163033696489713,27.823278516366038,30.97343041889456,2.605208039231958,25.158859710674815,2,0.31123804686473466,Normal,19.065323679274304,60.44459173526957,25.858676668118882,56.40774931263467,5.4254726450909,Moderate,3.8766881953485397,Dry,5,Holstein,Female,Pregnant,327,Smallholder,Mixed,36.59494769451749,0,3,1.0469803988113051,0,0,Negative,4.374995700135763,0.7021060320425705,0,18,Summer,0
38.68548263616545,0.35194890916604876,28.351635894122737,47.36142409879101,29.67060974779429,-0.9488029974138954,26.910129166562598,3,0.5126614453672974,Normal,30.238433592554017,83.11447872975643,20.616819232863797,60.539330746978706,2.5139967293911187,Clean,4.246439522612019,Wet,4,Holstein,Male,Dry,86,Commercial,Mixed,20.762109821011343,0,1,4.818271914590454,1,1,Negative,17.55812606827332,1.3404696189036462,0,7,Summer,1
38.157778883561924,0.7613906191018058,13.201098939639145,54.049620414942,15.993942733103115,-1.2777259777416747,36.04798041729808,0,0.10884232282754613,Normal,31.263394781660534,57.87067596616372,10.680069437489838,59.017382358204586,5.4367728589498086,Clean,7.475665659422771,Dry,6,Brown Swiss,Female,Dry,142,Smallholder,Mixed,93.48889533869115,1,7,2.256066302295533,1,0,Negative,7.56146395414237,4.481565173026278,1,285,Winter,0
38.894615569032965,0.6451717098790577,20.795678740323154,42.74193250923958,28.199139186178886,0.9751984724871019,28.55452688403542,2,0.07093106837100926,Normal,21.248347832641592,68.37020210032995,14.512118541347359,54.69593033225112,8.38572207866619,Clean,6.306331260350952,Semi-wet,5,Holstein,Female,Lactating,306,Commercial,Grazing,65.28029223374995,0,5,5.379523663102397,0,1,Negative,3.1536495773452002,3.2001915012277187,0,197,Monsoon,1
37.99257612530412,0.48689726556287316,16.36079502482587,59.36429519558867,18.091344700817913,0.8623993294860997,28.811695051313908,3,0.4295454487186029,Reduced,21.24376206201211,66.74284348323063,7.768834044164158,115.94564786342838,10.139855866773223,Clean,2.116694594070621,Dry,8,Holstein,Male,Lactating,72,Smallholder,Confined,51.83641594442159,1,1,4.047939858727753,1,1,Negative,18.373716987023155,6.718113354889777,0,223,Winter,1
39.41260763307694,0.9290713520629046,21.133434842096126,37.96083674584455,10.799796479176349,0.9635129494235339,19.31669332445225,2,0.7416973763796781,Normal,28.758836008459262,60.064727431439984,17.978404916518933,108.8313189739364,11.619366813923612,Moderate,7.362622362283529,Wet,2,Brown Swiss,Male,Dry,464,Smallholder,Confined,0.9724342676393438,1,3,1.059635564678965,1,0,Positive,22.63117822897757,4.723549178384378,1,74,Summer,1
38.42122962162097,0.2167472942613866,12.118041795074998,34.4529554503408,19.452411003867145,2.6339236813753777,26.144536554203622,0,0.26936477754854893,Normal,28.71474382054445,71.97509509068581,23.28176279258984,116.2806656559933,9.46220421474976,Clean,6.960736326018225,Wet,6,Holstein,Male,Lactating,140,Commercial,Mixed,10.3617743245781,1,6,3.851828224002463,1,1,Unknown,3.311092506973337,1.2412520880036375,1,16,Winter,1
38.820695793523704,0.4526185209995968,12.948920897205744,44.32769692803869,24.385825010657673,-0.18294513680225877,26.55211057753163,1,0.5623478889353201,Normal,30.663379526857423,63.66453686509432,8.55589832807422,100.5667163274181,6.288516094168369,Moderate,2.62886059038619,Dry,2,Local,Female,Dry,205,Commercial,Grazing,78.84778467142823,1,5,0.13948580707887226,1,1,Negative,23.150358690356974,4.0889832228075615,0,260,Winter,1
38.869972722927685,0.24550511822211726,14.896500707334065,44.174074246487095,19.223580112021974,0.43923483946927727,23.025139087339568,1,0.27865034052281834,Normal,34.06786517212463,41.06152458369864,23.91761364410387,131.75076854055817,4.991192792049576,Clean,7.980155958727889,Semi-wet,6,Local,Female,Lactating,438,Commercial,Grazing,38.9743763039509,0,4,4.844261279785146,0,0,Unknown,22.856089417408594,6.664723103198708,1,65,Summer,0
38.54465701577756,0.8132218529773019,18.315856182672338,52.69968731335223,20.15770995444939,-1.6705823772252122,28.12999247022138,2,0.3886130608930408,Reduced,21.710446931902723,80.71915538239688,31.78616419256328,104.66683024985755,3.2962999017088936,Clean,6.176811671576566,Wet,4,Holstein,Female,Lactating,306,Smallholder,Grazing,4.549319611857361,1,6,5.845345595014631,1,1,Negative,13.031705513548381,6.973108700103416,1,72,Summer,1
39.05201628088517,0.7616859632910342,15.435674933846578,37.25037175936015,28.861396269571678,3.0029816859639364,25.424906258634074,2,0.9064463184738247,Normal,26.590026896808386,45.65778913768597,15.131711989565588,141.8746934799625,8.276864344461144,Poor,3.637978271655677,Dry,1,Jersey,Female,Dry,460,Smallholder,Mixed,82.55590937925777,1,2,4.066544883444587,1,0,Unknown,7.802605921000661,1.7454297699960104,0,129,Winter,1
38.41505780602649,0.4650817749890537,20.63621737565368,58.680942368148976,22.63896388174055,-0.7048173818136665,28.479975131461494,3,0.8558396254949195,Reduced,21.997402998258217,63.20449654456817,11.660992886564596,98.56485325039932,7.098833141090063,Poor,6.474850944931418,Dry,6,Holstein,Female,Dry,263,Smallholder,Grazing,30.264601319738304,1,4,5.558963348681507,1,0,Negative,4.176120003110231,1.2522481502372715,0,220,Summer,0
39.22277837847435,0.7405303217656585,22.10757847303166,64.66916962508253,16.940210132290286,-0.6623238922412449,28.729018058913606,4,0.5160175434176298,Normal,22.357543696587328,68.99503954637485,31.790181915257094,129.06586612115987,8.777015164441412,Poor,6.763668113368026,Dry,3,Brown Swiss,Female,Lactating,95,Smallholder,Grazing,38.62956219742225,1,7,1.7687945686404163,1,1,Negative,19.9486313029793,3.4024293948250426,0,131,Monsoon,1
37.89241219185195,0.5167497809567598,20.398310164981424,44.60855973031658,26.21218194200396,-0.720124836512364,22.265473853064133,2,0.23810562747207875,Reduced,24.851017810006983,75.27530270966454,25.75835707692646,90.73603536836342,4.371331564550696,Moderate,9.360949833521897,Dry,7,Jersey,Male,Dry,413,Commercial,Grazing,97.43690706410285,1,4,2.5415326438206365,1,1,Unknown,14.90901851681592,0.9913658417735203,0,64,Monsoon,1
38.77582774772785,0.8050030331379474,24.47515055864347,57.497104201843186,23.18605340172547,-1.1673437879665065,25.607789305100862,0,0.19318391273302282,Normal,34.20177972578684,60.539826764397475,8.161846041696617,93.52238947764428,5.236441681099455,Moderate,7.9371554044093635,Semi-wet,3,Brown Swiss,Female,Pregnant,103,Smallholder,Mixed,1.5512741034482302,1,1,2.5475843722509204,0,0,Negative,15.979868201127324,5.94769633168331,0,242,Monsoon,0
39.863357399434975,0.5633469301893649,19.663306517821372,34.4350292937474,6.870371191227743,-1.2941555732714738,28.464245696565,0,0.9540873530357142,Normal,32.52409116479976,76.77742435152658,17.243358561851974,134.8992045237917,4.9209534949863905,Poor,4.415394835929594,Semi-wet,10,Local,Male,Lactating,421,Smallholder,Mixed,72.13243931455098,0,4,0.6721768191247299,1,0,Unknown,20.80016697027139,3.8564951884701864,0,66,Summer,1
38.09980120523666,0.5298237822653324,13.13241315863933,55.75221541181916,24.570117482628692,-0.9855564243342878,35.10579658694035,3,0.20271659651068752,Reduced,26.62588276793918,46.56750423592851,25.222687992636462,60.76598353576633,9.976518421744105,Moderate,2.9450637405135405,Semi-wet,4,Brown Swiss,Female,Pregnant,383,Commercial,Confined,94.8884176311791,0,2,4.778658623549867,1,1,Negative,11.210716510250782,1.9866706644121386,0,89,Winter,1
38.29335301768509,0.9477839323906407,23.453506054153358,55.472764085594626,24.35097224629661,-2.248693892076417,29.540315036774444,2,0.8081683109125392,Normal,16.219491209258273,72.67227741353895,22.231516249263642,106.4917754983208,3.712298148633468,Poor,8.825472576646247,Dry,9,Holstein,Male,Pregnant,331,Smallholder,Confined,6.385958235299272,1,5,2.9703987737679753,1,0,Positive,9.466493395738583,1.2685169852998428,0,313,Winter,1
39.00834470979535,0.4007032799125602,15.57937505757601,53.634372801898785,22.12072677748516,-1.3779768803948576,24.028388920495434,1,0.3689702095355373,Normal,28.96389096366016,81.31694637928516,23.55641358049619,122.63364677787855,8.084721170244956,Clean,8.768541503003568,Semi-wet,7,Local,Male,Pregnant,311,Commercial,Confined,86.60770243651471,0,5,2.942567194914531,1,0,Negative,18.533008029129732,7.455140521545394,0,357,Winter,1
38.80774906916376,0.2963578719972524,21.64167399874228,44.84436911129706,27.35020348641745,2.7234446671714285,30.394028555463112,5,0.9856598475582383,Reduced,28.84836077329371,84.47219864187505,22.014055219217784,125.04206154170537,2.5135501575910673,Poor,3.402480117791658,Semi-wet,4,Jersey,Female,Dry,326,Commercial,Mixed,41.624169353603826,1,6,4.010812602962119,0,1,Negative,7.836064476520201,0.8229487699491029,1,274,Winter,1
38.91037805956414,0.6676344906075666,24.294936866220425,15.457510587579687,17.965638494040988,0.903482715462053,38.24529333593056,1,0.36815574036278786,Normal,22.33203197026551,68.97832479769446,28.941840959146706,109.14935271699754,7.495275759017196,Moderate,2.497049481583093,Semi-wet,2,Holstein,Male,Lactating,464,Commercial,Confined,87.79965158202033,0,2,1.0259236126256464,1,0,Unknown,8.542294300388416,1.234087943508369,1,106,Monsoon,0
38.9935122780886,0.9754574498273432,19.826752042921598,38.58272856347871,24.018998732925404,1.188856265091577,33.50023883553411,3,0.3515166249107261,Normal,31.15348197254071,55.64475990375186,14.612808703909359,94.80644841595138,2.6391397575305593,Clean,7.694917198528311,Wet,5,Local,Female,Lactating,166,Commercial,Grazing,30.82745928904228,1,1,4.860936630681601,1,0,Positive,9.76509842619867,2.256771493489901,1,39,Winter,1
39.08083288113706,0.5022713709817493,12.015364747341401,38.740839823153976,12.598243772995882,1.5658131811253722,31.28515918261372,4,0.6374636288776231,Normal,22.235880169414344,48.16782558568132,26.25387043698089,76.07824438667578,3.7587659078798734,Clean,7.780654646691873,Dry,8,Jersey,Male,Pregnant,356,Smallholder,Mixed,98.26627204999279,1,6,2.195230148165371,0,1,Negative,20.69623408194818,1.2100279282675395,0,124,Winter,1
39.36581990517374,0.24962941090302523,14.327151333960835,35.21745061939522,24.44254230039299,2.551201846543586,32.35354105289393,4,0.9615168066268193,Poor,31.13869494390901,57.27793764387224,34.73238327482853,140.94262353541222,3.130253020535622,Poor,3.4171500296430324,Semi-wet,2,Local,Male,Dry,379,Commercial,Mixed,64.70494096713986,1,2,0.47784563494845944,1,0,Negative,18.91965497556628,5.332131400590753,1,121,Summer,1
38.94589119415711,0.471444213847654,23.29097786754054,46.22243004547066,33.71835817323938,-2.8571338271657662,36.63972424857178,6,0.9762096057964329,Poor,28.205327006175413,66.99871865772198,16.69876573343541,86.97879475213253,5.467253538834266,Moderate,7.3456948764596435,Semi-wet,9,Jersey,Male,Lactating,400,Commercial,Confined,62.7090360437357,0,5,1.1419513378494337,0,1,Negative,7.702611187649068,2.1366419554141176,1,84,Summer,1
38.555245407228874,0.6047453234556468,17.323509257428736,40.81036554478765,16.030861885194753,-2.044824672929811,34.45376076410596,1,0.7072061464669852,Normal,19.700925396329687,49.81651119957803,28.731449436643793,129.89920885333459,5.43731417707729,Poor,4.231389957575431,Dry,5,Jersey,Male,Lactating,414,Smallholder,Grazing,80.59033828813085,0,6,1.5171147481175506,1,0,Negative,4.303084313057582,4.099475311512228,0,209,Winter,0
39.103544220721645,0.32953840530577094,18.318294139768664,36.75387990234978,17.441187208073348,-1.4055854913420278,31.40056228670595,4,0.7546063656363536,Normal,25.192617342306445,87.62574528465464,12.383277114085132,53.16656129626362,10.264192807282564,Clean,4.084936223750432,Dry,6,Brown Swiss,Male,Lactating,24,Smallholder,Grazing,43.65860696420333,0,2,1.0676724771326351,1,0,Unknown,10.034243161651496,6.951823506968273,0,263,Monsoon,1
39.83992916093713,0.7264817744451937,21.035297664654436,34.4119985175218,17.739907342650685,-0.9045946947343966,34.41185331754051,4,0.5634021759730277,Normal,27.723256957702247,84.85677144364547,13.45690136852148,73.21692146866091,4.256874513805287,Clean,4.59614347272274,Dry,7,Holstein,Male,Pregnant,120,Smallholder,Mixed,25.86696321083736,0,1,1.453355514557265,0,1,Negative,15.36469016033396,6.685790309951292,1,112,Monsoon,1
38.620419752170456,0.9981995112081605,20.785291448321296,37.84487014514771,22.779989354809572,-0.6508540858778735,21.510093422415636,1,0.7557757391323319,Normal,28.50078988223524,41.64785974327156,33.04591622550629,84.55847928841226,2.86386741773977,Clean,6.163170932134834,Wet,9,Jersey,Male,Pregnant,448,Smallholder,Mixed,26.2930192719087,1,6,5.975111577458209,0,0,Negative,16.553680119066307,1.5968293356164547,0,68,Monsoon,0
38.11528241719762,0.561391580785155,19.115199249541842,56.21499211849928,15.621782362877692,-0.8704663292090611,18.986408485958314,1,0.8597796549704966,Reduced,32.1658857068449,68.09808991151944,5.778150687460664,117.15740633102043,8.035117908141299,Moderate,8.435631386628982,Semi-wet,7,Jersey,Female,Pregnant,119,Commercial,Confined,33.06037508266771,1,4,3.226360855537441,0,1,Negative,5.609892737955002,1.165484680198496,0,292,Summer,1
39.36424840157218,0.48378284538417016,17.165326515118135,38.38974945372506,24.52748427214588,0.12896336969808114,28.94259190386298,3,0.48609530319502325,Normal,32.78886965090594,79.46543951233066,11.522820345824877,81.9330807161891,8.874506996000068,Moderate,5.98915000711701,Semi-wet,4,Brown Swiss,Female,Pregnant,192,Smallholder,Grazing,61.73526345742152,0,4,3.6175584539671592,1,0,Negative,6.73624374838947,5.481884484535319,1,222,Monsoon,1
38.627771301627845,0.5205633334675733,16.74932621707057,39.85061293566727,27.081039672814992,-0.14705691388217618,28.41208425790323,7,0.619862262830103,Normal,25.806876013908745,52.26959799670035,19.487620934360095,54.13638008193071,4.948236160214538,Moderate,4.384341564992595,Dry,5,Jersey,Female,Pregnant,451,Smallholder,Mixed,83.83897306118268,1,7,0.9961603031415591,1,0,Positive,22.392328038733062,2.077288907048704,0,1,Summer,1
37.39639827239158,0.29211694271616095,21.431595301165373,40.43302384976754,25.206083280722705,-1.2842521927673745,24.736539678920455,7,0.5373166952330477,Poor,29.79660937411839,66.19481161963719,17.05542865112559,67.3867516054016,8.028141163613771,Clean,9.071794389694794,Wet,3,Jersey,Female,Lactating,127,Commercial,Grazing,49.95778784277908,0,5,0.2641239489117979,1,1,Unknown,9.856375742730847,6.360892709648924,1,247,Monsoon,1
39.208453006290256,0.906618881140979,20.214278124271175,48.389935138094195,11.389507446171566,-3.4633231654813548,32.95511601896626,1,0.5624706135286772,Reduced,35.039679667985126,60.29959412046895,23.87509193705094,75.9165352369326,9.76056568006644,Clean,2.4407196595389173,Dry,1,Local,Male,Pregnant,289,Commercial,Mixed,40.34482303507956,1,7,1.8621039436106728,0,1,Positive,8.225280613439109,3.7586645214883903,1,291,Summer,1
38.37880308842765,0.5318605244170815,16.970799997528843,49.562494885285325,27.97100599095164,-1.6893030580680473,16.822818481292586,2,0.8900479098739409,Reduced,21.906678516955456,49.827313210903824,10.781661510811457,67.6047479935819,5.475529390761123,Clean,8.376731871184642,Semi-wet,3,Holstein,Male,Dry,392,Commercial,Confined,79.38477386910547,1,1,4.618890587274962,0,1,Negative,17.001335560098617,1.6588986088668478,0,76,Summer,1
38.645680030617505,0.509819529139873,22.328449251972565,14.55343460756838,27.62420448552208,-1.023857979968863,24.791366463653176,3,0.3556168302055702,Poor,23.960198968995233,70.73686919379114,7.1164101310559404,70.37245601411334,7.253538399331118,Poor,8.275054063374846,Wet,1,Brown Swiss,Female,Pregnant,47,Smallholder,Mixed,28.96679068010718,0,4,3.3526909418083948,1,1,Unknown,11.761173040604397,7.806621601791907,0,80,Summer,1
38.89918819834141,0.7277522183443794,17.483863539480865,55.21635213827608,26.980968234077828,-0.5706191552115791,25.09026673073431,2,0.2081840256006242,Reduced,18.724325173106653,89.68460877034155,16.08000193414271,126.89569406733544,3.4663327367232,Clean,4.028374481234745,Dry,5,Brown Swiss,Female,Pregnant,264,Smallholder,Mixed,68.90352690388326,0,4,0.06469933633358038,1,1,Negative,6.676444707010025,0.9171064911404615,1,156,Winter,1
38.81429980786744,0.5536267367448988,14.593351302662427,59.36368034243754,24.23705349193495,-1.8945011889658054,18.182189289403244,4,0.45628011027362914,Normal,23.842838848062808,58.26436301399724,20.73065726432543,91.20336439504601,2.2364680107018033,Clean,3.5863614601622373,Semi-wet,7,Jersey,Male,Pregnant,284,Commercial,Mixed,10.580522072649512,1,4,4.732616082475837,0,1,Negative,10.413834565614849,1.4322071347850422,1,288,Summer,1
39.125671090283426,0.7185867750462769,14.964117204386621,34.498134626383305,23.321135885230795,-0.9362096997446303,36.96838604361582,3,0.20808519048126517,Normal,28.028907188862124,67.61895041322335,21.86005511254734,90.51792446679252,11.813679748108296,Clean,8.997604491964779,Dry,9,Jersey,Female,Lactating,334,Smallholder,Confined,11.323826624859102,0,3,0.6239978325482918,0,1,Negative,4.316491361173993,6.5902773198217375,0,238,Summer,1
38.4387081776581,0.24915703210463003,14.085036654760936,35.27701755265166,28.19433638875838,-1.8964810827283796,19.84479238802006,0,0.49840042566201914,Normal,16.419268800069364,56.39273408107503,23.044805706274005,146.6606336659486,4.9973085053637,Moderate,6.470970348482594,Dry,4,Brown Swiss,Male,Lactating,57,Smallholder,Confined,64.40554767646864,1,4,2.6422854658242994,1,0,Positive,7.429965112672819,3.8951392139373873,1,291,Summer,1
39.007863478905655,0.8509786749777819,16.91035993358525,40.49746612221728,33.541080925620726,-0.38872902732249953,24.469959656153883,1,0.9035081053570586,Normal,29.185224975644058,83.84743084012484,21.45985987284665,94.67018379442003,4.789020507218217,Clean,2.368090861051317,Semi-wet,10,Jersey,Female,Dry,112,Smallholder,Confined,8.275051427560143,1,3,5.996841786316538,1,0,Negative,10.62463861491931,7.53538802985289,0,19,Monsoon,1
38.544271993449655,0.9524031623035221,22.93489711334477,37.43995980543395,16.2817572198109,-1.809636992543923,33.4478785468308,1,0.6174335204824778,Reduced,24.638278167734605,83.23013502118465,12.372559129135627,142.7658132532395,11.732451331730877,Clean,9.126660131737141,Dry,10,Jersey,Male,Lactating,172,Commercial,Mixed,15.505116395039387,1,2,0.7282019040104111,1,1,Negative,12.913859276037032,1.3474169528676132,1,93,Summer,1
39.14328628853251,0.7190123089275089,14.779619275877964,47.23926873946606,28.46875237476863,-1.4733569845556966,31.87627206057239,4,0.8554328533030777,Normal,26.686631187455212,48.93866939739851,27.936492079070053,79.90630982166803,9.282335237631166,Moderate,4.79204787484539,Dry,1,Local,Female,Pregnant,347,Smallholder,Mixed,62.436905716036215,1,5,4.890158243399339,1,0,Negative,18.058119148906588,1.6773779216360674,0,93,Winter,1
39.06922049040784,0.9636527430870487,18.753903044072413,25.534747136411358,21.482697411955282,-2.1630261964837088,21.35095182109152,5,0.1661909196155118,Normal,21.15564009729416,84.99744371190303,7.633407852181957,90.0626259904173,7.852978879404832,Poor,4.737252430480211,Dry,7,Brown Swiss,Female,Dry,67,Smallholder,Grazing,43.82036971013259,1,5,4.795248249680984,0,1,Negative,9.85370260436751,0.5136834135322947,1,80,Monsoon,1
38.13873677877324,0.32114585149597064,15.373242617490348,33.8207239196326,21.221961687828397,-0.4302510433546758,32.09493525556382,2,0.9008735925371768,Normal,26.488696064652885,47.575435552803356,10.950616386565489,89.62833560674622,8.993233950933568,Moderate,7.1463034972789865,Dry,3,Jersey,Female,Dry,422,Commercial,Confined,56.12964528792719,1,6,2.6702458928752213,1,1,Negative,13.55120711060797,2.128368053822423,0,260,Monsoon,1
39.35158926970502,0.581932951584283,16.95876383491425,60.391972001749075,12.78081585770777,-1.4996716549285976,29.738706871949333,2,0.6017871644071158,Normal,35.39599832468542,44.771997981266715,27.181340270573422,104.60788323146444,9.099265666954027,Clean,7.290487542388607,Dry,1,Holstein,Male,Dry,149,Smallholder,Confined,97.69429125888956,1,6,5.9295911391225395,0,0,Negative,22.87314487335035,5.429454178349124,0,113,Winter,1
38.37842193293157,0.6814453871563578,11.959835152058991,35.71780032651982,20.29126354290763,1.160176400013144,41.9982133726688,6,0.0317597887404798,Poor,25.000979173901683,72.64673078507658,13.391784023157552,108.42472908539523,9.633358802929825,Moderate,4.826528966627318,Semi-wet,4,Jersey,Female,Pregnant,25,Commercial,Mixed,63.196103793195945,1,3,1.8478099765157805,1,0,Negative,19.821274710370194,5.924978318377299,0,115,Summer,1
39.18483467896869,0.6653893179369494,17.11784708337385,57.43428278102925,16.01641025218951,0.4087754000393485,30.423642496409826,2,0.6331189552850368,Reduced,15.935315102678222,59.295205293494746,19.804203248282157,74.81250290422689,2.6718923141991997,Poor,3.1462314231750454,Dry,11,Local,Female,Lactating,433,Commercial,Confined,59.08508042512756,0,1,1.8946932990650163,1,0,Unknown,6.451202976296097,3.724546229787114,1,172,Summer,1
38.92037238804081,0.5211694232712346,17.22517848078015,48.55338195590137,19.216873422964326,-0.3047778022754645,27.15254907358881,3,0.9513969562609179,Normal,33.06886139315413,66.53702967309354,14.815932225666765,129.35842504171188,6.12831419782888,Moderate,6.418158106957379,Wet,9,Local,Male,Lactating,80,Smallholder,Grazing,38.0138081393431,1,6,0.914367823324326,1,1,Negative,5.910116633691229,2.43018677538904,0,62,Monsoon,1
39.80291020607708,0.47046752749300913,20.16115177614278,26.907322854117417,15.410881697331101,-1.396228246015683,22.860988257283463,2,0.07916700047536207,Normal,29.71223923360648,72.62853909687317,20.209436348480097,99.65259546767925,4.951303178330164,Clean,7.001433317401921,Semi-wet,6,Brown Swiss,Male,Pregnant,277,Smallholder,Confined,63.08775949994132,1,6,2.2185263727005724,0,1,Negative,16.24201946200037,5.872473188634885,1,129,Winter,1
38.565920410576894,0.30145921804033504,18.893123653021483,51.35329195216206,19.30654967612196,0.3707804579744543,23.53453979826657,5,0.5824561304695721,Reduced,27.470213954971793,42.64186188964924,15.399673998420951,50.70435535188075,2.7056963851700546,Clean,8.881778920471788,Dry,6,Local,Female,Lactating,454,Smallholder,Confined,1.2999525698740633,1,3,1.7784837428536888,1,1,Negative,14.692588500608414,1.7945730884212125,1,339,Monsoon,1
38.490409922329086,0.5133939604498226,13.206431500191819,43.823326978071464,19.56333785785958,0.8360513340229556,23.04538542719105,0,0.9154786028697147,Reduced,29.8402607815599,54.64765855454967,34.826239697181514,109.13406333166802,6.125989968464287,Poor,5.875519898920527,Wet,7,Local,Male,Pregnant,358,Smallholder,Confined,55.73202493426251,0,7,3.626934470387253,0,0,Negative,13.578078077752192,6.253144264142899,0,307,Monsoon,0
38.68834823646736,0.33012865208438813,22.33679297617417,40.44532943750259,22.5805295106328,0.014032618302445399,36.22659288347153,0,0.00969516833437456,Normal,27.412580863751305,63.04531558844336,15.7243276807444,129.80594415291364,8.161734854131467,Moderate,7.165568636545775,Dry,1,Holstein,Male,Pregnant,288,Smallholder,Grazing,6.889736051058703,1,4,0.24439635951463723,1,1,Negative,4.545927962349953,6.399422599671639,0,116,Summer,1
38.518092130299436,0.7874925411937748,18.84121216088798,47.44957093172004,12.311500826252015,2.2055527832003956,28.107819490098823,0,0.6309129264658232,Poor,35.21633119954828,53.3293704902966,23.811482521929364,75.04667378154578,3.7849767997441877,Moderate,2.4352706225270015,Dry,5,Local,Male,Dry,324,Smallholder,Grazing,22.01722469383872,0,6,1.8615516919103503,1,1,Negative,9.340205920240837,3.808056242506695,1,108,Summer,1
39.17996514116523,0.367064748395672,18.793574068709948,49.746334855667925,13.32689111352806,0.48945597711222394,31.39148274384838,1,0.47490229183096266,Poor,30.759997642911728,42.44856921427605,31.650296529526322,53.7871009361926,5.050267438878538,Clean,9.156183201649295,Dry,4,Jersey,Female,Lactating,264,Commercial,Confined,56.312100218655445,0,7,0.028239615758936187,0,1,Negative,18.465522332196805,1.9520562186527073,1,218,Winter,1
37.73021363493805,0.24685224422762708,17.963270586459444,52.0759182197462,24.17148562438316,1.1704108263520514,37.085485599885324,3,0.3469893186486106,Poor,24.717876337442497,44.33382866155267,24.138049830942514,130.71786556507226,8.39170821917154,Moderate,4.617726505653617,Dry,4,Local,Male,Dry,27,Smallholder,Grazing,66.795054850932,0,1,0.03786178719213451,1,1,Negative,17.64252569044865,5.224054221301264,1,204,Monsoon,1
38.06779054851219,0.6418929102537875,15.928970211111121,56.78252847548002,17.215371297579406,0.00034812330396727376,13.84921514675521,1,0.627536489945376,Reduced,34.45977470827858,80.08739343768667,21.975717653288257,147.6276715971627,7.793246575572134,Clean,7.057768994738495,Wet,7,Holstein,Female,Lactating,284,Smallholder,Mixed,38.479654040071345,1,7,4.921797704227659,0,1,Negative,4.798997654473366,6.900908272525113,1,145,Winter,1
38.05931824705249,0.6761837861755213,18.871209358994903,49.081359127783564,28.447178741379588,0.8134966798854648,35.67324258820225,3,0.052702094587416926,Poor,36.09992432239549,85.5693379606463,22.076883642686248,57.65636146649024,10.68785463173224,Clean,9.328413050505933,Dry,2,Brown Swiss,Male,Pregnant,170,Commercial,Confined,41.89799159893934,1,5,4.49889535240289,0,1,Negative,10.817777308968955,4.471304860343659,0,37,Monsoon,1
39.27018455518415,0.8975304490244045,19.90235374371433,31.24365911213638,23.35161833209028,-1.395171849003763,28.332381470700003,1,0.7530630462874002,Normal,31.551819758389726,47.61166512152244,19.893821327701566,143.8036807325721,9.912309696503835,Poor,8.484206274917497,Wet,5,Holstein,Female,Dry,219,Smallholder,Grazing,49.80224058138841,1,2,4.464844881018681,0,1,Unknown,11.182410721528903,3.9580095321026443,1,36,Winter,1
39.726368023549156,0.6615852899341454,11.01241723461778,40.26354542348809,25.640572901238443,-0.8875975448191906,30.610290229842665,3,0.004479476919707626,Poor,29.034647944644227,52.46309786457429,29.227412042133654,85.9274411976062,11.656110522860295,Clean,7.101630859822925,Semi-wet,7,Jersey,Male,Pregnant,348,Commercial,Grazing,75.90746077445648,1,2,2.1218091549286853,1,0,Negative,12.697382063237775,7.844179180317454,0,325,Winter,1
38.63733046887752,0.4763846829787566,15.844956650615618,74.43048335268621,30.46415392252537,0.32404533022356957,23.029580669510494,1,0.3069357437923522,Poor,22.7295155841362,72.61247023655349,6.512722350841459,144.14396085880875,7.9719331011337715,Clean,7.628862624560682,Dry,3,Jersey,Male,Pregnant,419,Smallholder,Grazing,1.7627771590167263,0,3,4.195461120247643,1,0,Negative,11.606644743386681,4.530691707030028,0,102,Winter,0
38.598706966086,0.8424095052210565,16.980212118385644,52.244910603817274,20.141735129160566,0.3131492223360724,23.46925360930889,4,0.5039586376846784,Poor,30.428295053507842,87.71358880462236,31.55389723787983,114.88393240024467,8.984673664116263,Poor,9.36724092771981,Wet,2,Brown Swiss,Female,Dry,419,Commercial,Mixed,44.70679987550289,1,6,1.539212566985426,0,1,Positive,12.539460002345677,0.7566231134952968,1,131,Winter,1
38.74203129786791,0.6322231145499368,19.02468242277711,68.69287300811497,18.553079767502346,0.5614177344148712,30.933075338877927,1,0.3770222505665517,Reduced,28.940130990045372,54.979485456663554,22.588766607369283,139.0244312448413,10.60506258814403,Clean,8.49674544117436,Wet,1,Holstein,Female,Dry,287,Smallholder,Grazing,1.4273597906826474,0,3,1.8564078171881462,1,1,Negative,19.702322540264696,4.265374947320678,1,333,Monsoon,1
39.39712698156492,0.26342422770495344,22.773244023708504,58.95434082199185,27.23021551359288,1.4505893384180937,42.30758680198882,6,0.3074759352055825,Normal,26.865986064600634,82.76068131180006,30.466196637672446,128.58330250514132,10.39992444825268,Moderate,6.878872484297255,Wet,5,Holstein,Female,Lactating,236,Smallholder,Mixed,31.914186063278304,0,3,3.3749063202136145,1,0,Negative,9.957756292344811,3.839535302260726,1,197,Winter,1
38.143588119485656,0.6526804482505973,14.91303674161287,47.41802071555749,25.057081383578115,-2.3374567577231185,34.019879876889405,6,0.8308351454680961,Normal,30.496340680646952,65.30123222251882,5.311781076326256,52.799774282062685,9.187216420262343,Moderate,7.269621649677011,Semi-wet,5,Brown Swiss,Female,Lactating,396,Smallholder,Mixed,51.98486213132243,1,3,4.1977276946632935,1,0,Positive,13.696581412184774,2.6907800039109717,1,361,Monsoon,1
38.843021389640874,0.9264148363373299,16.008152612728633,48.01407069781118,20.876018141072194,-1.661678821415444,35.59313752851124,3,0.9348325742719089,Normal,27.43528777106962,87.82793195403903,31.07829211884853,56.54425023250539,7.002562093739751,Poor,3.1781473933216953,Dry,4,Brown Swiss,Female,Dry,414,Commercial,Grazing,7.991928366748146,1,7,1.5943611909232394,0,1,Negative,14.955639612359592,2.880150879339952,1,279,Winter,1
39.28511857786946,0.5170501003985765,15.9498635574138,44.63419960123154,30.348747801735655,0.14435896161137968,26.84799237843148,1,0.8737126849058887,Reduced,29.743915207937317,46.812933121409564,8.604125575198006,102.5744605118544,4.7320688823072885,Moderate,5.761341438164798,Dry,8,Brown Swiss,Female,Lactating,357,Commercial,Mixed,48.52135279763722,0,5,4.075706237012709,0,0,Negative,22.6730160829251,7.481190470171226,1,47,Summer,1
39.00065650196391,0.4370606415198401,14.793889639581835,27.621953841535007,20.726534140960418,-1.2865454477051912,24.39877465248623,1,0.5224313130499997,Normal,32.17914391985901,88.68361991039933,26.636540191771974,62.96190198449126,10.77215753935406,Moderate,4.4079811814693315,Semi-wet,2,Brown Swiss,Female,Pregnant,416,Commercial,Grazing,92.45739036255092,0,4,5.774958752613843,1,0,Negative,16.058933854986655,1.5019770362975742,0,214,Monsoon,1
38.81374896995925,0.31477556561441605,16.61125401955095,45.180472524682244,22.196641825334687,4.866652361934043,23.31517029052604,2,0.884164175193483,Normal,20.34452750577458,62.048931391475406,17.49564178663531,96.10342391571515,9.76655442237305,Clean,5.455765075999331,Dry,4,Jersey,Female,Pregnant,438,Commercial,Grazing,68.53423377040767,1,5,2.9630173385875835,0,1,Unknown,4.005713871867121,6.230278561643517,0,34,Monsoon,1
39.30062765554029,0.3211564175482859,21.083208879951883,57.10674552542197,22.127335905005552,0.5735794287552041,25.070357651819872,2,0.9208615651815437,Normal,21.87662301973593,87.6469195213131,25.432171732937732,145.46302985644675,10.379069519584792,Clean,7.29797498824605,Semi-wet,5,Jersey,Male,Pregnant,229,Commercial,Grazing,78.22526718768076,1,2,2.442643375126411,1,1,Negative,14.396526219441359,7.268147927788422,1,297,Monsoon,1
37.07806062420046,0.5462171874734552,13.784658018542618,39.00360005178796,16.392436630609176,-0.31749627339523584,15.683305400976849,0,0.409238397047462,Reduced,22.438890827019375,62.93451085257596,23.845692130320927,79.47572875544843,3.407893181472042,Poor,3.193208748814045,Semi-wet,9,Brown Swiss,Female,Pregnant,382,Smallholder,Confined,58.04142182165973,1,7,1.3949959354460775,1,1,Negative,16.224135384852417,2.4461315976784173,1,218,Winter,1
39.106725191718546,0.6765438593292237,19.711257580611612,49.1195299906181,22.465512336918344,-0.9732039096257887,23.65048394265039,2,0.28344585950544543,Poor,36.70004704620467,66.5041067060289,9.901896412017255,98.89127138157409,5.148128781892746,Clean,2.1390077092900555,Dry,3,Local,Female,Pregnant,497,Commercial,Mixed,89.63589800472268,0,2,2.136892203634347,1,1,Unknown,1.2185379137795327,1.0011096085656668,1,303,Monsoon,1
38.30755459012355,0.2644923241356814,11.192391079926658,53.51591045893197,30.380561064390946,-0.9202434247895666,24.63788106364094,1,0.09826520581332032,Reduced,30.167373663877925,80.23875048886605,20.438412933426555,88.42596300680694,6.2488503789965115,Moderate,5.175395225861837,Dry,1,Brown Swiss,Female,Pregnant,190,Smallholder,Mixed,14.686929202536025,0,7,3.1729230367984784,1,1,Positive,2.7320357391043704,2.803596479808564,1,159,Winter,1
37.601620261886126,0.9516548712201327,15.754648014231176,35.903195606875244,24.669809892257057,-0.15478900802723394,26.947850953630955,5,0.47909192104922904,Reduced,30.63309607026615,76.1314250369697,13.316914195836222,112.98269642482484,10.383519723005607,Clean,4.577474515904457,Wet,4,Local,Male,Lactating,120,Commercial,Grazing,44.97860332046466,0,2,5.6646448944850905,1,1,Unknown,1.4369561871938135,3.7466098413482043,1,35,Winter,1
39.00672155971499,0.8041068939561569,16.682042799128055,40.48697135656335,22.186380558393587,-0.032027101068113434,28.79050065848375,1,0.9462969204384414,Normal,32.64719025009368,70.98016602086427,21.813105285440372,69.38449306515588,10.928866727146556,Clean,5.363456477613658,Dry,10,Local,Female,Dry,433,Smallholder,Mixed,59.70332343824835,0,4,1.5645160886000877,1,1,Negative,2.109817802227311,7.635682087115683,0,301,Summer,1
39.52419512709778,0.6692991346269301,24.69943869165626,34.820885095228405,21.029396313005986,-0.8850487170402694,30.174705211753665,1,0.560907528070371,Reduced,21.76672790337379,60.849001179477796,27.14009849158532,75.99392901342833,4.848927142552863,Clean,9.449767362951846,Dry,6,Holstein,Male,Dry,79,Commercial,Grazing,87.34753415763069,1,4,1.3887796228556917,0,1,Negative,3.0622962312147815,3.7260559258300763,0,313,Summer,1
38.61753089122339,0.8627509367511927,16.900790780989247,36.77834393310593,23.985202170438107,-0.6097283697798527,27.91044776534224,2,0.6675621017861716,Normal,16.808597974902728,79.62191836998029,7.437752437455138,135.876785136401,8.864291672657647,Clean,7.656672809718749,Dry,7,Local,Male,Lactating,342,Smallholder,Mixed,30.80102454621152,1,1,5.763515452231028,1,0,Negative,23.029756314537057,1.1904263793681022,0,224,Summer,0
39.271724728321765,0.2641494054496907,9.195026106196327,32.12394716346939,26.498599770935108,1.816426862851895,24.511341481943457,0,0.11288381849184759,Normal,26.68568918573645,87.41141666446603,20.47287270593076,131.13362238603384,2.7781420615256343,Poor,4.619670196793281,Dry,4,Local,Male,Lactating,48,Smallholder,Mixed,0.112797776576401,1,4,3.6350634733354616,0,0,Negative,5.754580445951221,1.601665071741179,1,117,Winter,1
39.66736695479319,0.5814711021864996,10.004444372555,35.995515386219736,25.655432985338518,1.8767574439765513,16.219848140406874,1,0.14351966414225625,Poor,31.48785980094873,40.49054484715134,23.528894622867753,128.91896888706404,6.095732719687612,Poor,3.434230577893625,Dry,4,Local,Male,Lactating,172,Commercial,Grazing,97.44141110431303,1,2,4.411620378555659,0,1,Negative,5.704827853841465,3.1454960624372683,1,111,Monsoon,1
39.48894867215043,0.7040745014893308,18.136118345386723,59.19455680797839,20.008810829068125,0.17805096990231556,24.54814834958924,3,0.46447326195967253,Reduced,26.012035196835267,69.39225482263305,13.861023607916415,127.0919609317896,6.866691077518851,Moderate,6.947826354055492,Dry,6,Jersey,Male,Dry,85,Smallholder,Grazing,2.597730413286481,1,4,4.978174378893389,1,1,Unknown,20.72064804188766,1.8814086928976237,1,326,Monsoon,1
39.683978717622836,0.8629223248946314,20.455083423159635,35.845229709097076,23.948689564660686,-2.211889590855107,22.16529617387797,0,0.9512647989837257,Reduced,20.150308477365165,83.29904644891742,33.59010448388021,95.9437493461579,9.656328148991157,Moderate,7.260610012076025,Dry,1,Holstein,Male,Lactating,258,Commercial,Grazing,15.23667272397342,1,4,0.4907418674665043,0,0,Negative,18.313400584430916,0.9542542669900937,0,149,Summer,1
39.14527649464314,0.8267756480394142,19.50182343050901,46.2645921906069,24.879638446889672,0.6077547349585652,30.796400489671623,4,0.3607846415915289,Normal,22.473860845290886,72.65562686727787,20.609084765204884,122.88907725322082,10.919722368371204,Moderate,5.86898147102268,Semi-wet,5,Holstein,Male,Lactating,24,Smallholder,Mixed,42.20463294482849,0,4,2.9088798325607206,1,1,Negative,16.54375346499621,1.814448960651276,1,237,Monsoon,1
38.74526018334096,0.42165539977071975,18.670280423203963,39.971312463290445,15.95683007483813,2.131423662416539,33.45572438016217,1,0.8774840413175335,Normal,21.10370999852276,80.04146289166684,10.475512695377983,88.72048178721178,5.372832358244562,Moderate,3.702086196977281,Dry,11,Local,Male,Dry,143,Smallholder,Confined,49.63698129978603,1,3,0.8406130668047349,0,0,Negative,10.699912955518895,1.2911809086903552,1,359,Summer,0
37.7388205128617,0.9527041356473636,22.649038390022667,56.78865937036939,23.009383247102168,1.854671652943568,33.63142640235964,0,0.12028859342571152,Normal,23.93817781636057,84.75305519244927,8.233647853978521,60.07095801894802,7.277388899419013,Moderate,2.228442086692243,Dry,3,Jersey,Female,Lactating,114,Commercial,Confined,83.44659574291849,0,7,3.7458829421030497,1,1,Unknown,1.7170709569797187,2.020237204251012,0,49,Summer,1
38.552362507122034,0.2994766731446963,15.841635117051474,58.111622966036165,9.032176682185828,0.9016387792145006,32.54171641676692,4,0.6170172069337101,Normal,21.20309774692028,77.54755079265288,21.249786474960967,89.33746416488924,8.474482223675242,Clean,4.12528557973818,Wet,8,Brown Swiss,Male,Pregnant,24,Smallholder,Mixed,44.78179499156639,1,6,5.722392391465611,1,0,Negative,20.010415272657585,7.973407344926698,1,47,Monsoon,1
38.194052042810284,0.9001068948969217,21.5796422241073,53.64069982138947,24.89520225892711,1.9336344329287327,27.19884558728507,3,0.6006129769105182,Normal,27.73389506364494,75.85087006823831,16.25715143380787,65.86630442279309,5.286872289468147,Clean,5.657363994321472,Semi-wet,5,Jersey,Male,Dry,104,Smallholder,Mixed,54.74291366508607,1,6,0.33752107261902053,0,1,Negative,20.798314011954922,3.840564185932488,0,101,Monsoon,1
40.002565630498694,0.976752199683695,11.47194045989433,48.061345531027555,25.96205832737609,-0.11992359128146737,24.86826660714462,1,0.8598747500702685,Normal,24.26209296693476,88.23729456819592,10.776412933051539,89.08516806325096,11.855382131740445,Moderate,8.303474291539935,Dry,7,Holstein,Female,Dry,259,Commercial,Grazing,19.999987085211977,1,4,1.6446281259794862,1,1,Negative,12.081240660599867,5.439495998714661,0,266,Winter,1
38.5944685125406,0.3417228185781005,14.380208668247736,42.68940463159102,26.485276754718758,0.7421544547505574,23.517383477997605,3,0.003316704404901505,Normal,30.1671611345938,83.18423289457863,5.920954603573238,79.74252153628865,10.757743795700247,Poor,8.830030630761378,Wet,8,Local,Female,Dry,68,Commercial,Grazing,56.91586991399007,0,3,5.998089208291006,1,0,Unknown,15.832334133923371,1.7396143600540674,1,86,Monsoon,0
38.77392288407069,0.7776528513630283,10.771834420272736,33.081252958087504,19.629718886982594,-1.2211633494877703,18.955006500389498,2,0.18993166719757215,Reduced,22.11761027266685,80.76889347913868,21.9980024011364,109.91606670679249,4.964028288666166,Moderate,5.303476477335714,Dry,8,Jersey,Female,Lactating,45,Commercial,Grazing,34.83837429854506,0,2,0.032924965695980246,0,1,Negative,11.986049159189841,6.869687773293242,1,237,Monsoon,1
39.03089122562428,0.23222841502239877,16.90061879732083,64.43528881122197,23.85428101014421,0.23839818423356823,33.95112220304715,3,0.21968762542948173,Poor,28.276734438725637,44.32016802359381,22.95800710500986,86.15404154984233,7.079462309990483,Poor,8.368992437468222,Dry,2,Local,Female,Dry,346,Commercial,Mixed,9.873228127585232,0,1,0.8373355253848462,1,0,Negative,7.811652448541131,2.501795974941386,1,355,Summer,1
38.726161467823474,0.524338260111324,17.81495513093463,37.40326982247446,30.543723073247,1.7943013659557867,26.951733772420155,1,0.9499660880907373,Reduced,26.81200423569023,51.951494156970895,9.254078035444055,120.55896633791784,4.308406132472443,Moderate,9.946822588409223,Wet,2,Brown Swiss,Female,Pregnant,433,Smallholder,Grazing,94.64628913486433,1,7,0.48462771861978937,0,0,Negative,13.426795806653857,7.8686788336883335,0,294,Winter,0
39.717030624258456,0.6130266393581392,18.45640596890608,51.636463470328415,30.48261788974755,-1.0841351172303366,20.521958238274756,1,0.15369365626989495,Poor,28.980144721206386,67.83780121625448,23.05214149310913,101.21466810476494,7.145039189033348,Moderate,7.732882998817835,Dry,10,Jersey,Female,Pregnant,117,Commercial,Grazing,8.168428544338779,0,7,4.5843798203708905,1,0,Negative,16.837773312217585,6.775308720692274,0,36,Monsoon,1
38.32641038295933,0.6645161807277074,18.24753341154854,55.59565572623397,21.824963804640635,-1.4921651441964296,23.041051745738592,2,0.03696235022056038,Normal,29.683567931494064,75.47800524874069,33.55918264122795,141.94922785154,8.833323448232848,Poor,7.828792252811255,Wet,5,Brown Swiss,Female,Dry,431,Commercial,Mixed,67.7878930381666,1,5,4.50557607006825,1,0,Negative,4.5547993763274075,7.631535838356614,0,316,Winter,0
38.81676447314235,0.9487497985988476,14.289786676753089,39.4471950309467,22.835917784377358,-0.05376659146445473,22.798159261404685,1,0.534461494741808,Reduced,30.21822312997612,55.16074466502384,34.348868299692185,59.1025435350387,2.8552109279298783,Clean,9.276292012398647,Wet,3,Brown Swiss,Female,Pregnant,401,Commercial,Confined,90.81931529278069,1,6,4.665508887367663,0,0,Negative,13.20645636349137,5.5122652095974365,1,196,Winter,0
38.25451764858117,0.7378005498353557,17.239036622347136,55.38012527315962,28.665466868406597,-0.5399933055859993,28.258146910090762,6,0.5285584624336817,Normal,31.15378585450653,44.666405656041164,31.65478809671015,118.77091886413322,10.701172048072717,Clean,4.705153027335279,Dry,10,Holstein,Female,Lactating,289,Smallholder,Grazing,17.920465422304378,1,1,4.649137781353863,1,0,Negative,18.84707345989289,5.435688416946465,0,237,Summer,1
37.90798649326758,0.5850223609753896,12.010213325577006,52.642132033388556,12.995187908426951,0.7737215816056306,34.404807106424116,3,0.8440469653678643,Normal,29.711455120929354,55.55495934076239,29.212357425072216,117.23968775700396,7.937458684465835,Moderate,2.08964314445977,Dry,1,Holstein,Male,Dry,293,Commercial,Confined,23.711766612902153,0,7,5.011321679969241,0,1,Negative,11.938588103644893,6.808228485339799,1,74,Summer,1
38.332938545456834,0.8477400290127115,23.452915900529,62.27963835381765,20.061545543937854,-0.8798892889205634,25.9120627024265,5,0.948859650177802,Normal,28.489330029070288,78.55145902902595,11.281035101399937,145.06265474127008,11.896028985770016,Clean,9.895818173405594,Dry,8,Local,Female,Pregnant,332,Smallholder,Grazing,42.670676514241144,0,5,4.63727512283451,0,0,Negative,4.608572556421011,5.865216942837867,0,352,Monsoon,1
38.677777921770954,0.9604262567635271,16.785495708407996,40.30653533573289,30.013422733220537,2.377659423404071,14.484798911298105,1,0.538545442140131,Normal,23.66638158045621,83.87005146706866,9.693055474877905,87.15518670436525,2.255915072495032,Clean,5.923744621368191,Dry,6,Brown Swiss,Male,Lactating,255,Commercial,Grazing,29.45099681860971,0,6,2.901278631343861,0,0,Unknown,21.003675571274815,5.046415563911784,0,330,Summer,0
38.442418665289644,0.2176529189458327,16.044455523825235,32.14135982720285,27.851203250108597,-2.1345141469415836,26.86491798904648,1,0.9299941824196555,Reduced,31.253685242795495,85.64518241721714,18.348428068560633,80.54379697121624,10.314983510982321,Moderate,8.285420745298616,Wet,3,Brown Swiss,Female,Dry,228,Smallholder,Grazing,75.90331397372044,1,2,4.472906381875271,1,0,Negative,16.498753601514572,3.187016226885719,0,235,Winter,0
38.28454741207569,0.9860170178048311,24.35576131377633,39.94510244555489,24.21558266589943,1.680602179329602,27.062836599416826,3,0.7251591512998297,Normal,23.515578986000826,58.943333957207386,23.588952539556573,67.23934442136566,9.919630482545475,Clean,8.499929100874365,Dry,8,Holstein,Female,Dry,44,Smallholder,Mixed,33.81533755065701,0,3,3.5856989566931343,0,1,Negative,15.548140608220368,2.1715014736806215,1,330,Summer,1
37.856209521796906,0.2689057112509443,13.031013865803082,47.088535425343316,12.965005568016277,-1.3472738424621546,26.65047861438687,0,0.264559127995585,Poor,25.540433390306205,58.62692874300983,30.52036052025134,76.52885153552936,3.3285251204003234,Poor,5.180133416640232,Dry,11,Brown Swiss,Male,Dry,345,Smallholder,Mixed,98.58355404186014,1,4,2.199135444256668,0,1,Negative,15.988439847126733,6.36683359411748,1,114,Summer,1
38.65013665642279,0.8515094234150091,13.497651543872124,45.58212727085056,21.700538601753028,-2.893974101876035,24.23523300114579,1,0.9284207109439263,Poor,22.69173393547865,60.33537354858955,11.958891234104048,100.18907727551385,5.353056350834067,Poor,6.330184373778546,Semi-wet,1,Jersey,Male,Pregnant,152,Commercial,Grazing,85.87872325099697,1,3,5.019447844423639,1,0,Unknown,6.636386773409889,3.39537413523151,0,231,Winter,0
37.7971677755814,0.42426780204113,13.61511870052574,41.065621037254495,18.4605076225004,0.15681273452330108,29.304634484355056,0,0.6674431761818748,Normal,22.5875931747641,58.79047347107239,19.38943701560998,133.7712961959977,10.847962030441728,Moderate,6.319324208501422,Dry,3,Brown Swiss,Female,Dry,200,Commercial,Grazing,89.53441337843438,0,5,4.728238100549475,0,0,Negative,12.323212178129905,0.959036696264056,1,137,Winter,0
39.156033578213766,0.3057437262030974,17.728514473202072,25.90802541022757,23.986233416903282,-0.5819119790208254,28.39684669089401,2,0.4140959327426338,Normal,25.414992654691737,73.30983037536049,24.42320725870538,78.42866034806413,7.184542950722543,Moderate,3.7617280747540036,Dry,9,Brown Swiss,Male,Pregnant,104,Commercial,Mixed,6.366428526747281,1,6,1.040948743581589,1,1,Negative,8.497711099362085,4.097165577206894,1,13,Summer,1
38.7494638517607,0.551884511771068,19.72652651855039,49.70482996129107,17.143919891230716,-1.8644140518545462,27.851018115240116,2,0.6802420845169307,Reduced,25.83485503235929,57.91616310659964,18.367815636032574,65.77421166573906,6.01281487467239,Moderate,2.941111471154348,Dry,6,Holstein,Male,Lactating,265,Smallholder,Mixed,17.63084594290841,1,4,0.14657076054877294,0,1,Unknown,20.17113230814555,5.431337499609089,1,185,Summer,1
37.825469100321044,0.715165263558091,20.958701872471334,64.723444790822,15.845659630152355,-2.7220653375728965,30.475848168657794,2,0.4013128277437509,Normal,22.93222173926194,41.017196830712294,18.625810312378526,77.21284710741688,11.054964322508418,Clean,6.348578439541003,Semi-wet,1,Holstein,Male,Lactating,58,Commercial,Confined,16.93684069188326,1,5,1.8958490510761132,1,1,Unknown,14.54156751961021,0.6727884990679787,0,82,Summer,1
38.514474553770086,0.50476147601878,28.287981269979873,49.642512381230034,9.61080833389815,-0.21254118090718516,25.421003061112877,1,0.11418376798795926,Normal,27.109816327749627,61.95123003439359,11.75351483084837,60.09269750284846,2.9334452447706143,Clean,2.961145814811699,Dry,9,Local,Female,Lactating,270,Smallholder,Mixed,67.19646481756439,0,7,2.4226049820730307,1,0,Negative,17.497757578259375,5.788408070136941,0,313,Winter,0
38.24870615664565,0.24365232662615918,9.002270183196945,51.09135519053514,29.330828109860207,1.2637553374357269,25.08048598179608,1,0.7189787471768998,Reduced,27.78380349217563,51.207603308929386,34.59982714733228,142.6695416307996,6.731227829022564,Moderate,4.768709790876105,Dry,7,Holstein,Male,Dry,460,Commercial,Grazing,1.19113741751673,1,5,1.0461453537725176,1,0,Negative,16.186932264726995,2.185122632755532,1,165,Winter,0
38.89150470625151,0.6795689117269733,20.434942356497668,50.72445306155102,19.601376931341655,0.6774302396296665,36.2807397375124,1,0.8240876121707438,Poor,24.275605579131337,41.440356889231,19.2557985022233,137.2624152022247,8.523740979753523,Moderate,3.488666653127508,Dry,1,Jersey,Male,Lactating,133,Commercial,Mixed,80.6426199976002,1,6,5.1307576364045655,1,0,Negative,12.125569457769497,2.167679318659873,0,11,Summer,0
39.50427026761389,0.9219226208885398,15.771477709711075,48.970466698824,22.942874702215207,-0.11494002674110176,31.356132458292617,1,0.7288061990193877,Reduced,38.448195694075494,63.54214757670241,20.982258362164757,80.84917169851524,8.085414390150126,Clean,7.6553288662622245,Semi-wet,1,Brown Swiss,Male,Pregnant,487,Commercial,Confined,54.70460184253542,0,7,0.20148351907420103,1,1,Negative,19.511671301261117,4.721611312491545,1,6,Monsoon,1
37.574896518212554,0.5065722927578014,15.654339404444906,54.31665966868095,21.986571301154914,0.5182713598266027,32.9616763656568,1,0.22911466775667655,Normal,28.663491383515204,50.29772795991465,11.556778738604871,74.69878159318671,4.642764544088915,Moderate,8.976070827999902,Dry,5,Local,Female,Pregnant,286,Commercial,Confined,56.63130315873936,0,4,2.9017135123078717,1,0,Negative,15.153436778646187,3.0297065688019598,0,175,Winter,0
38.76901564748845,0.37306622210466167,15.52091148698449,48.95373681185666,15.595396402237004,-0.24082119856678552,35.35662751200441,0,0.9566350134776129,Normal,27.591324496657585,62.637090741986704,20.424101549954557,140.53973140649157,7.633129045343365,Moderate,6.623316878817441,Dry,11,Brown Swiss,Female,Pregnant,472,Commercial,Grazing,53.733642224101175,1,1,0.332864422820365,0,1,Unknown,6.216065636687832,3.879378031595816,1,285,Summer,1
38.60392032266002,0.5540618767462524,14.364921316768108,41.87322830346724,14.445610531310841,-2.344586364545557,31.1556650837488,2,0.02525456169115592,Normal,23.620220278451,53.88749933051432,12.660486756029202,50.1771951320956,9.085617642859816,Clean,5.28124645737278,Semi-wet,4,Holstein,Male,Pregnant,121,Smallholder,Mixed,53.53458897232722,0,1,3.219823430141627,0,1,Negative,7.687201837146052,4.347819118604013,1,103,Winter,1
39.10280404587028,0.23869016883902472,24.738099338413807,37.04011089991246,15.968109244016587,-2.331340977835165,33.570332074817024,3,0.33268529737564057,Normal,27.689209314406646,70.18544351402166,11.070087541503995,110.05775279913468,7.848854073266984,Moderate,9.973141126570487,Semi-wet,8,Brown Swiss,Male,Pregnant,246,Smallholder,Confined,19.788607463355024,0,6,2.7818954430591045,1,1,Negative,20.020250946303676,7.407673785488523,0,143,Summer,1
38.827917976942615,0.85639006758422,21.36918930805561,42.510263447193246,17.660989367023642,-0.5047527934770184,18.52392902757844,2,0.2600924345348955,Normal,28.204013185328776,89.54386934369796,13.271667528288035,141.60037609456705,8.844622259773223,Clean,2.169673081972314,Dry,2,Brown Swiss,Male,Pregnant,273,Commercial,Confined,28.31797218190315,1,6,4.6809131677341576,0,0,Negative,22.648321273007703,2.036754260865397,1,184,Summer,0
38.248818400956715,0.8610726487601494,18.0927839142295,48.141294964506656,24.199637482082828,-0.4409799295491117,29.224923231976163,6,0.04812622761485097,Normal,26.982628459983108,67.36159603558325,5.08278945515843,100.85574889063528,4.560787393887905,Clean,4.434728673631382,Semi-wet,6,Jersey,Female,Lactating,246,Smallholder,Confined,48.76174578334754,1,5,4.138050056712762,1,1,Negative,13.60408365668962,3.982303454417094,1,325,Summer,1
38.508567638600034,0.6704003707437027,23.404063009948,41.83917038877026,17.225694018876332,1.0764740177601477,26.903689229114036,2,0.40572969298866846,Poor,34.093255032197405,72.3447958446385,22.104533360050517,50.29669595996339,10.328489502717826,Moderate,4.2293852211760035,Dry,8,Brown Swiss,Male,Dry,268,Commercial,Grazing,67.78444975224463,1,2,5.063732178282713,0,0,Negative,9.86743519045316,6.394903033354286,1,342,Monsoon,0
38.22238448591791,0.4824823111507116,11.949884138804498,48.1433868313143,32.47894378956773,0.9359563356621208,38.06610454539886,7,0.6231148401627745,Reduced,18.49264280644398,85.96378788756007,16.624400165685294,71.88714293851557,6.496895369849698,Poor,4.849628784463357,Semi-wet,1,Jersey,Male,Pregnant,300,Commercial,Confined,27.195376001843474,0,3,3.266079122973254,1,0,Negative,15.375273228770645,2.038754079235211,1,159,Monsoon,1
39.34560428315916,0.8398266915566268,12.677179474676295,49.39150133700417,28.162906215358905,0.707699523638424,33.5658731908198,0,0.8825528634851013,Reduced,25.09810347471601,58.70002088625458,31.960670575817907,142.24415938919338,11.872238441045688,Clean,3.8447659292680214,Semi-wet,3,Brown Swiss,Male,Lactating,177,Commercial,Mixed,80.61349249975069,0,1,4.934622701432759,0,1,Negative,12.120653417691866,1.1178626596055314,1,275,Winter,1
38.71278698920317,0.6437496198306938,9.288129071221249,53.33179431270182,26.85015729799425,-0.620424069615771,24.217328855240922,2,0.9896897161914701,Poor,30.569176965295597,48.32742248927915,6.221215208375636,51.70224241798292,2.2328532066693754,Poor,4.114102683451647,Wet,1,Holstein,Male,Lactating,21,Commercial,Grazing,81.05931677810291,1,4,4.314813163774546,0,1,Positive,20.358977138674902,0.6332337928216767,1,243,Winter,1
39.840714411451806,0.8607458468400131,15.20234183950685,57.82794968838981,21.282046585161098,-2.2709782551652093,30.236764951175235,2,0.8080895864043981,Normal,22.5166867609844,54.139864146527664,6.296009025672503,89.47797660632014,5.803153712476433,Clean,4.061416879338618,Semi-wet,7,Local,Male,Pregnant,231,Smallholder,Mixed,27.387940715601566,1,5,4.677005235026162,1,1,Negative,20.158876095177234,1.2779974900473652,0,146,Monsoon,1
38.66360351171123,0.7051670340664165,18.646794106819012,45.780074184788575,31.085684414322902,0.4181067055990359,29.00608800069544,4,0.4686805187128248,Normal,19.266636661250576,60.13974703572747,31.576205519377503,128.9744726332978,3.8047505230511085,Clean,6.0459524060194445,Dry,1,Holstein,Male,Lactating,55,Smallholder,Mixed,56.006468055410295,0,3,3.60406279826515,0,0,Negative,11.491533084199013,2.5594290405566675,0,186,Summer,1
38.274955939853726,0.827524378570238,18.411434311729337,31.922234348523393,20.691966213273254,0.5877539698932526,30.72598859891337,2,0.7237044259670307,Reduced,24.405550650906434,72.25088406279191,8.799339266130238,133.80909936850034,7.556095269940534,Clean,5.128442216275449,Wet,9,Local,Female,Pregnant,56,Smallholder,Confined,34.89228545340626,1,6,4.3174570185324415,1,1,Negative,19.50539105334971,3.569423338992672,0,198,Monsoon,1
37.79177136443231,0.6788503945742079,18.597367644239522,41.548959031808096,21.812431515074522,-3.782797193716529,21.88694518375209,1,0.8436237885896407,Poor,32.219680852113584,40.22940147148605,5.064803123720054,97.760793262867,4.432050943736127,Clean,7.114240815879267,Semi-wet,8,Brown Swiss,Female,Dry,277,Smallholder,Grazing,19.068573543736655,1,7,2.4102897933979097,1,1,Unknown,5.437995796774338,4.953304325282052,1,201,Monsoon,1
37.61811619424643,0.531312854572533,12.355772675735672,45.44062567406599,23.019847238495615,-1.4515072798739939,30.160098791429352,1,0.46530719641868135,Normal,22.63520036249529,82.6691607383492,10.367415911390413,73.24837517328525,9.374779465674818,Clean,6.115209278941483,Wet,11,Holstein,Female,Pregnant,259,Smallholder,Grazing,80.59999557958484,0,3,0.5098923362834038,0,1,Negative,9.600022781473335,2.0006788294762545,0,30,Summer,1
37.74951843419671,0.96635668794091,21.212618970456088,26.642312438229098,26.210938243260063,-1.236581566090844,26.631091904270594,6,0.7850544340254999,Normal,25.21786650886102,43.804698652491524,29.716285252928124,109.9704717686159,10.818658623375187,Poor,3.467374818957844,Dry,3,Jersey,Male,Dry,383,Commercial,Mixed,99.1481218306534,0,5,2.499512288568168,0,0,Negative,2.8308412568662695,2.522717948308715,1,223,Winter,1
38.860275990606894,0.6328910599030758,18.958510072955992,58.88664520102482,25.821448474017913,-0.02247469831484561,29.6946985843336,3,0.48265241831287675,Reduced,29.10741033359517,85.03275744592753,29.081422482803067,76.37780315573015,4.108843535821109,Clean,8.480359831476061,Semi-wet,4,Holstein,Female,Lactating,450,Commercial,Grazing,56.571917819235814,1,3,1.0404024100541036,0,0,Negative,19.579267706490157,5.743103296996701,1,163,Monsoon,0
39.00523501393796,0.6840716148324307,20.932217125863993,46.423779125104666,19.14924832933238,-1.4050406491485408,23.653689009266984,0,0.3864959908767227,Normal,24.103485468875515,87.47172606024495,15.203966325303531,75.52642579959164,3.606776183017984,Clean,5.777561586724457,Semi-wet,9,Jersey,Female,Lactating,110,Smallholder,Grazing,91.39467048596931,1,2,3.7762756455387434,1,0,Unknown,23.4305920437244,7.317559575222664,1,17,Winter,1
37.751285578780724,0.3763901115317994,10.428951289639793,48.81352834580285,18.802037683444276,-0.25720185323696054,24.489620971620404,2,0.5260908377837612,Normal,24.80024422214317,89.5051397056067,25.04092751779556,130.75997633970132,10.753571857284786,Moderate,3.225852143247862,Semi-wet,10,Brown Swiss,Male,Pregnant,115,Smallholder,Grazing,64.21688075448019,1,5,1.5794541049245459,0,1,Negative,14.265579351041461,1.5163606080572871,0,234,Monsoon,1
39.23702298844567,0.7005206315418213,19.24596343519116,58.65526462526266,25.839417742912506,-0.5158024105294879,35.043052122200216,5,0.6758547376271449,Normal,23.73974880769039,80.47550922034388,20.217491220074834,65.42658352966131,5.612719150885057,Clean,3.3350387434292976,Wet,6,Brown Swiss,Male,Lactating,206,Commercial,Grazing,56.57237015786565,0,6,5.748848985364264,0,1,Negative,18.629414781203593,4.043863412124236,1,225,Monsoon,1
38.41016336898994,0.6572861195863551,13.248939040329892,38.69857169857653,26.291419503347395,-0.4387242073065919,21.690714649959034,1,0.7268820563185974,Poor,24.161103108732917,47.09277629700763,32.14204969537718,50.55214784019908,6.3458363495903,Moderate,8.375747283831647,Semi-wet,5,Local,Male,Lactating,279,Commercial,Confined,48.01448800474388,1,3,1.6271619936942088,0,0,Negative,10.236664274355736,2.7156341780787843,0,324,Winter,0
38.78807580719133,0.34787071835761996,16.41070698979455,50.7404193088403,19.639893251062762,-1.2745914405511192,22.13347359374771,2,0.35673626889210786,Normal,21.18532238404782,75.30835216125931,6.692704262522669,83.67752170058492,4.209695024435357,Clean,7.623945473784803,Semi-wet,5,Holstein,Male,Dry,238,Commercial,Mixed,23.571496669333857,1,3,0.5887962007723946,0,1,Positive,13.915718988766065,4.45977691616045,1,254,Winter,1
39.667332376953254,0.24766967788251498,20.137459594545533,43.90135876898064,12.476871581929277,-1.1584775811000163,27.690512456706532,0,0.5713202515560348,Poor,25.713581806630867,50.166064530408825,29.395373862098953,99.097395499503,6.2531486805114715,Clean,6.052223620318088,Dry,1,Brown Swiss,Female,Pregnant,369,Smallholder,Mixed,8.425527128243516,0,6,5.283740654914562,0,0,Negative,8.989181386489498,1.3934835090076565,0,289,Summer,1
39.23810358951932,0.6834874557718169,18.36437442502365,43.159131329840804,20.75610342395053,-1.8204005896710391,23.368657748884274,3,0.9098708740804471,Normal,32.32116907191955,84.8563917790202,10.117960082823801,120.50803918953237,4.31300073077997,Moderate,4.448652078018659,Dry,1,Local,Male,Pregnant,214,Commercial,Grazing,44.233591801684305,0,1,2.4864679196491037,0,1,Negative,17.027489461416778,2.532793064831048,1,242,Summer,1
38.53888161125651,0.8109538154802565,14.593840080882725,37.278076121956204,25.74115479295515,0.370101160860748,22.689828206423208,1,0.9763129001106398,Normal,34.914046356681965,55.830296282767236,16.74862692295278,128.11152576042886,8.65927440634181,Clean,5.684176294376608,Dry,3,Local,Female,Dry,65,Smallholder,Grazing,56.13099135488573,0,3,2.1347197416701897,1,1,Negative,6.663633291683126,5.816463249462566,1,244,Monsoon,1
38.16528466475083,0.6187210967376067,18.025092624737674,61.65603213686528,32.83250107851868,0.6566539428870524,28.63045582724977,2,0.2272480911839545,Poor,33.249076439299,56.33979885375206,10.758714543042977,116.351921113363,6.988764124800872,Clean,7.091868297104347,Dry,2,Brown Swiss,Male,Dry,384,Commercial,Mixed,50.94496542224242,0,3,5.3123301736813575,0,0,Negative,4.52457177279386,6.644824691213153,0,292,Monsoon,0
37.40891075920242,0.3814181002557166,11.873858739025428,41.24499959924429,14.812252225956028,-1.3559269251880082,18.96960485857777,2,0.19283116571334147,Normal,27.6884781393699,85.88266479574332,26.07843228782417,112.65088803169266,9.88060445962909,Clean,9.034258539436117,Dry,10,Jersey,Male,Dry,494,Commercial,Mixed,69.55706354090127,0,7,3.9207284687910953,1,0,Negative,21.666859279027673,5.162340837446545,1,267,Summer,0
38.26850800845455,0.7332175813544279,22.601069583593183,51.99464246895702,19.44057248301656,2.0809601440255667,21.952226590518173,3,0.6766856334286485,Normal,35.29425023508682,40.66155353918523,25.34978539259773,116.5748722319435,5.127281160672944,Clean,6.446942941429829,Dry,1,Jersey,Female,Pregnant,377,Smallholder,Confined,19.20987835675405,1,1,3.1930297151213702,1,0,Unknown,20.87847492286276,7.583442302613781,0,188,Summer,0
38.57332185670339,0.2640845812876818,17.178863922014994,26.249926125280638,19.66357863084774,-0.6719021711630733,40.32457349754186,3,0.41468388582344384,Normal,38.51429716583677,49.698307574178486,21.436928050970806,77.1526517581099,7.055950154590377,Moderate,4.213882358190001,Semi-wet,5,Local,Female,Dry,439,Commercial,Grazing,35.4202978913165,0,5,1.962772861012587,0,0,Negative,20.204081897898835,5.396753870222144,0,120,Monsoon,0
38.10769228370929,0.5534669638415637,22.474199777021305,56.79988529689787,30.134832036589007,2.095278435694841,30.756850353814055,1,0.024222338418137035,Reduced,27.906388994717787,61.09661332817275,25.944891104109658,88.23613229645679,4.5952332297713445,Clean,2.341919317547829,Semi-wet,11,Brown Swiss,Female,Pregnant,84,Commercial,Mixed,41.55672712902664,1,7,1.7549648911596456,1,1,Negative,19.89547969558525,6.099448177035662,1,260,Summer,1
38.62124581974462,0.33069340671873615,15.893873251615828,55.52211155957059,21.790350997248204,-1.163190760747405,23.520619886380533,1,0.34686187064728413,Normal,22.04717825343806,75.03607836550964,24.186943418140213,111.64365009995645,11.344739302466316,Moderate,3.403640447333925,Semi-wet,3,Holstein,Female,Dry,246,Commercial,Confined,18.6523305578312,0,1,3.4770674710439735,0,1,Negative,17.778614505491166,3.18070404560286,0,191,Winter,1
38.746111129775265,0.3475672408479067,15.905696046373668,45.97434110297303,16.55604064376641,-3.2398666648991536,30.509290469597182,1,0.8067447434722521,Normal,33.559682883508,72.37830830223677,28.293261670528043,56.557066035397284,7.219356677911032,Moderate,7.201420965299702,Semi-wet,7,Holstein,Female,Lactating,75,Smallholder,Confined,90.64642136721272,1,4,3.0083677616024573,1,0,Negative,21.119473970857026,1.7740120602982605,0,243,Monsoon,0
38.56508641091516,0.36183515932656296,14.943252853448614,42.73057533862075,25.352171697530913,0.40329673736852695,31.40398286191978,0,0.7974269303831826,Reduced,20.982573336896635,73.47059375835745,12.18219953871646,79.53253500678557,3.7346249631794306,Clean,3.283495734593261,Semi-wet,8,Local,Male,Pregnant,223,Smallholder,Grazing,68.15114574129173,0,4,1.6560166344851754,0,0,Negative,5.834929420921792,5.434079820511775,1,356,Monsoon,0
38.309998451505926,0.5093656456351823,21.5046957267723,49.00000005613566,19.572168879754322,0.17281765767848084,33.96648652054143,5,0.4946851488165819,Normal,22.567456300646104,84.0011014205332,17.867378448221615,90.6418944757653,4.72765659210029,Poor,5.852316425147607,Dry,10,Holstein,Male,Pregnant,54,Commercial,Confined,9.18623463423679,0,2,1.1042887667731969,1,1,Negative,21.01926227399169,7.393151489543325,1,5,Monsoon,1
38.80119280318004,0.24092016449631812,15.162275370686096,67.8879066088029,14.653676359852273,-0.1484093070386254,27.237063823259618,2,0.4725779348875353,Normal,16.587329337810683,46.051520614662834,9.548795880626862,103.3440682853936,2.8290196412406017,Poor,7.591640123811083,Wet,6,Brown Swiss,Female,Pregnant,138,Smallholder,Confined,71.27980398671892,0,3,4.908057091263164,0,0,Negative,22.109207801516884,7.864257496487751,0,192,Monsoon,0
38.965164389741645,0.5182347527432786,20.578381729660705,27.36763301096515,16.643360156343096,-1.163348717665984,33.858986216637334,2,0.5795074424343775,Reduced,30.63706676259033,66.10808481093852,17.88780692660582,98.6482107360961,2.2781599559773342,Moderate,4.465799211224886,Dry,5,Holstein,Male,Lactating,485,Commercial,Confined,54.7787606020495,1,6,4.126481403268381,0,1,Unknown,17.468087233944527,3.875353162601635,1,341,Winter,1
38.04576055353429,0.6093659576917607,16.47019040932284,52.82027387574128,32.40425172653572,-0.25185833822872855,15.769320850706963,2,0.21939671056357601,Normal,15.422778372202767,76.27388445512443,26.050752542610237,121.81318781539937,7.259218260706709,Clean,7.352847118458289,Wet,10,Holstein,Male,Lactating,257,Smallholder,Confined,52.39404667931525,1,4,5.959758143185846,0,1,Negative,14.785082957372977,4.547801314704824,1,205,Summer,1
39.54655942784777,0.5866354279730601,10.096146800433521,35.883826978460974,24.305255329896774,-0.966889186804291,21.66215121714548,2,0.5260436248909555,Normal,31.96425540921134,71.80592214620822,25.741734823530546,97.34266754164611,5.3712292252560525,Clean,6.648576493182549,Semi-wet,5,Brown Swiss,Male,Pregnant,120,Smallholder,Confined,98.9785775107481,0,5,3.094800635950385,1,0,Negative,6.429617067147812,2.8341129133221425,1,132,Monsoon,1
38.640847120629445,0.5062272803224325,15.718743728854136,44.80081603700269,22.646560332715257,-0.653524349497626,28.983228410418736,1,0.011046360056648385,Reduced,36.04721160732163,62.415705996963375,26.282807098848284,140.41299838249887,11.637734552603064,Clean,5.5115128554271635,Dry,1,Jersey,Male,Dry,298,Smallholder,Grazing,61.820082117557874,1,5,5.966327551030146,0,0,Negative,20.921696049361405,5.543860933037038,1,114,Monsoon,0
38.711309773766914,0.8713172864566021,13.283567142548607,42.52119880921337,20.500637585127723,1.0624483836476126,29.977801196846748,1,0.4755595547831337,Poor,35.63888018723042,40.8557292936082,14.263025859330696,88.03183421524173,3.713313963614842,Clean,9.177963831074088,Dry,6,Jersey,Female,Pregnant,244,Commercial,Grazing,89.67281929963139,1,6,2.7649592163497054,1,0,Negative,14.267030391582008,6.239155860700476,0,291,Monsoon,0
39.12492865395394,0.3162613539364033,18.13561089472935,40.716817422022444,23.752893052712793,0.07632584429514022,22.529306273988148,1,0.33605104625059257,Normal,20.670894966790428,43.02261328239423,24.866419213727717,102.53717061761563,9.939126527369453,Clean,7.53647112341955,Dry,6,Local,Male,Pregnant,353,Smallholder,Grazing,91.3548940106124,1,4,3.2097406806895243,0,1,Negative,15.045393788887585,0.808974057913268,1,26,Monsoon,1
38.839929678758104,0.6045573950250992,13.23836905730204,44.89534870947271,23.681415676014964,0.714927080997966,29.556519947578956,0,0.6748696059036596,Normal,17.68151821834626,45.94706634269183,16.023989587668147,50.32103896020268,5.159714421929028,Moderate,4.8847762652206015,Dry,3,Brown Swiss,Female,Lactating,63,Smallholder,Grazing,10.14186317408502,0,1,1.2546422476645638,0,1,Negative,14.950910485305226,6.849716149209827,1,154,Winter,1
39.27188198034795,0.24963313356524344,21.703900402858466,33.6582885472221,23.753012969243958,-0.5478027599386849,24.256958507876437,4,0.6383535841526276,Reduced,23.787573953455457,57.16138764176818,33.334761383151495,81.04779564461893,4.235373860587052,Clean,8.434116268204333,Dry,4,Jersey,Female,Lactating,20,Smallholder,Mixed,0.8362256379569888,0,7,0.897054667680335,1,1,Negative,20.93592798971519,4.35348743061642,0,19,Summer,1
38.8722744991211,0.2569245431023278,17.63569655858789,55.291804361279674,22.689070541666517,-0.7130260187071626,26.338245434637006,3,0.380835880182809,Normal,31.395960932132674,45.882672633357345,15.300990976410162,136.65729773139924,11.696368190013073,Poor,7.904817713357374,Semi-wet,4,Holstein,Female,Dry,238,Commercial,Grazing,43.526690939872736,0,6,5.641316968001174,0,1,Negative,4.150474893471651,4.847861922745945,0,37,Winter,1
38.33253757521574,0.6590926797416771,17.289616020965045,27.058564888013997,27.212790029833297,-1.9302237963329654,34.148642803990064,2,0.007272981478591567,Normal,33.018943283324795,61.30411565313042,23.09054702133164,83.35763945962915,10.025765987457657,Clean,8.333471724065316,Dry,6,Local,Female,Dry,235,Commercial,Grazing,76.92849810410226,1,2,5.88729413425236,1,0,Negative,2.418463641531711,2.0466960344692646,0,139,Monsoon,0
38.91690211512366,0.6528147399102568,20.62356855115033,50.39764512828342,22.138626076004385,-0.7550549188522955,33.4536249813316,5,0.25227362939496045,Normal,30.3224974227428,48.93209952927897,27.50437142576528,75.3186333332462,8.306208914453316,Moderate,7.1276478643279555,Semi-wet,8,Brown Swiss,Female,Pregnant,469,Commercial,Grazing,82.4195955330532,1,7,3.2853581992465797,0,0,Positive,6.151626382957258,0.5772536838165074,0,66,Monsoon,1
38.013764275607606,0.9024268102755657,21.85562773630345,41.73464147465429,16.13236698668417,-5.181671833383708,22.017638035820426,4,0.6333478501891623,Reduced,29.640026440985267,78.9583098763103,32.19222287079023,104.35369624422216,8.971210372237522,Poor,5.034964926715989,Wet,9,Brown Swiss,Female,Pregnant,159,Commercial,Confined,78.74940466339014,1,1,1.6335236913517703,1,1,Negative,12.31047441061874,7.641524876514057,0,31,Winter,1
38.76513582346592,0.6462989405280586,17.919604992921393,33.29075106192546,18.32546265459479,-1.0853329494584523,21.65649122787938,3,0.07237334301750453,Normal,38.8050246850018,83.57438083561078,18.137858103617326,57.873009844207246,11.913814748505898,Clean,4.788628124834153,Semi-wet,9,Local,Male,Dry,416,Smallholder,Confined,44.72879585141993,0,2,5.708416913694813,1,1,Positive,11.796564770585787,7.463002995649344,0,203,Monsoon,1
38.68006200561333,0.9678328163238803,14.915198801802838,47.02383370598695,10.125887839061726,-0.32281126578625857,25.532959626680103,3,0.10764242183346384,Reduced,24.60977914558035,59.48237539840879,15.814553246248039,103.16051316503993,7.932074088248868,Poor,7.233210886074115,Dry,5,Jersey,Male,Pregnant,430,Commercial,Confined,74.99641185365242,0,6,4.780487499696436,0,0,Unknown,12.77671290533325,6.307551351048042,0,44,Winter,0
38.57512988563648,0.23895587871994384,10.904121535551482,29.43048913293522,34.160902696254354,0.6455104814052341,27.83952219296245,2,0.6470350245670872,Reduced,23.11012383881448,65.56658826578195,17.90084525949767,80.36657982421883,3.019004508069601,Clean,3.0472000637352092,Dry,8,Local,Female,Pregnant,295,Commercial,Grazing,71.87765245261798,1,4,1.0788501982294496,0,0,Negative,3.6297107212264414,4.051979980870767,0,272,Winter,0
38.62287749313664,0.2784061478245929,15.25580097185928,45.39713821719635,27.17652755171612,-0.6030168162874352,24.052609068551554,1,0.7557674009492923,Normal,21.05434599220612,87.67481207804708,14.710890546493424,88.31028898743875,2.6486612670138134,Poor,8.559314803988606,Dry,8,Local,Female,Dry,386,Commercial,Mixed,31.381925096480366,0,7,1.790044031514709,1,1,Negative,19.236525245459326,2.882157522768222,1,2,Summer,1
37.57089057270142,0.23525268925630513,15.531151013408154,30.771230921884456,17.01957702922458,0.3215103133674991,34.24385465679801,4,0.3215497080127121,Normal,29.1648295875743,66.77538776743103,24.61773470201942,129.1365004337145,8.666067774738735,Poor,4.962683071984585,Semi-wet,10,Brown Swiss,Female,Dry,131,Commercial,Mixed,16.872056023887883,1,1,0.025239271656223528,0,1,Negative,7.948850703858266,1.6705858067963184,1,59,Summer,1
38.37076505535543,0.34822148026683203,18.42822981196919,49.61272084317831,20.3089309036174,-3.4696829920853682,30.08433905025133,3,0.48967306551656187,Poor,26.102244554533122,89.75366079217125,32.981502920257526,116.19640186141183,8.576011439251483,Clean,7.042975914924392,Semi-wet,4,Brown Swiss,Female,Dry,262,Commercial,Grazing,62.14187172219956,0,4,3.492014773685811,1,0,Unknown,22.00428973218335,1.1069030625423255,1,246,Summer,0
38.755706940684675,0.6330160887533425,16.61941247544789,35.756426663696246,18.1787411547614,-0.28525527831042463,30.436510659246572,2,0.9457113649836586,Normal,31.12489532225048,47.10654968460273,8.782130194681002,94.61060931238428,9.481737929780886,Moderate,5.9925113194673445,Semi-wet,4,Holstein,Female,Lactating,373,Commercial,Mixed,67.70863921820848,1,2,3.158377353209528,1,0,Negative,20.31915745478481,3.929788057757048,1,176,Summer,0
38.79591383519844,0.7164577451419425,20.75173188820571,40.49005982970691,31.255283268244703,-2.719254189370105,20.400767026330172,5,0.9455435621759695,Normal,24.74725289705964,83.11132102983493,21.827661943104708,107.75163130849394,3.0877873023261375,Clean,6.154611936197231,Dry,3,Local,Female,Dry,25,Smallholder,Mixed,56.7970690867908,0,5,0.983333680730792,0,0,Negative,2.459633471655739,6.441854229391051,0,164,Winter,1
38.08339491544443,0.23646812635893505,15.548066914917243,47.93949387943162,13.480737014374427,-2.012455273488999,35.00374430430268,3,0.3075027744634301,Reduced,30.143910498151588,64.86015013364826,31.929461760809932,126.68587553202292,11.449022747551718,Clean,7.904049169610777,Dry,5,Brown Swiss,Male,Lactating,411,Commercial,Grazing,21.317954649104642,1,6,2.0359595382832074,1,1,Negative,2.231970106328842,5.944416483832735,0,264,Monsoon,1
39.459424704518824,0.9567767118764794,17.771835332588232,37.27457888157764,22.686856352912677,-0.48074832179579136,11.078987066555854,1,0.8099878750170902,Normal,25.080718952589482,41.13570556248341,8.003436339680526,124.57837451961883,7.511584139106448,Clean,7.013360429371347,Wet,8,Brown Swiss,Male,Dry,296,Smallholder,Confined,27.667332035545577,0,1,5.635323403350357,1,1,Negative,15.466506279571936,6.169504907315829,0,36,Winter,1
38.1802950910713,0.8737323013203049,22.735949772787556,44.42036000331697,21.348832944610912,1.7143959818103316,33.00433271109621,1,0.5939440528068588,Normal,26.186475795570882,88.61114707196742,19.815962322988426,68.53217105511784,8.495555210212153,Clean,4.002471906765708,Semi-wet,8,Brown Swiss,Male,Dry,122,Smallholder,Mixed,70.84862714593395,1,4,3.8939615322257395,1,0,Negative,2.777349775874338,1.3898762126195916,1,107,Monsoon,0
39.28167432031604,0.4372899857256745,19.367300855819867,29.861694987551463,26.961031784254686,0.3568101452050882,33.60587042602462,3,0.97548449335038,Normal,26.66004887847583,88.25239498716789,30.956887875813383,80.09192219992048,2.3485238337813024,Moderate,2.5938074513899023,Wet,9,Brown Swiss,Male,Lactating,424,Commercial,Confined,96.26223640372191,0,2,5.177997576099856,0,1,Negative,14.152273065300268,6.970618216667409,0,25,Summer,1
38.956316617123015,0.2617500241811744,17.75984983324574,51.30875603596156,21.37594463365183,-0.17265350429432427,25.405592876332232,0,0.4776135697110965,Normal,18.4984920889968,59.16354200914436,32.01356635136247,84.82369309660253,11.609742145155739,Clean,8.721872538922328,Wet,1,Local,Male,Lactating,320,Smallholder,Grazing,94.48356015558844,1,5,5.029869415237538,0,0,Positive,2.8207635770498856,6.529792769512653,0,236,Monsoon,1
38.31226361409372,0.3359096585752458,15.592222232259292,62.64913805550771,11.45074674006739,-0.22929558420065332,35.63746130348454,4,0.7747068680155615,Normal,26.300075902817994,87.70710355429524,20.430564834587493,68.75422900050044,7.6259184874394865,Moderate,9.079152598014861,Wet,4,Local,Female,Pregnant,89,Smallholder,Confined,51.96581464172928,1,1,5.523956733050145,0,1,Positive,12.02501364235304,1.2056659497754487,1,260,Monsoon,1
39.76518653556571,0.30155553100397814,15.467074413140091,72.92208867909962,20.493292992145356,-1.270443339806701,27.621414682273922,1,0.768137129614871,Reduced,29.810714114453745,47.05048211192729,5.748556534031524,51.21614540063042,7.633631129946286,Clean,3.3159722633385496,Dry,6,Jersey,Male,Pregnant,380,Smallholder,Mixed,88.65594747654684,1,2,0.24924416637539415,0,1,Negative,10.63945257629923,3.1739960664757296,1,109,Winter,1
37.983817900946114,0.2986270234391575,14.597546988192208,45.91168146666439,16.167026692340052,-1.0159751200590255,28.37459021996466,1,0.49743286763307615,Poor,22.05944211557378,74.0055070560341,8.16917535283465,67.39672687888122,11.435553162303798,Poor,4.47581653535626,Dry,5,Local,Female,Pregnant,447,Smallholder,Confined,2.9451200305333214,0,1,1.5748251972876934,1,0,Negative,14.591482330860144,3.3141815239839767,0,171,Summer,0
39.251492504166,0.6148493509325872,15.835972536868402,52.88204140797187,22.477477279339364,0.44106406820619576,30.037172724425297,2,0.7956301142973078,Normal,36.55061346632646,49.59644934439173,22.601502357237013,130.82443270814872,11.293501781836675,Clean,4.258739055453859,Dry,4,Brown Swiss,Male,Lactating,206,Commercial,Confined,86.11521215976752,0,1,2.4934382607880536,0,0,Unknown,9.192484818220276,6.013336950053041,1,155,Winter,1
39.30034939082579,0.3966779539947203,21.022663354977258,27.193743270925108,30.60506221912196,-2.2780407776667415,47.11944947086633,3,0.2610403333069965,Normal,27.02442870465097,52.33236181674138,8.715758193990348,104.59204513924712,4.202985918172416,Clean,9.499588485921239,Wet,11,Holstein,Male,Dry,177,Smallholder,Confined,47.61508234347266,0,7,3.8405859395174478,0,1,Negative,4.221085384493481,6.953625499534382,1,109,Monsoon,1
38.29762787455402,0.48651177322331557,17.112446914830926,60.02734326305588,11.56344853460633,0.6895810754245317,36.06660344849803,2,0.12225303629022888,Normal,23.86598911214024,78.96687186013027,9.482533307338123,84.16580269871808,11.310988219059293,Moderate,3.638219055445507,Dry,3,Local,Female,Lactating,157,Commercial,Grazing,78.1527334908318,1,3,3.648760405211295,0,0,Negative,20.368669881635547,3.3179422854832095,1,120,Monsoon,0
39.5354791800386,0.991604266707458,12.600907722475075,52.762285047241065,17.198663587600578,-0.782760600678279,32.20678720427751,2,0.42516374465531626,Normal,23.713729882216604,58.86790422826475,28.163512933463416,110.83444456294649,9.366212893800615,Poor,3.332313856798656,Semi-wet,2,Jersey,Female,Dry,350,Commercial,Grazing,0.5582909587431795,1,7,1.4766369937941213,0,1,Negative,7.8839189193754375,1.4812916313799744,0,217,Monsoon,1
38.54997209124063,0.7474513991402758,25.072677172239132,40.16066555048767,18.683842277299018,1.038335612304348,22.52317308039283,2,0.9436306566335847,Normal,33.852557796422374,40.35637514143106,27.52076175726501,123.98341253467918,2.1890072733141746,Moderate,3.454708397985592,Wet,9,Local,Male,Dry,276,Smallholder,Grazing,86.85607843690038,0,4,1.1568236727226213,0,1,Negative,2.551647152361232,1.119212627014756,0,145,Winter,1
38.87321617756792,0.959184533637601,19.27986076458065,57.37180800289009,19.71021342752073,1.241640185848125,28.861538952876952,1,0.5007446082025288,Normal,22.875966042790868,60.71192120977973,30.283182782764158,85.44277830208627,4.398431487383384,Clean,7.838953408750135,Wet,10,Brown Swiss,Male,Dry,413,Smallholder,Grazing,59.49796223808745,1,3,2.624470646812009,1,0,Negative,12.513680949423485,5.291315589509692,1,341,Winter,0
38.85619310326273,0.3140452440264925,12.372226397947323,42.455239233546585,26.440753984631463,-2.7096260187586103,23.12125543692168,1,0.635259138646927,Poor,28.49048583995694,51.40346603164797,8.17205409518317,96.60748415349744,6.129801454714464,Clean,9.104158753971802,Semi-wet,3,Jersey,Female,Pregnant,428,Smallholder,Confined,24.02303982522159,0,1,1.5037161585642043,0,0,Negative,21.186525137805642,4.2348360891532595,0,335,Winter,0
38.619414755117674,0.5057115798660554,16.232604291036704,40.41974816985444,20.958733494631677,-1.072371144840827,32.932665083696875,3,0.6241624559078753,Normal,31.41518085862775,74.16649567791455,10.944346432904531,56.42132166701156,7.828224555057547,Clean,5.146939285066145,Dry,4,Brown Swiss,Male,Lactating,483,Smallholder,Mixed,34.748305443550045,1,2,5.790671106756818,0,0,Positive,7.456565173328326,7.265361433397745,1,112,Summer,1
39.18648496389587,0.6437854426258834,18.44354553131367,49.753349254274916,24.494816354322673,-1.4832915319109354,28.84280185440914,0,0.13257286726953044,Normal,29.77107869039805,49.72243483617501,29.988842895759518,109.70905362124792,9.01329730488689,Moderate,3.088639234930854,Dry,1,Brown Swiss,Female,Lactating,102,Commercial,Confined,20.066608693123168,1,4,5.7927551322918465,0,0,Negative,11.367317553585536,7.651460820621636,0,117,Monsoon,1
39.17609323233133,0.26140644951099046,24.818368373189507,34.366455001696814,18.245361737609343,-2.9190919476097146,21.252869922316627,2,0.3902968823772103,Normal,24.18661351215988,82.11267642182378,26.632628260933764,85.64070955521846,4.102103939568993,Clean,6.68577597926672,Semi-wet,1,Local,Male,Pregnant,93,Smallholder,Confined,42.44057578458832,0,2,0.680116315593829,0,0,Negative,10.259061104001248,7.235431845499488,1,24,Winter,1
37.6508808160571,0.2033499549023663,13.567550166964523,55.21624764399948,23.379546072507626,-1.7487999143141157,28.48674750051102,3,0.7069389729218748,Normal,31.196108705554597,53.35465060540821,29.178683834841205,93.35236476007876,10.36700514273689,Clean,3.679479666631809,Wet,10,Local,Female,Dry,386,Smallholder,Confined,33.00060312805233,1,7,4.230562785899766,1,1,Negative,2.112923745740594,1.0672518895394325,1,263,Winter,1
39.482604145726896,0.7363474670375341,21.904162877423786,34.44010188073157,26.66678578526629,3.4618837678980094,22.90349518170217,4,0.9719900985807263,Poor,27.778882279337502,59.65141291415068,34.69237024723766,92.26006179469246,10.457153238891546,Moderate,2.5132115789218785,Wet,9,Jersey,Female,Pregnant,33,Commercial,Mixed,53.45031770520114,1,2,1.3693676158429204,0,0,Negative,20.9719802270691,2.63197865767736,0,117,Winter,1
37.7025048071786,0.7134556134411483,23.597945707889373,34.49945210176814,17.60620270157747,0.7142648443186601,28.907297328025283,5,0.16801773829702615,Normal,18.400290406987942,54.9018430398549,30.932948184671066,113.24092887425428,8.349988192605773,Moderate,9.089851027059808,Dry,11,Jersey,Female,Dry,150,Commercial,Mixed,81.47844418929276,1,6,4.304592825380593,1,1,Negative,18.45427030938633,2.291055606365016,1,63,Winter,1
39.319527722604995,0.5286310479996894,15.48538277970172,35.90310211591665,26.688148718839088,2.675931952908631,22.845536101808463,0,0.41044189033911627,Poor,33.11632802923655,72.19616739046829,20.61389752549281,107.2465348954481,11.210939105156983,Moderate,8.966730210669407,Dry,4,Jersey,Male,Pregnant,215,Commercial,Mixed,98.22752651809637,1,5,4.602639887913284,0,1,Unknown,3.202684532381655,1.0149738231823346,0,252,Winter,1
39.37602308209655,0.5917152608256262,16.889945524559067,52.59500037516122,22.31423661236541,1.0436476600275035,28.164925800164877,2,0.09509379980272936,Normal,23.932070888548402,45.05817706131984,14.323045543917722,92.21060477765681,10.129824268971879,Clean,9.80728128207419,Semi-wet,10,Jersey,Female,Lactating,187,Commercial,Confined,25.145764072717203,1,1,0.2890014666833842,1,0,Negative,4.039815242873031,7.387044042428892,0,230,Winter,1
38.045420141870885,0.5323544004736718,13.854763010504918,38.83224638480292,28.272761442893515,-1.3127647415127133,32.50281917161057,2,0.24237645964925603,Reduced,26.121981226314308,63.90496863491221,22.090297597241033,51.69550214907287,4.216236592935409,Moderate,5.792038039249063,Semi-wet,4,Holstein,Male,Pregnant,436,Smallholder,Grazing,10.65082626928222,1,2,4.17208997079814,0,0,Negative,1.2433828268954938,7.210895431655549,1,150,Winter,0
38.453511427227255,0.21920403587591109,17.18615543567878,31.520042156328312,20.791480599538158,-0.7726567950110645,27.681688048449363,1,0.37675934332615024,Poor,28.5473268827934,56.722740760752906,24.157596507033574,112.09626146313792,9.986768663103605,Clean,4.352009585683377,Dry,6,Jersey,Male,Lactating,231,Smallholder,Grazing,39.566724990261505,1,1,5.380781926896768,1,1,Negative,23.671519086642316,3.4307537120232823,0,106,Summer,1
38.03657719890844,0.46829728497396994,17.853640102628276,38.94320000064202,24.287467930972593,0.682654270360461,25.654670396965667,0,0.5406432479523504,Normal,24.34054032331297,84.20689816441573,15.059364237788628,137.9577474034327,11.53202078753105,Clean,8.15826996456322,Dry,2,Local,Male,Dry,226,Commercial,Confined,14.355427615104755,0,3,1.2978144217868257,1,0,Unknown,10.572144509908705,7.690324702059376,1,181,Winter,0
38.57104738182676,0.3416658043178319,20.638599992329482,44.67957629319513,21.75636260992882,0.45625930520955443,29.219657326344777,1,0.23056688223908095,Normal,30.78453860996597,43.67060467871962,28.128111124540354,126.95515715938977,3.3760644701843097,Moderate,3.443959456671302,Wet,6,Holstein,Female,Pregnant,154,Smallholder,Grazing,83.42402020843542,0,7,0.6934059942518691,0,0,Unknown,22.398965555364306,4.725092216737057,0,330,Summer,0
38.515179429488555,0.278739351281095,22.36073388408179,33.19027516335615,21.422726427756526,-1.0660130235625007,32.183095724757116,3,0.22756266117868573,Reduced,21.480797869914426,81.48475324664274,7.782613779736602,148.16156322500822,11.78697884791029,Moderate,3.946336614530245,Wet,7,Brown Swiss,Male,Pregnant,127,Commercial,Grazing,50.11248795363639,1,6,3.400947228989474,1,0,Negative,10.663295231507394,3.755237152443723,0,268,Summer,0
39.16779631936161,0.9653763471114798,15.007615741513412,33.48318890965656,23.553582569354138,-2.4649897558688103,21.356900380709437,1,0.7778299791402038,Normal,24.12809745440657,48.38402382649546,28.3817855204513,63.907533802071335,2.2499279677009025,Moderate,4.0454610096590455,Semi-wet,1,Brown Swiss,Female,Pregnant,278,Smallholder,Confined,61.99623824086472,1,6,3.104755506922626,1,1,Negative,3.3874083512005857,4.622375159950497,1,104,Monsoon,1
39.48618524767177,0.6794877800337324,10.130699743096022,66.11296334099585,25.220844815349423,4.731641781083108,29.563936928231215,2,0.9626416629468812,Reduced,33.12861600952766,44.428882996497755,5.959955560458454,72.25200527878536,7.221672447737723,Clean,9.612955279297442,Semi-wet,8,Jersey,Female,Pregnant,138,Commercial,Confined,15.061255427639376,1,3,5.314619446359894,0,0,Negative,8.896456146840029,3.665416737783457,1,278,Monsoon,1
39.53741028647398,0.7829250273892823,17.915020882895032,36.394345961861134,14.50261052845597,-0.4117245085142085,35.9052449141044,0,0.3236129677514562,Normal,27.126385065742348,50.1161429061504,19.938981821644706,103.9267465221979,9.738931389784842,Poor,7.838583350648592,Dry,6,Brown Swiss,Male,Lactating,238,Commercial,Grazing,74.96088158365666,1,2,2.7065153851523602,1,0,Negative,10.619327475846896,2.6891542011270153,0,167,Summer,1
38.36269918405302,0.452290994612894,19.17415011987456,41.76957631226993,30.601801652907266,-0.68860833977393,31.44194177966029,2,0.6879920186356802,Normal,21.715929095923048,45.13264910059052,30.84309390449799,73.58817023438064,9.904381025462543,Clean,3.0695583406572275,Semi-wet,9,Holstein,Female,Lactating,184,Commercial,Confined,97.35818119349604,0,6,2.4812971095836835,0,1,Unknown,5.062130196968065,1.8582660716721384,1,47,Summer,1
38.57446687575329,0.5145177035952122,18.997670750740166,41.32762999200714,10.84202175670121,-0.02999830414204724,28.34652488000337,4,0.25808046135792073,Normal,27.393641085181006,66.04919741010627,7.594858220641926,53.45497812816898,9.346725691462678,Poor,2.742767024991254,Dry,4,Local,Female,Pregnant,368,Smallholder,Grazing,48.2385251492264,1,1,4.283820366958018,1,0,Unknown,2.2306807039646186,3.9546888737827715,0,44,Winter,1
37.689937084667434,0.3895391951173788,16.693307009963824,40.786431922295584,17.891127341566623,-0.5640928839665429,31.838425040193368,1,0.927952254965632,Poor,29.008268836702232,89.41074764578906,20.53216809482509,90.22882761639461,7.293513727531619,Clean,8.742518828676094,Dry,11,Local,Female,Lactating,173,Smallholder,Mixed,96.24573047906433,0,5,0.4645678922865655,0,1,Negative,8.279919934707696,4.480826102700638,0,16,Summer,1
38.21647796010229,0.27757253677233984,18.49900839865574,51.21346739969103,21.434385575410595,-0.01590663844177448,30.714978736616096,2,0.6729023601653983,Normal,19.069903720858427,41.71636759621294,9.78174316883949,78.76447341539824,8.509643220703953,Clean,8.418194584358092,Dry,2,Holstein,Male,Pregnant,366,Smallholder,Mixed,3.4716093841359985,0,4,0.3422600357372745,1,0,Negative,13.403745244135116,6.662162839976119,1,315,Winter,0
39.27891097985848,0.34322530995326705,24.06177923340899,54.481429504720495,24.474135814515687,1.730420929174629,32.52160665495889,2,0.80267685463757,Normal,35.271421272326165,63.05641746597307,31.844472501828058,76.37608456588828,8.999321856531138,Clean,7.367956624066841,Dry,9,Jersey,Female,Lactating,44,Smallholder,Confined,3.5722713814355433,1,7,3.0295067948291994,1,0,Positive,6.872500107784672,4.050338891982542,1,34,Winter,1
39.66934969412894,0.8380112362371888,19.52693667585004,41.94045568468408,31.45703516644827,-0.38682271952963565,15.856410334102334,1,0.04935404319916481,Normal,35.947017821532626,59.30351645539309,29.970365811008904,145.31728170242485,6.945392242138956,Clean,3.568805219172929,Wet,8,Jersey,Female,Lactating,443,Smallholder,Grazing,96.00129107593915,0,3,0.534189449988622,1,0,Negative,23.049731326395918,6.720587764067221,0,208,Monsoon,1
37.95939067687205,0.7420366441470208,16.506526299987662,32.63521713407651,10.850251070649357,-1.944065658991642,18.679263198020408,4,0.5985059682406246,Normal,27.600003715574807,56.98032071232002,33.017517298804634,73.84541162654496,7.956849751346375,Clean,5.84226831111417,Wet,2,Jersey,Male,Lactating,62,Commercial,Mixed,70.0265597431028,1,7,5.634788580011906,1,0,Negative,12.072770195346298,7.6598915072893465,0,55,Summer,1
38.34452144450827,0.6375431007883816,15.999208731616017,57.744402278489034,18.953835229661735,-0.4424656917179164,34.02897489689942,1,0.5276123313583823,Normal,25.9995917019562,56.593180521668046,31.249470245902806,62.94325711873978,10.463680534575731,Poor,6.821807563658191,Semi-wet,8,Holstein,Female,Pregnant,134,Commercial,Confined,18.868972702400477,0,7,3.925447485406121,1,0,Positive,3.996249587358521,5.911156966605166,0,253,Winter,1
38.68415654582465,0.5800718982934145,17.320590569289077,44.04658908803317,9.238999073204408,-0.8966026721148661,18.968324943031355,1,0.292996906911532,Normal,27.11472044006729,84.7506378313231,27.09659929597972,62.53192579078512,5.128790211458272,Clean,9.457100214722812,Semi-wet,11,Jersey,Female,Pregnant,369,Commercial,Mixed,36.387479909256925,0,3,4.52189113883813,0,1,Negative,10.510346361465842,1.3978585520048443,1,74,Summer,1
38.86809669529177,0.9379474269248995,24.546959847322558,62.30321814857169,22.189731843461487,1.9358484058702772,30.40923181431523,1,0.26242998505731807,Reduced,31.465254925686786,40.9488075104202,10.546675867655084,130.63240734885292,7.232063269686323,Moderate,3.3553899215792846,Dry,8,Local,Female,Lactating,63,Commercial,Mixed,50.775306792817275,1,5,1.3732365832369657,0,1,Negative,17.277101953234048,3.959489894655066,0,24,Winter,1
38.214237888047016,0.2581879582229347,17.266797161895212,22.54414102434837,23.630101507000184,1.556678597106356,25.887702063806252,3,0.5800248023169697,Reduced,29.26304674822385,78.74581936900691,14.075078470067021,121.48480745267403,2.0847972102550787,Poor,6.1235744571689095,Semi-wet,5,Holstein,Male,Dry,231,Commercial,Confined,70.26377355687445,0,2,2.9641579880630156,1,1,Negative,12.204413446560624,6.925322974037736,0,111,Monsoon,1
38.95443662667846,0.4244806505903328,17.920822621917168,46.954032212833205,31.544774453027514,-0.03871249935380178,22.02286452642402,3,0.7064856350072252,Normal,28.196141002862493,52.64665894029709,19.90565474924022,62.94861955670622,8.874363997767931,Moderate,3.262013111026496,Semi-wet,7,Holstein,Female,Lactating,474,Commercial,Mixed,84.20265601752294,0,3,0.8030771774734888,1,0,Positive,8.618379530799132,4.187315039243797,0,242,Winter,1
38.41569639175745,0.47995028285657126,16.070745716254788,64.18606333876208,22.723808565360724,-2.118103782228885,30.097898542884842,3,0.03317275703518896,Normal,33.911650401521904,59.16477554087874,22.66690344544171,71.97531188607863,3.953854646148417,Clean,5.550794724593218,Semi-wet,7,Brown Swiss,Female,Pregnant,304,Commercial,Confined,8.265640471319468,1,3,1.218622017922844,1,0,Positive,3.4448998598223897,6.580457667218045,1,240,Monsoon,1
38.691328637473035,0.8259406497702304,22.395933429767858,41.46735864561842,28.264150776654276,-2.0388383951599187,29.206201022299425,4,0.5674015819237044,Normal,32.654693962809255,61.007495642428886,28.465501859396298,124.73430084435303,6.810012537137689,Poor,3.601079797047383,Dry,4,Brown Swiss,Male,Dry,257,Commercial,Confined,65.65741234889137,0,4,3.4092530098040985,1,1,Negative,11.56978186131458,6.319209672727411,1,130,Monsoon,1
39.02777054880222,0.9940116961295771,25.8393490189787,42.74506576665364,25.503022489234354,-0.17731510762316954,40.66205591257827,2,0.17045952894662864,Reduced,22.200431574802238,55.23658770368717,11.80878884561183,77.46163978346141,4.102052162804593,Clean,8.689489666521691,Semi-wet,6,Jersey,Female,Pregnant,245,Smallholder,Mixed,47.67114136379429,0,5,1.6794752060114546,1,1,Negative,3.2398833565694574,1.6988358353091957,1,159,Monsoon,1
38.703853361886566,0.39253641180572246,19.802452197725554,47.95511691590339,19.38851081796899,0.3044844539819212,24.251132772784665,3,0.14036273138610056,Normal,31.436979159614445,44.67794309176989,8.848321824408899,148.1542075157352,2.235337145784923,Moderate,4.0378902211001035,Dry,10,Jersey,Female,Dry,237,Smallholder,Mixed,59.762227544302796,1,5,5.5027690589101885,1,0,Negative,9.53029221206657,2.9711621442329976,0,63,Monsoon,0
38.438168465684065,0.8994458673096646,18.331091615141702,39.41204181115043,13.546235519247764,-0.7619342289890823,36.64066072041504,0,0.6231194880946845,Normal,32.75810303407082,45.71654244147174,19.478305117809082,104.05700666209088,6.832205516980165,Moderate,5.336837729952194,Dry,6,Local,Female,Dry,366,Smallholder,Grazing,50.853160661130225,0,1,5.971457793406105,1,0,Negative,3.6731581349520632,6.229332551455581,0,47,Monsoon,0
38.6342341176445,0.8644982083454331,18.14713133269694,41.87928067947267,23.650013789750865,-0.9202543763108513,30.11453748630589,2,0.31087011721747304,Normal,28.391298493145207,54.906556204132215,9.735242326187617,69.20079704100883,6.24833606610707,Clean,5.262301219937082,Semi-wet,6,Jersey,Female,Pregnant,265,Smallholder,Mixed,45.069305050945516,1,5,0.02356011672794378,0,1,Negative,16.5516868633013,1.6938345971979978,1,255,Summer,1
38.6469822244768,0.37972591811341333,8.462772844857017,41.62184905808597,13.047387897127816,-1.0891988497679703,24.033868710743725,1,0.440880233134864,Reduced,29.995167086418576,81.09045264436253,25.812104069887166,135.88084545127333,6.251495135243807,Moderate,8.930359680174067,Dry,9,Local,Male,Lactating,332,Smallholder,Grazing,20.55127961797162,1,6,4.5545929161145775,1,1,Negative,18.76988037341895,3.6709228008552444,0,19,Summer,1
38.47799338207073,0.519466064159378,20.98060345713927,38.72579265573627,29.771242436017864,-0.23509094036591935,32.79547874510347,1,0.3599988094397729,Poor,25.462809594549125,46.731382639370594,22.268926702751518,81.94755458972352,4.088061599288703,Clean,8.062379717858082,Semi-wet,2,Jersey,Male,Pregnant,383,Commercial,Confined,47.23359123589791,1,4,0.6920149574181504,1,0,Unknown,6.6001604171707005,1.5301728949525846,0,56,Winter,0
38.54472236239974,0.5277382954340153,18.536665663983374,57.288565502005596,21.027627387779056,-3.7741435281095974,31.39443102672371,0,0.6483363201525237,Normal,20.977898837369832,77.13199165729654,27.233233910566543,78.88073550643779,11.472045897481792,Clean,2.460603912120672,Semi-wet,10,Local,Male,Pregnant,156,Commercial,Mixed,18.965513804176958,0,6,3.447737667921384,0,0,Negative,2.7184659352286267,2.267780649870722,0,11,Monsoon,0
39.65918830230283,0.9825765348212467,19.7133682026429,49.61078032296435,29.171064469068497,-1.8519899431545648,28.215059769148297,1,0.4701197660664689,Normal,36.436392811028426,54.44348647146438,6.903096789653253,82.74412334514984,2.035071518106945,Clean,2.5366996573453147,Dry,8,Holstein,Female,Lactating,297,Commercial,Mixed,4.461148702771611,1,5,1.370901287940282,0,0,Negative,8.981700140285387,2.642157783840344,1,342,Monsoon,1
39.036551668764744,0.3447135211031187,15.154151223665181,47.50628232103302,19.118713395205603,-1.1405762681710259,29.59777213864374,2,0.9634586620379475,Normal,20.302690105411166,84.17324675560464,33.940926813326115,126.81972482230377,10.915454499973386,Poor,6.409577961045633,Wet,8,Local,Female,Lactating,479,Commercial,Confined,37.38244909480222,0,1,5.789243576325269,0,0,Negative,13.892135243081693,4.476989162210355,1,223,Summer,1
38.5227118091825,0.8393263768838257,16.462172484091635,53.085710068901165,23.61310471840595,1.611254792427881,24.41807781372681,4,0.3523827591064653,Normal,35.40629379891587,61.41642377003204,5.00016610027214,67.32129497159481,9.369019231394821,Poor,5.4217522188623475,Wet,1,Jersey,Female,Dry,89,Smallholder,Mixed,2.4955738749504075,0,4,5.254841933108047,0,1,Negative,18.66257598259442,7.339284622717046,0,74,Summer,1
39.11817264270645,0.46735417133848794,16.355900253987308,42.35644166796533,23.256093144008133,-1.420720462893394,23.04527724847296,5,0.7402843402628352,Normal,26.67375471999419,48.58616566486878,14.763272450406044,88.1785780260938,3.720720335332715,Clean,4.2046737642947365,Dry,11,Brown Swiss,Female,Dry,25,Smallholder,Grazing,56.25449630219996,0,3,3.5723875120523685,1,1,Positive,10.266650242083529,3.391682829128751,1,134,Monsoon,1
38.499708306146395,0.7846962766209284,22.086491936292155,37.257961816470996,21.729735291934457,0.07070221274680971,32.556653042935494,1,0.25729256758304453,Poor,33.23719814350355,89.29222250552552,25.389043800987192,53.083277278441045,6.721919863035545,Clean,8.340967505659243,Semi-wet,2,Jersey,Male,Lactating,174,Smallholder,Mixed,7.239245334017729,1,2,1.0560995975137233,1,0,Negative,9.416744247444779,6.874742357782128,1,159,Summer,0
39.40387478255199,0.5360088034365302,16.484960653587628,38.973756953854426,19.404042919620448,0.13981412639649404,26.656363454120356,2,0.5087530926261469,Normal,27.114579942190655,48.83172596149558,6.354262215863566,132.66266173496078,11.888500815082725,Clean,3.0290813751919954,Dry,4,Holstein,Male,Pregnant,275,Smallholder,Grazing,43.75536422868795,1,3,4.696087645279091,0,0,Unknown,21.891744705334187,5.713832608251555,1,243,Summer,1
38.92178531531886,0.6626878104932321,26.33064128843919,45.01783041104609,24.354736110823122,1.7468747584911435,27.519502010505445,2,0.552569751901957,Reduced,31.687053897700835,68.38099106161347,7.500487440728208,84.07187663070053,8.436982369843072,Moderate,9.792455302961216,Semi-wet,5,Brown Swiss,Female,Lactating,141,Commercial,Mixed,98.01428373752276,0,1,3.1217881185352674,1,1,Negative,11.342786212130097,6.353402690599174,1,99,Monsoon,1
38.63561871359747,0.8660894186609049,19.72344967606015,34.40788291627098,16.44302041910075,1.6938661104462254,29.678929575665663,2,0.3291092810627322,Normal,29.244272269541554,68.46432390480672,7.300443116846608,74.81729198083744,3.273767238186675,Poor,2.1928200540172877,Wet,5,Local,Male,Lactating,137,Commercial,Mixed,0.9881520618937989,1,4,3.6693789174532077,1,1,Unknown,11.286015439551413,6.21654697916243,0,306,Monsoon,1
38.96863015548617,0.8433324519871073,12.897269360017074,39.997389834133244,14.743388026245647,-0.2862544531923746,29.591730068702848,0,0.4717805289126291,Reduced,23.65311695891867,58.640672558888994,22.44529180162938,107.98932423754992,6.5764223885643185,Poor,2.945845796886749,Dry,6,Brown Swiss,Male,Lactating,486,Commercial,Confined,36.68545676562983,1,3,4.30765932956565,0,0,Negative,10.429979560972265,2.7658851433035525,0,360,Monsoon,0
37.7574743087589,0.8931385468317601,17.485814826992172,39.838833581285655,29.456961359960964,-0.9132271117841642,19.42404117415561,3,0.27927863789849217,Normal,27.670597940568232,87.57442962745655,31.877759451156145,120.49918837513754,6.682030965728123,Moderate,4.490533234206816,Semi-wet,7,Jersey,Male,Pregnant,327,Commercial,Grazing,67.32628559609005,0,1,2.4979920130564914,1,1,Negative,9.354050694715298,2.27187855643,0,250,Winter,1
38.02393951865412,0.24769386027572723,15.393299511374337,66.24556229829014,26.363007933352606,-1.1957496542385355,35.71751251872915,2,0.006000781673981992,Normal,26.285347958050394,82.19372812058658,21.66310933136786,131.2896037182943,10.022633328831084,Moderate,6.073192762044025,Wet,1,Brown Swiss,Male,Pregnant,345,Commercial,Confined,15.891690461990592,1,6,0.04643390454852625,1,1,Negative,17.755104630471386,7.831874276474107,0,29,Monsoon,1
37.98364499616057,0.753640442431796,9.222470120719903,17.261850600660832,22.39534965161344,-0.5615948336986714,28.72709291140407,1,0.21564830163787874,Poor,30.214902286674956,81.4909780419121,23.10714056839015,84.77849454990678,11.161629328261554,Clean,3.729089267834591,Dry,7,Brown Swiss,Male,Dry,452,Commercial,Confined,56.07336415701184,1,7,2.185029845746562,1,1,Negative,7.480999989624334,6.03370581355162,1,277,Winter,1
38.78576585685823,0.31198990137741034,24.39788376045516,43.203802785943665,31.99085429526269,-0.8510500314853999,26.784080423067103,4,0.7000641724932006,Normal,27.707706104201144,88.7075967714739,15.380049536239683,131.23008501490696,2.822415432887346,Clean,7.889721190832211,Dry,6,Jersey,Female,Lactating,228,Smallholder,Confined,25.819035861562266,0,3,2.4817570345854283,1,1,Negative,9.711843168584183,3.2433370859289514,0,169,Summer,1
39.73950899969106,0.5326548544147288,20.812570168880015,62.25693792814771,20.393406887650933,0.630441114037348,30.58507603101848,0,0.770963024485377,Normal,28.43078441949773,62.855466909815846,5.5622347596659685,96.48810003714581,5.140372869528322,Moderate,4.860335227407918,Dry,5,Jersey,Female,Lactating,368,Commercial,Grazing,22.276869158422574,0,7,2.2015526053460386,0,1,Positive,7.492678105264936,4.657867429484246,1,325,Monsoon,1
40.03878008771558,0.6388707320437508,20.13282927159725,46.21844464132454,29.936219319933876,0.43046472622780646,29.419253161689177,4,0.28020286713891995,Poor,21.870642392005244,44.85928878100147,5.648441532536491,60.11422675452249,4.984381268851149,Moderate,2.3083066671755006,Dry,6,Holstein,Male,Pregnant,426,Smallholder,Confined,89.49835507459517,0,2,4.986329439503033,0,0,Negative,14.11733417541683,6.319039404775028,0,197,Summer,1
39.08283066086446,0.5221915877974646,18.661614641198817,52.53417473421093,23.053444509554932,0.6877017867175237,32.60237613693821,4,0.40804299881807193,Normal,20.609340600272027,78.2727962724897,31.64929899442734,134.63074827157794,11.960481249190183,Moderate,9.021775739525154,Dry,11,Brown Swiss,Male,Lactating,100,Commercial,Grazing,20.32804789801602,1,6,1.994113300528311,1,0,Negative,23.088998755400166,0.9182615567201414,1,88,Summer,1
39.00050668496668,0.615689340642406,12.47192972523025,45.99826315099768,15.85149549954166,1.6889255671542525,31.227902032905646,1,0.03736566013861109,Normal,27.353139143491706,59.04062897259669,8.077173161589402,104.76347821046144,7.592271166913997,Clean,9.550925384688504,Dry,8,Local,Male,Pregnant,424,Smallholder,Grazing,37.65517107653026,1,3,2.4980239444111403,1,0,Unknown,9.976782598907565,1.242743872531214,0,335,Winter,1
37.61936535950836,0.9972210470388954,16.065531441778255,38.326666187835194,33.088241150625095,2.594303682100265,32.3070773739776,1,0.23706290109768058,Reduced,27.907760555219262,49.517257590175916,34.99368115437786,110.24695719473854,10.798314961199845,Clean,6.948508979496354,Dry,6,Jersey,Male,Dry,349,Smallholder,Mixed,16.959750487455715,0,3,0.36962003579416836,1,1,Negative,23.268684041014485,0.6880960538101101,1,284,Monsoon,1
38.37439572015959,0.3081738509702838,21.36712309913605,22.58084065491087,27.94426507974451,-0.013004909888664706,36.105963434365094,1,0.7792192833722992,Poor,21.742163564257464,64.16236716101267,9.932678345338344,143.74912696947354,6.260328494448239,Clean,8.45229110856324,Dry,5,Brown Swiss,Female,Dry,126,Smallholder,Grazing,28.388773975371752,1,3,4.301147045277342,1,0,Negative,16.1039168509416,1.7305020890727043,0,162,Winter,0
38.22732974885506,0.7403648362691404,13.79511988086999,47.05455687036303,21.273873813942615,1.4491956570934799,33.301747293825834,4,0.6059862702650572,Reduced,29.857782855193808,86.28594700835816,25.239033318655682,105.91514849392553,9.227231504089364,Poor,2.9688923095464146,Semi-wet,6,Jersey,Male,Dry,155,Smallholder,Grazing,29.310668012237663,1,1,1.2925125807065954,0,0,Unknown,19.29524934260009,1.3951581086962692,0,56,Summer,1
38.32749144104933,0.5168007731084923,7.872922734996745,37.24393395397609,26.363027557203694,-0.7274902757513226,27.037082678028625,0,0.2057705219543714,Normal,30.07522300988013,48.56785095073142,33.46866416542717,50.5583530677989,4.8658564230414605,Moderate,4.150562254293317,Wet,9,Holstein,Male,Pregnant,457,Commercial,Mixed,32.67730237570665,1,4,1.4100692807548136,1,1,Negative,8.659074557730648,3.972897333512777,1,183,Winter,1
38.59911370884913,0.30640783912586306,17.091575968876295,36.99664593834696,19.57777939601256,1.5775104753745237,21.262593063539004,2,0.25744199512243215,Reduced,27.78066767096813,82.4349407614871,15.868678329260787,137.06158410031026,11.117860234892333,Clean,4.60185350142547,Wet,1,Jersey,Male,Pregnant,33,Smallholder,Confined,64.10669368267251,1,5,3.5211249874043906,0,0,Negative,6.161708434070777,2.6539960855135227,1,214,Monsoon,0
38.416745653381724,0.32698941069944765,17.432969783889845,40.01012744020888,26.974894210357252,1.3922637357637664,38.00678759802709,2,0.8168020229895602,Reduced,27.078692898661593,60.910247080755866,27.03299566243968,78.475108032346,6.551462409865338,Poor,9.68602533558797,Dry,3,Jersey,Female,Lactating,50,Commercial,Mixed,74.25927431115346,1,1,5.9013207676967605,1,1,Negative,14.266635369345334,0.8419216377408383,0,29,Monsoon,1
37.51242011377453,0.9594184849964935,18.542253665658837,62.44861406623494,7.653528608296243,1.3126239549144871,26.573659759917323,2,0.20908420294490082,Reduced,20.66251542045247,46.840099035157095,15.525699303270054,100.17669207840038,10.037254973160872,Clean,6.09778111925894,Semi-wet,3,Holstein,Male,Dry,198,Commercial,Mixed,51.06697195312383,1,6,2.4608680750925465,1,0,Negative,23.787275757811788,3.8708286397789204,0,3,Summer,0
39.14874615367052,0.9036811973694097,20.914074574058144,69.04837542253972,15.881191997832438,-0.058895238212714224,25.161355519836867,4,0.3341577258471312,Poor,20.57868295023913,82.41911519943282,14.14823170284336,70.48866025614203,4.558168833425648,Clean,2.05930847051168,Wet,9,Jersey,Male,Pregnant,465,Smallholder,Mixed,61.04759809208841,0,7,1.962945188743199,1,1,Unknown,17.334364100987184,4.839325689854212,1,325,Monsoon,1
38.05635418455612,0.9256335683320176,20.550423248924833,47.17207937528401,27.875558465721777,-1.202537245986333,17.579639093413363,4,0.6643586916546443,Normal,28.97354473801548,88.48101705957143,11.054122477263167,79.69835684549734,8.936043419218791,Clean,5.041486582960764,Wet,3,Holstein,Male,Dry,421,Smallholder,Grazing,81.32687469833212,0,5,0.21723761887684967,0,0,Negative,16.677367145968518,3.2767270014505208,0,267,Winter,1
38.84354811846669,0.9932262206619094,19.035079220975685,40.35232776088272,20.502066770686483,-2.291792656798215,30.03083863187267,4,0.5611123857080786,Normal,22.859893500968123,54.56353579175058,29.628047206965935,118.66488480670338,6.051584044000358,Moderate,2.0620048069246115,Wet,6,Brown Swiss,Male,Dry,450,Commercial,Mixed,99.9560661340419,0,7,4.7242432198666,0,0,Unknown,11.352355647958667,2.452617694040669,1,254,Winter,1
39.94444960184999,0.36665231200681436,22.782125552346837,33.2277358254879,23.24525376933245,-0.26005581128164895,28.893319623722622,2,0.4608702052338143,Reduced,23.211184497885622,55.17681049210344,12.721611908274436,92.9573351037914,2.3143942297454707,Moderate,3.902445923779567,Semi-wet,9,Brown Swiss,Male,Dry,113,Commercial,Grazing,45.650598634372294,1,6,1.5677247871843623,1,1,Negative,21.228150595409137,3.4284169260404216,1,176,Summer,1
38.14836924504815,0.48435146989124944,11.924120876746741,49.68540161546069,13.919286027307393,2.0995188133737743,18.909310382503115,4,0.8997410909797443,Poor,28.39393569112183,59.52729915199666,13.494744887175727,112.71306305813872,6.130082537590635,Moderate,5.637600537129419,Dry,10,Brown Swiss,Male,Lactating,101,Commercial,Grazing,93.64344955926457,1,5,4.613039869872239,1,0,Unknown,17.03025986279986,4.399236574474147,1,105,Summer,1
37.181827486352205,0.7353752239398934,20.01832725790956,62.82905600065144,33.08720197421262,-0.6647673520461097,30.719644252799053,3,0.21971046271505168,Normal,37.18826248786151,80.70651822304035,34.969092265963326,132.3575691312951,7.5002164175542045,Moderate,4.587144443366693,Dry,5,Local,Female,Pregnant,199,Smallholder,Grazing,49.037009302850656,0,3,1.6935927243400228,0,1,Positive,16.522312600753537,3.770208111122458,0,309,Winter,1
38.52839746687194,0.5870420318885179,20.50615345334777,42.526596129748434,29.14317786230606,0.9776898781900818,25.010848475791366,2,0.7414198908629999,Poor,25.012794526911932,40.52085983697499,14.819313063359594,84.0822022186345,3.517616139131752,Clean,2.2618736982813656,Semi-wet,10,Jersey,Female,Pregnant,268,Commercial,Grazing,78.19997524915144,1,6,0.17933376280456037,1,0,Unknown,7.728249361705893,1.1995663539701555,0,312,Summer,0
39.36057578099915,0.5347116267026668,13.041750855679041,21.21003959246776,20.795888689748022,1.0659271007783968,44.14189004373216,4,0.15906384061818335,Poor,37.25339336663649,51.19782758687672,17.683234664961468,106.8340038326041,3.8391310519261506,Clean,2.9306857792702354,Dry,11,Holstein,Male,Pregnant,492,Smallholder,Confined,57.32230451483068,1,2,2.9892696584203495,1,0,Negative,23.0278681689813,3.9262868770605253,1,154,Winter,1
39.87500847253236,0.48624899946847444,11.988517565270442,51.700496718155236,19.571824858820044,-0.6255293313907592,24.58383284745479,2,0.6157338334821452,Poor,26.61871851842035,75.2949905553163,34.70166373324504,127.75878933731363,6.648627983231569,Moderate,6.4070924897818635,Wet,9,Jersey,Female,Lactating,260,Smallholder,Grazing,88.40392252371659,1,5,5.436348230090857,0,0,Negative,6.758922077359008,5.902499327250307,0,364,Winter,1
37.962270243328554,0.6750245055547618,15.016231494097594,54.853997114500494,28.17762616851816,1.7745172562792793,25.38884000681324,2,0.8706235634113132,Poor,29.81926602530497,60.281972524276306,16.079010362522787,121.51231927693746,5.427297124334067,Moderate,7.564839235075882,Dry,9,Local,Male,Lactating,184,Smallholder,Grazing,44.870320161675934,1,6,1.2635461682089406,0,1,Negative,13.044802154765415,6.649977842809474,1,193,Winter,1
38.998019533941914,0.6604747429120656,15.353834229938833,29.141543596141524,33.89482270101357,-4.562991116720756,22.751342654473795,1,0.45790178547813787,Poor,31.79858088915568,56.51478114840638,15.984560217076009,103.98434359818509,6.407405380033627,Clean,5.236392097863221,Wet,6,Jersey,Female,Lactating,492,Smallholder,Mixed,69.58150012971706,0,6,0.9235207967173384,0,0,Negative,8.80978063699419,3.7965379399854693,1,358,Winter,0
38.42081372593197,0.3291662672513921,21.01367785400972,46.76484183662953,27.72256153486812,-2.0341254181072626,35.667259126251835,2,0.7242945071913289,Reduced,32.162587366003905,83.61414444510086,29.831433986415806,88.33835107273552,6.608269893227228,Clean,7.8518539713992554,Semi-wet,8,Local,Male,Lactating,305,Smallholder,Mixed,46.631521921818795,1,5,1.1087078413266112,1,0,Negative,5.157830851732335,7.953448560811418,1,56,Summer,0
38.63643098741752,0.5773918700147513,15.541844865235621,49.512260161360985,35.030816004379616,-1.5734484445376895,25.76334523321148,0,0.8203933529989882,Reduced,28.69532354226028,85.86669600731197,14.357911054630762,90.75019812330174,3.4007604370275564,Clean,3.3066631081211497,Dry,9,Jersey,Male,Pregnant,49,Smallholder,Grazing,85.70274013366918,1,3,4.141659308625851,1,0,Negative,4.314147675680308,6.821437108134125,1,284,Winter,0
40.28660600821022,0.6427774209678799,14.574605926875185,44.26892697991062,16.46589202562849,-1.4295725343010848,23.65051507740702,2,0.13602642487760275,Normal,25.85157140899645,87.39931095830977,12.013583109272215,93.31352119962656,3.8119457527011473,Clean,2.9764635824614887,Dry,9,Local,Female,Lactating,375,Commercial,Confined,99.43686791423828,1,2,2.204382259215964,1,0,Unknown,7.736468357678947,2.115387658818638,0,151,Monsoon,1
37.79821780296291,0.6562295509851124,15.553465053221764,37.09229080914646,17.083679017007256,0.30439442677884326,32.241730059523256,1,0.7058268952821101,Normal,31.14033492291773,53.62752663271483,17.69630765525967,84.88455289461518,10.481653934794943,Clean,8.715629727546206,Dry,8,Holstein,Female,Pregnant,478,Commercial,Confined,24.33149919259119,1,7,1.5363649757495728,1,0,Negative,16.84652676555466,3.9257758456454073,1,189,Summer,0
38.852243796896744,0.36808575432988144,22.474529336616847,55.15937223563556,14.866353291679907,0.23505670458085276,19.717882387520888,1,0.9198410239886763,Normal,29.120037142001575,85.62563047695535,26.019224017285783,119.9075634889698,3.6271868931048408,Clean,4.713706787937597,Semi-wet,4,Jersey,Male,Dry,323,Commercial,Mixed,47.43389632072553,1,3,2.0261852593583254,1,1,Positive,23.41998761399046,2.715979853337465,0,82,Winter,1
38.98061590305926,0.7938171138018295,18.05217349750781,40.966202540313176,24.650563897896877,0.3909858582625118,31.750663277493686,3,0.5763706098555442,Normal,24.8206710699298,76.84827773636445,6.297290749377961,62.54152522718297,8.659143330082609,Moderate,5.457983375555394,Wet,8,Jersey,Male,Pregnant,186,Smallholder,Confined,8.12566797603871,0,7,1.854575333605101,0,1,Positive,20.62514140352992,4.626799262629749,1,16,Summer,1
39.35147179496361,0.2201592758568557,17.282995898572352,30.148138373000677,23.053621298826222,0.6941222411987304,38.68839829960515,3,0.18612224452875603,Normal,34.04543916774955,47.710737424429034,16.217480816557003,146.74541207172769,6.185280467677921,Clean,9.580652818538372,Wet,2,Holstein,Male,Dry,302,Commercial,Mixed,14.099544441378908,1,5,3.2626625022784017,0,0,Negative,6.0146290318234295,2.1808918168564624,1,187,Monsoon,1
38.75878989208254,0.48386548443453015,17.559978005195795,24.50525514330319,21.088293259168086,-1.625156853718474,31.399646997010535,2,0.12694253158894298,Poor,29.286993189181047,70.51350141541052,15.38734705837521,127.89855019715401,11.682366859696408,Moderate,5.392898623496874,Dry,3,Holstein,Female,Lactating,419,Smallholder,Confined,92.91501822455719,0,6,0.8000012356304758,1,0,Positive,2.803494516176044,0.7642197551538574,0,234,Monsoon,1
38.88483032370247,0.8241701188285069,23.168241337306092,57.6084951999931,26.855551768739794,-2.0272641002109784,31.82738989755955,3,0.2597353304667479,Reduced,23.254050692805528,41.31674096534956,12.344550417860976,79.81630521667739,2.6610436188823754,Moderate,2.027920846815234,Dry,9,Brown Swiss,Female,Dry,435,Commercial,Confined,54.36137764909412,0,1,3.0523283074183776,1,1,Negative,16.793654361649118,7.2828636112913046,1,176,Winter,1
38.46501085954693,0.651114336844322,15.003313093587032,51.166639764711185,29.393971631287982,0.3944795230117944,33.2203613014449,2,0.10351326901668256,Normal,22.669208167369643,75.41890778854327,24.62862007713035,54.25475692706356,10.303888660307619,Clean,9.503775516398687,Dry,10,Local,Female,Lactating,432,Commercial,Confined,39.51160172260618,1,7,1.8704897299015588,1,1,Negative,1.690793387700889,4.398205559081607,0,273,Monsoon,1
38.86147616474707,0.4089299460086882,23.262033163760414,45.87973547129169,12.846025544278948,-1.1453481104696586,38.258248172053115,2,0.5133940715850475,Reduced,36.794583120411716,76.67837613254692,13.699702412410321,121.13031723789261,6.9144923110262155,Moderate,2.112949067886624,Dry,4,Holstein,Male,Pregnant,455,Commercial,Mixed,67.14825293075532,1,6,5.595788910999442,1,0,Unknown,20.759823372949242,7.362216333696128,0,35,Winter,0
38.49408463470156,0.7559624954744382,18.841985195686014,40.59725363149197,18.41816783259331,-2.555712568051956,35.259363760114624,1,0.06970468270673458,Normal,24.536924831970897,79.46692542974986,23.20194677024009,123.43590449698331,2.053523708641886,Clean,7.2982902698335845,Wet,2,Brown Swiss,Female,Pregnant,221,Commercial,Mixed,56.01612883201119,1,7,2.5308988128519685,0,0,Negative,19.987598112582805,1.386136724680806,1,95,Winter,0
39.07294313391363,0.6539127553248587,17.35832247209861,39.71001585796873,26.92086156473836,1.2570164268122224,30.638018333638144,2,0.22340462463622646,Normal,30.764725262651517,48.62625270612175,20.13010524363881,146.36226105275767,4.636602189395537,Moderate,4.583127276260028,Dry,3,Local,Female,Lactating,113,Smallholder,Grazing,28.871772296722575,0,7,0.6000569077162872,1,1,Negative,19.255107269803627,1.6361193039741388,0,216,Summer,1
38.47823379837382,0.8369948875651099,28.003601991737128,34.24263351558389,19.193567896848506,1.8926528597534464,33.42334840381601,0,0.43991044391221434,Poor,28.88426942457906,71.41249704737655,11.515696124776957,75.3705557575165,6.076968525492695,Clean,5.76312605248164,Semi-wet,7,Brown Swiss,Male,Pregnant,478,Commercial,Grazing,22.661450626019896,1,5,5.60165337050114,1,1,Negative,13.70566846077695,2.198630460088673,1,169,Winter,1
38.926260236341314,0.7880201489518588,13.777442040805614,40.685443554401154,17.210763541851076,2.1357413345479888,22.684390447209335,1,0.47391475040202147,Normal,30.59474788504678,48.94283424138272,12.996981711265448,58.272509020422376,5.141947534489251,Clean,6.378281341569473,Dry,9,Jersey,Female,Dry,34,Smallholder,Confined,59.02397500091051,0,1,5.62500081679324,0,1,Negative,23.391282784648936,3.9283921509132966,1,293,Winter,1
38.68244231178902,0.6880863376289877,16.585256961731975,23.799127848798257,28.11122456590237,0.08051158221208038,32.65776154448393,2,0.5653984851469644,Reduced,36.559067949466744,87.33250416945879,10.118001599196917,141.51347577184328,5.624494640139333,Moderate,5.267680458364434,Dry,7,Local,Female,Dry,319,Smallholder,Confined,18.82655112114048,0,4,1.0529659060281455,1,1,Negative,11.542427263554345,7.100015705328975,1,113,Winter,1
39.3756301504633,0.5905421402486513,13.070275043344,37.63936346531486,14.26299958165612,0.7388981439593538,21.966664172897516,1,0.7056149627507265,Normal,31.986580405919334,73.75053463404171,6.698876445528735,75.86490346127752,11.1667190913718,Clean,8.194950297457346,Semi-wet,8,Jersey,Male,Dry,426,Smallholder,Confined,13.9172100772186,1,2,4.898546868505456,1,1,Unknown,23.690246690500622,5.378089327717802,0,30,Winter,1
38.66916376584691,0.30654570053401875,21.809847882144677,41.89062483648906,20.19052115325337,1.8548023350428664,25.797865488210242,1,0.04722863966546753,Normal,31.178853619220714,44.766292400202786,23.575653893147347,122.15314473238818,5.609340323923277,Clean,9.445651277315568,Semi-wet,3,Jersey,Female,Lactating,67,Smallholder,Mixed,31.8387562467061,1,6,5.171645009239676,1,1,Negative,21.283044500656967,0.9125356668185289,1,338,Winter,1
37.63618051907587,0.40906641430830704,24.756755734606717,51.09880047190419,23.97186415482885,-1.1621236850351513,9.504626949140576,3,0.08062095217578324,Reduced,26.015636274184732,49.35161150029114,25.18366081743003,56.065963782767795,6.188293794027328,Clean,2.691296416950946,Dry,7,Jersey,Male,Dry,170,Commercial,Confined,86.13410631434684,1,7,2.1335786102218015,1,0,Positive,3.91046539954182,3.55396606556563,0,219,Winter,1
39.4571529004284,0.5352795783336682,24.679691125618554,44.60073536626636,18.557080516539287,1.466016526081138,30.408577956204773,3,0.06085915180478074,Normal,23.67713393091671,73.17300490648739,9.979999808260096,126.0584804976167,9.611315535781127,Clean,8.402023049879784,Semi-wet,1,Jersey,Female,Dry,133,Commercial,Grazing,3.681944092282885,1,7,0.9570031014264502,0,1,Negative,21.58264352465507,5.924409323102221,1,361,Winter,1
38.156560619482434,0.679439429605111,22.895795012584017,52.94923113875559,26.69893393607905,0.21309435121481302,24.136767933349883,3,0.42315031546491033,Poor,39.097328411202724,63.83352480798043,23.4617715405822,62.70258971371404,9.938335657483751,Poor,3.029369127205161,Dry,6,Jersey,Male,Dry,474,Smallholder,Confined,83.32662536226893,0,4,4.790691688091082,1,1,Negative,8.011947725239715,2.9178976772823995,1,47,Summer,1
38.30774019681071,0.6109662841722439,17.20951812881614,58.491351051134295,18.586738148815787,1.1705674785138867,34.66687129122678,2,0.04184794488293431,Normal,26.790819051428798,76.81488331054392,34.462542201727345,119.55863480416035,2.8408965178669456,Clean,2.642217465996862,Semi-wet,3,Jersey,Male,Dry,400,Commercial,Grazing,62.097383622996006,0,3,0.16983653523095055,1,1,Negative,18.669760713365505,4.194211915001366,0,284,Summer,1
38.34260322357391,0.4305476207676236,16.539036090040614,55.58170093824101,30.451716960675515,0.07913953131390289,30.341155663632417,4,0.7460812668313263,Normal,26.466554741683026,54.039439946282954,7.232062848134664,103.23430478534048,9.040700345670043,Clean,9.64665162177703,Wet,2,Brown Swiss,Male,Dry,33,Commercial,Confined,4.037275755698588,0,5,3.71644487449606,1,0,Negative,1.0048106723245547,5.835730286825685,1,41,Winter,1
39.52466285590249,0.20517148623176845,11.31532091002374,49.70509847378557,21.245522215025364,1.7443850646220027,34.74457536820975,2,0.22300018103847785,Poor,28.443964275933467,72.89587684235384,19.711126174965912,145.54881304672602,6.825719536767758,Clean,5.914382251930192,Semi-wet,4,Brown Swiss,Male,Dry,476,Smallholder,Confined,60.203891638829155,0,4,2.051850571547175,1,0,Unknown,7.344489654459394,7.73738832812626,0,253,Summer,1
37.41859547161278,0.5969913775206512,26.14349414072717,45.11862679180784,26.027620820232123,0.1352856438123053,21.498420731964774,2,0.9392124932899587,Poor,27.957275555624143,48.84800840152195,26.991146409315615,53.6917643077343,3.338538932376554,Clean,3.220826328074309,Dry,11,Local,Female,Lactating,329,Smallholder,Confined,42.601940475238656,0,2,3.576160470848234,0,0,Negative,18.444312625714907,2.999100979163194,0,301,Winter,0
40.582649120195995,0.4285007908497945,19.875912312593872,35.19211991586441,26.476143717896896,-2.4259685892011267,34.230316222957796,1,0.4864037550971114,Normal,34.96388107185696,67.18551316805166,6.380275934891807,79.20487458000582,4.647105639468843,Moderate,6.559656905736717,Semi-wet,9,Local,Male,Dry,367,Commercial,Grazing,84.11276081053433,1,1,4.733085064114116,0,0,Negative,23.363988260229547,6.082830949278661,1,353,Winter,1
39.333634085439634,0.7876866405684282,16.032172380522066,52.39944051379317,18.234759983535564,1.977889948472083,40.63513806617996,1,0.44632575244220163,Normal,29.69803417515496,87.8899795774993,28.34820481992847,56.95089173342438,2.4503549730651866,Clean,4.105897110156424,Wet,6,Local,Male,Lactating,473,Commercial,Grazing,90.71987106630456,0,1,4.972429289435061,1,1,Negative,4.932139595703351,6.105524167831373,0,112,Monsoon,1
38.8339433484775,0.2191570122163868,23.31222755594787,61.797473822215295,9.679080708064667,-1.6212961114581679,32.584949799591364,1,0.7805386926395003,Reduced,20.450378400169512,71.41111161454933,34.38533711278657,137.91976352397188,5.602371888118352,Moderate,5.7144721344639535,Dry,9,Jersey,Male,Lactating,190,Commercial,Mixed,28.649316119761657,1,3,5.99080385116231,1,0,Negative,11.566470045051625,4.570266829518225,0,201,Summer,0
38.66706359963023,0.6678622490446326,14.108941932959997,48.42106039650418,24.164534527983008,1.6795873153658716,32.74209405215373,1,0.7131539838929911,Normal,23.70180972740042,42.49968087524582,7.6546359059825955,109.39011536611078,4.5540644033402415,Moderate,6.997276751039283,Semi-wet,8,Jersey,Female,Lactating,448,Commercial,Grazing,78.41700090561199,0,7,3.8413520882425134,0,1,Negative,14.504902955844578,6.6002341432502964,0,216,Monsoon,1
38.8713324449146,0.9531793900048524,19.626488136890696,64.17259148426123,22.433730082749218,-0.33536432216048306,29.01758605836961,1,0.6073090409481429,Normal,27.05354704719709,89.43810688683135,29.66689716397776,103.4969612357899,5.821033973800176,Clean,8.954158630959958,Dry,5,Brown Swiss,Male,Dry,425,Smallholder,Confined,30.98028293209395,0,3,1.340784426188681,1,0,Positive,22.9089387427067,4.520872654813965,1,141,Winter,1
39.0126734570276,0.3395274136891996,17.30948346283666,29.744282919389164,25.334956165450762,1.56401647779656,24.851987316607815,3,0.93514670625037,Reduced,32.12820548323143,47.84331648244328,16.357446335362827,63.14578921163098,7.803405475307568,Moderate,2.0246511861544665,Wet,8,Brown Swiss,Male,Dry,399,Commercial,Grazing,29.5635457338841,0,5,1.65661397148387,0,1,Unknown,11.425185990816269,5.187492820239582,1,222,Winter,1
39.087129351570034,0.5773195926004764,20.554708559521202,33.45836615220459,20.64083516570297,1.5021529223001477,32.56715423620905,2,0.422259260987077,Normal,19.397850739279406,75.90345513485525,9.323486073020355,98.9032257313051,9.3233955203662,Moderate,3.71312528732759,Dry,2,Local,Female,Lactating,80,Commercial,Confined,19.263834070482776,1,7,2.6168704791788673,1,0,Negative,22.471298787836428,6.779165582052604,1,171,Winter,1
39.03336267960207,0.2731375934537106,17.745705843255514,53.55201507748262,19.417433807195707,0.44521446147305693,18.96350253758759,0,0.8085316757722865,Normal,29.469413478547466,66.6265019532098,19.79579627589043,89.87036551758155,8.053519865595298,Clean,2.7701643433502365,Wet,8,Holstein,Female,Lactating,37,Smallholder,Confined,67.84890282824178,0,4,5.090823745016516,0,0,Positive,23.49832325097897,4.071991792865851,1,225,Summer,1
38.753748408753154,0.7005455298090821,12.196288435555104,47.64290210153251,34.0508380658902,0.5628029764406961,25.4934692504751,2,0.38009294574581853,Normal,30.656563911978196,54.71803439021519,7.145562073436471,81.57518681390232,8.783773022599458,Clean,2.7767816124725,Semi-wet,1,Holstein,Male,Dry,447,Commercial,Grazing,26.16854790267693,0,5,2.2011301575563404,1,0,Unknown,22.65753493441295,4.084665732939049,0,119,Summer,0
38.581596947815605,0.6404253444769805,18.30230549068015,58.13782176571807,13.165875630935334,0.4339429257888489,17.373659185976905,1,0.8383456742961048,Poor,31.411832121212466,48.86552427138545,20.663042245015525,127.21889554985944,10.656391206187934,Clean,9.566219305119239,Dry,11,Jersey,Female,Pregnant,249,Smallholder,Mixed,46.48583420229204,0,1,4.129619716831267,1,0,Unknown,18.22080067948346,4.932792703938802,0,110,Summer,0
38.609236029807896,0.5258924193702659,22.19545656750145,44.845283592732606,26.40370287018543,-3.2207371344216167,23.778061736109503,2,0.2594746289659686,Reduced,26.59955878281572,48.88511821383578,5.580703640121488,56.12760398334448,10.738244434615108,Clean,9.488663476120418,Dry,3,Jersey,Male,Pregnant,105,Smallholder,Grazing,81.21280874757166,0,1,0.27052653091894197,1,0,Unknown,3.903304042072739,6.531459543795364,1,58,Summer,0
38.5830550317884,0.6171016171789929,17.88313437658406,36.32024577471668,18.552388850899654,-0.022504671652696734,31.852270551361368,2,0.2892670728360325,Reduced,32.2461993597921,82.91998406040803,26.858343250181907,114.66857273622017,10.60719348359174,Clean,7.994464637609865,Dry,7,Jersey,Male,Pregnant,220,Commercial,Grazing,79.19128417073924,0,6,2.580347850292898,0,0,Positive,14.855507420682137,1.4538959990953981,1,276,Monsoon,1
39.380262058120245,0.9172597267752083,21.100460486356344,42.86406757794958,19.98532829355747,-1.8740962641078425,31.03236025732278,4,0.677869534017454,Normal,22.92493778577468,83.64562570817117,19.63909057434766,132.29930312022117,3.531689154795266,Moderate,7.144504339207324,Dry,4,Brown Swiss,Female,Dry,165,Commercial,Confined,85.54426092953898,0,4,1.002156752452864,1,1,Positive,18.3311160108288,6.2841274347837865,0,114,Monsoon,1
39.05613403336852,0.35703544184885366,13.817882057303787,29.67316029076266,20.097383004556207,0.056780715618494404,28.305482173212837,5,0.21271329495179636,Normal,31.727461643557383,63.2572760812356,18.76818982805542,140.73072828603244,4.510691335936453,Moderate,8.783763570861623,Dry,11,Jersey,Male,Lactating,76,Smallholder,Grazing,16.106451330422544,0,5,5.630657714252697,1,0,Positive,22.962836414038748,2.7106933095170325,0,191,Summer,1
36.93576681920143,0.2180516093642778,17.89495682692059,33.714093269029654,17.17939435497246,-1.914413819574823,29.022405964372066,1,0.22915418702542878,Normal,26.691770365989072,45.18107314624869,10.88574481226251,124.59165947554102,7.023253049275721,Poor,2.4672699047245406,Dry,7,Jersey,Female,Pregnant,104,Commercial,Mixed,58.689276228234235,0,7,4.748612885255185,0,1,Unknown,18.89307879237791,1.032749337269838,0,1,Summer,1
39.09354046591786,0.8893319077592807,15.50195817964569,54.724439979180104,25.427345261417436,-1.9774279118391125,16.684812292814744,0,0.30526242901741474,Normal,27.214427996122,84.2082551923395,15.837894673842973,78.24556788582156,5.58739294016027,Moderate,2.9558863448098274,Semi-wet,1,Jersey,Male,Lactating,290,Commercial,Confined,91.48398448426977,0,3,0.8324444808367502,1,0,Negative,13.395504764631719,6.441316847670568,0,23,Monsoon,1
38.81684171683127,0.6616936659103252,20.98792336041884,53.7278741446961,30.343861575699744,2.2074017526308527,25.76462631657451,1,0.6789287696603759,Normal,27.158861129681583,64.35082430875445,10.45608297264999,110.05074605237034,3.316689682799632,Moderate,4.536903386370672,Dry,7,Holstein,Male,Dry,220,Commercial,Grazing,4.205008630204555,0,4,2.4111080425736193,0,1,Negative,5.718764379231964,1.58857388073882,1,33,Summer,1
38.68877474613247,0.9125267643694739,18.125966249047984,48.63004284806077,24.820081967479968,1.4041710821862845,23.91189036138874,4,0.8893880924232319,Normal,30.25060807315056,61.93812114334568,27.06170301607218,64.14036109143552,4.877502346056514,Moderate,8.659939039172109,Dry,3,Holstein,Female,Lactating,125,Commercial,Mixed,79.45267729983716,1,6,0.48355031614022903,1,1,Unknown,11.512289690926583,2.099469250843782,0,185,Winter,1
38.46688892814667,0.6775561787305381,20.76029470534645,27.789224790395306,22.620291977272572,-0.2062138774162317,24.045641856912756,2,0.6745676511269867,Reduced,21.47596870576521,60.36785122188101,10.970758982990818,61.7060623744776,11.754287616656391,Poor,5.777860342132081,Semi-wet,2,Local,Male,Pregnant,333,Smallholder,Confined,24.623721418711586,0,3,4.479352089193145,1,0,Negative,15.680919680342146,5.796258588066566,0,209,Winter,0
39.374467631991614,0.848128871967762,22.350841704631463,41.41596424487111,16.08135700540452,0.07715297537353583,31.59747176688252,1,0.8278142443441252,Reduced,31.426452577119207,58.25070869296028,23.502599811551452,113.86241421385145,5.469267554965362,Clean,6.0285981075009465,Dry,9,Jersey,Female,Dry,149,Smallholder,Mixed,66.96535952509743,0,7,1.1481931773924385,0,1,Negative,8.465780793243152,4.73392042547625,1,182,Summer,1
39.268515877273714,0.5437386906841184,20.766474300485555,32.75000111339949,25.100951594946707,-0.5718740386145134,22.836956040968136,1,0.5435605896944697,Normal,31.354310444647737,66.3002701804297,13.388225032032564,135.11076545842027,6.189140682959614,Clean,3.8341234372304607,Dry,2,Brown Swiss,Male,Lactating,33,Commercial,Mixed,71.74050440290982,1,4,4.826003874902503,1,1,Negative,11.498360426337364,7.403722014988837,0,95,Summer,1
38.23627339930584,0.7998879450306151,19.092473737174576,56.765332537877654,34.93809779037579,0.6548145639692844,24.371914899235534,4,0.06892322134514528,Reduced,25.492583769062485,70.2270613305852,24.709465877699817,56.72481256996189,2.0640142185729697,Clean,7.187099849388209,Dry,3,Holstein,Male,Dry,40,Commercial,Confined,92.5585158290568,0,3,0.4441359122093793,0,1,Negative,1.3992887990076794,7.657508985304439,1,123,Winter,1
38.94423137227472,0.9304331735118849,14.007150965954379,39.16277866437399,19.715832257229444,-1.2140815498232074,15.477584525742902,2,0.10046621150850066,Reduced,27.01233831286019,63.321610178647795,21.21364876764027,60.600373213329874,9.194148797901986,Clean,9.102737232498114,Semi-wet,3,Local,Female,Pregnant,446,Smallholder,Grazing,50.87994224229651,0,2,3.437744717304284,0,1,Negative,21.21757589554835,2.854711920074067,1,159,Summer,1
38.11700595927523,0.6576983709777651,17.988855557332396,34.1425228921845,19.744098523888802,1.290610394301936,26.235260917742984,1,0.5543919783669154,Normal,22.702771405823206,84.83240817275222,17.7031589495816,106.5607307429357,6.135500655453797,Clean,4.63611375886774,Dry,4,Jersey,Male,Pregnant,64,Commercial,Mixed,84.8231108090543,1,1,3.6492072503141637,0,0,Negative,1.7996156891245199,2.931480815400981,1,246,Winter,0
37.87222910112664,0.34462812044990365,15.867638391936667,45.297961651214244,18.633465214114015,-0.5796302615211663,21.47297471371828,2,0.3278009686421096,Normal,21.198123746942308,55.88306142647487,25.190025002314144,71.82118610193402,3.031400628951611,Clean,6.953487518159073,Dry,11,Holstein,Female,Pregnant,53,Commercial,Confined,4.531801259962142,1,6,2.006008419262405,0,1,Negative,10.41367518597759,2.073063256032606,0,165,Winter,1
38.323969665246025,0.41503809202415853,16.623744173183095,38.59845543165388,19.063514593033478,-0.8297704937468433,28.47521757213786,2,0.22056807363694264,Reduced,27.987074209165005,68.91559283933907,17.471662148246875,111.18181227776478,11.685567383046719,Clean,4.6555917128945765,Semi-wet,7,Brown Swiss,Female,Dry,392,Commercial,Grazing,42.05427802573182,1,4,0.9852493371628692,0,1,Positive,12.752402043149571,4.382124200443734,0,357,Summer,1
39.21743608342966,0.35891566151792464,16.501863396998996,59.83743910203707,5.5282026779656945,-0.16743047227273594,22.293351719545214,5,0.4662569273026208,Normal,28.019362637473066,54.99769600969926,29.641118077250983,71.45438252553399,9.774332125850869,Poor,8.341752894674642,Dry,7,Brown Swiss,Female,Dry,90,Smallholder,Mixed,43.951892866892415,1,6,1.942975170731899,0,0,Unknown,23.365614630840373,3.334907331627809,1,248,Summer,1
39.271875027225654,0.39748562207658633,14.080297700871022,37.65189102465809,24.430212315134277,-1.0867202448884157,28.627253473295298,3,0.6664967409043016,Normal,25.314686085629848,77.6675011896267,26.887953747057978,61.64819743060595,9.261500894327268,Poor,5.7996778959385376,Dry,9,Brown Swiss,Female,Pregnant,271,Commercial,Confined,53.82784758436292,1,7,2.973070534693562,1,1,Unknown,22.508760668612457,0.6098961828638609,1,245,Winter,1
39.00785125205838,0.44513235948082913,10.170645643464042,31.007717407753688,16.92668694187232,0.2930235242447244,27.13188543554594,4,0.38499194773585843,Normal,20.751104771283792,45.10605496641178,21.219169835392435,104.55749821648274,11.578723348416695,Moderate,4.715752177757637,Dry,10,Brown Swiss,Female,Dry,354,Smallholder,Mixed,48.134047476786,0,7,5.81464586712058,1,0,Negative,15.866281762602103,3.462164570995926,0,257,Summer,1
39.1350574721088,0.6441070294025508,15.327427806688933,23.470864842424845,12.338421287249199,-1.0060438839700996,38.03225063825393,1,0.8025422571573416,Normal,29.285286983535734,49.43494983976663,31.31182047757991,136.21951380326186,6.074800845171378,Clean,5.360390833690335,Wet,8,Jersey,Female,Dry,250,Smallholder,Grazing,96.79615208829549,0,2,2.6816510066534436,0,0,Negative,14.433234195529142,0.9627626080725716,0,146,Summer,1
39.00970697226898,0.6703933035710663,18.773517807696635,44.69213497586585,26.519139698395293,0.502785404228254,30.983307882719163,2,0.7385232465713937,Poor,25.193479261492286,80.06007049634754,29.865854644041665,118.51219721505299,9.185335402924483,Poor,2.729820171169826,Semi-wet,6,Local,Female,Pregnant,31,Commercial,Grazing,7.853957084807761,0,4,1.136291021723817,0,0,Positive,9.43078595391701,6.492830257806414,0,295,Monsoon,1
38.315111042866235,0.5411997977934889,12.60729181829004,39.38069886142074,15.507893289748383,1.6240098083672148,16.96217276462618,2,0.7349148821595668,Reduced,23.253292747741977,49.159879760976935,20.955181838614976,131.87251375359648,4.062078973854511,Poor,8.928937226579524,Wet,6,Local,Female,Pregnant,142,Smallholder,Grazing,26.50166619291262,0,1,0.15531737268410617,0,0,Negative,1.9450096956470735,7.466697971035256,0,282,Monsoon,0
38.959153526804364,0.6923366238566684,18.062728945886498,30.71095393488273,19.967985676697452,-1.2789825302122604,20.41066693538375,0,0.9851896896773885,Normal,33.37965992930363,71.287317309737,7.053430811023925,76.63351743900483,8.9712054745212,Poor,9.664552442704839,Semi-wet,5,Brown Swiss,Female,Lactating,282,Smallholder,Confined,96.86287814495441,0,6,0.04937659261515748,1,0,Negative,7.157265584367688,2.718678770668131,1,331,Winter,0
39.180245715136614,0.26525994048909274,25.60107369724386,56.89226461255785,30.79865434713148,-0.395863185942757,28.331248053954,1,0.2952299773716348,Poor,22.124226254819305,88.51217259520985,21.97989056597732,138.59786512970257,2.1407909218760284,Moderate,5.819313437883332,Semi-wet,2,Jersey,Female,Pregnant,88,Commercial,Grazing,44.530254620902895,1,1,2.500427912506701,1,1,Negative,20.497623454841538,5.380349229874754,0,193,Winter,1
39.15257479788815,0.270230589646528,22.092226221008957,51.672451474292416,13.54470521185292,0.49199606955313263,22.420912309644095,0,0.6447255863408952,Reduced,29.80958804737505,66.14453068829829,15.657709686808566,87.70391745762707,3.263053804406141,Clean,3.770697664625115,Wet,6,Local,Male,Dry,130,Smallholder,Grazing,57.11574521373851,0,3,1.7778558268305318,0,1,Negative,15.910191147005037,1.1639072116478384,0,125,Winter,1
39.41334802288479,0.3374635682861268,24.57416603648212,44.717821210627704,12.804410592413427,-0.8537860324721103,10.189789418584887,3,0.8554783401603135,Reduced,19.502308255132462,49.36982231700346,21.203388284112023,135.24476678569937,6.252589186028485,Clean,7.3172495927115095,Dry,6,Local,Female,Lactating,378,Smallholder,Confined,8.102554430845753,0,6,0.6904915815714483,0,1,Negative,19.731801605020415,3.2264289963344197,0,125,Monsoon,1
39.12498230832064,0.6144619984322759,19.564511507730906,58.643262441708664,23.61583713737403,0.49648084123999764,36.09727788300246,3,0.579524433913911,Normal,19.818920982140533,56.03455228463187,24.413913814927803,97.11755901487261,2.120926948060082,Poor,5.619051836329142,Semi-wet,5,Local,Female,Dry,265,Commercial,Grazing,28.405087996240365,1,1,1.0330524263617327,0,1,Negative,20.2503854447483,4.819348129925463,1,57,Winter,1
38.910868924524955,0.3711957429586509,22.670039291945784,51.62536033398613,28.89692418406221,0.63309829097761,32.321344101432445,1,0.7895021761153926,Normal,29.41339204047968,81.1729038227119,24.34515724551919,76.78576473604963,6.619658554504192,Clean,4.018400646707358,Dry,6,Brown Swiss,Male,Lactating,490,Smallholder,Grazing,3.9651698661515855,0,6,2.099435917754244,0,0,Negative,2.4307695831307874,1.2812947774445553,0,197,Winter,0
39.34209014298986,0.4266275227940619,15.104141078128851,36.771440984815676,12.553949693608223,1.4248926644414561,31.12586124095063,0,0.4144521858399123,Normal,25.319316303752927,57.58304565599869,25.20572130554004,76.02588310267929,7.227917490650039,Clean,2.3074651479211923,Semi-wet,5,Jersey,Female,Dry,392,Commercial,Grazing,13.750484248778816,1,6,4.119780930180899,1,1,Negative,8.754287699864756,3.328549233725379,1,214,Monsoon,1
38.684087244450566,0.5202502689383952,15.422638931912063,34.60779836009234,24.44613842102306,-1.108985069127368,24.35606172717451,1,0.5904913456548047,Normal,21.15576103995886,76.17556795149068,25.378058751350444,106.76678843646529,8.21606597587082,Clean,9.117635614308096,Dry,11,Brown Swiss,Female,Lactating,431,Smallholder,Confined,63.33148177882042,0,7,3.6575277099488903,0,1,Unknown,16.547710061038742,7.664308874826723,1,17,Winter,1
38.17087520926337,0.849492899208304,7.043439175450109,53.17981544453861,25.485997239770153,-1.6141628603457117,30.566060626059578,2,0.05566639280432828,Normal,31.749677090452572,78.86750314420051,8.278442561405125,57.90102702068458,3.0038667699361636,Clean,8.373874816360381,Semi-wet,4,Jersey,Female,Lactating,117,Commercial,Grazing,76.36224638532643,0,1,0.4797319842613812,1,0,Negative,20.62103206697608,1.7456204702344658,1,358,Summer,0
38.60215982163375,0.2110897087302881,22.744581896169194,48.96366956467351,9.645037097846078,-0.6613660843456157,23.773838054674712,1,0.9857676058248134,Normal,28.856574585769135,65.0591423622582,10.75136991371881,143.00561945885084,3.810119131272123,Poor,8.632048461115035,Wet,3,Holstein,Female,Dry,300,Commercial,Mixed,87.0084876899761,1,1,0.858159321996673,1,0,Positive,19.43296016545417,5.1517217392546195,0,199,Monsoon,1
38.253058413116136,0.7195030561892979,24.161295919279546,46.697477679706616,26.791008027443322,-1.65162850932065,29.229143801306144,0,0.8000184814484173,Normal,16.360559026615043,79.16066921831944,23.916230136270528,77.14634956985357,8.132833707171951,Clean,5.518717847451111,Dry,1,Jersey,Male,Lactating,341,Smallholder,Confined,25.146438054622532,1,5,5.450417920309131,0,0,Negative,10.709361065093507,6.750108518935601,1,268,Winter,0
